"","site","bay_code","bay_sample","place_name","latitude","longitude","habitat","date","YYYYMMDD","primary_observer","secondary_observer","start_time","end_time","depth_m","quadrat","macroalgae_cover","diatom_cover","eelgrass_shoots","flowering_shoots","freshwater","sediment_description","general_description","notes"
"1","2017_H_01","SALA","A","Salt Lake Bay",55.672389,-133.377184,"eelgrass","4/29/2017",20170429,"BH","WR",1055,1115,-0.5,1,5,NA,54,0,"stream near one end of transect","fine sand/mud. Lots of clam shells","Gradually sloping back of bay. Eelgrass extensive, pits throughout",NA
"2","2017_H_01","SALA","A","Salt Lake Bay",55.672389,-133.377184,"eelgrass","4/29/2017",20170429,"BH","WR",1055,1115,-0.5,2,0,NA,41,0,"stream near one end of transect","fine sand/mud. Lots of clam shells","Gradually sloping back of bay. Eelgrass extensive, pits throughout",NA
"3","2017_H_01","SALA","A","Salt Lake Bay",55.672389,-133.377184,"eelgrass","4/29/2017",20170429,"BH","WR",1055,1115,-0.5,3,0,NA,59,0,"stream near one end of transect","fine sand/mud. Lots of clam shells","Gradually sloping back of bay. Eelgrass extensive, pits throughout",NA
"4","2017_H_01","SALA","A","Salt Lake Bay",55.672389,-133.377184,"eelgrass","4/29/2017",20170429,"BH","WR",1055,1115,-0.5,4,0,NA,46,0,"stream near one end of transect","fine sand/mud. Lots of clam shells","Gradually sloping back of bay. Eelgrass extensive, pits throughout",NA
"5","2017_H_01","SALA","A","Salt Lake Bay",55.672389,-133.377184,"eelgrass","4/29/2017",20170429,"BH","WR",1055,1115,-0.5,5,0,NA,66,0,"stream near one end of transect","fine sand/mud. Lots of clam shells","Gradually sloping back of bay. Eelgrass extensive, pits throughout",NA
"6","2017_H_01","SALA","A","Salt Lake Bay",55.672389,-133.377184,"eelgrass","4/29/2017",20170429,"BH","WR",1055,1115,-0.5,6,0,NA,60,0,"stream near one end of transect","fine sand/mud. Lots of clam shells","Gradually sloping back of bay. Eelgrass extensive, pits throughout",NA
"7","2017_H_01","SALA","A","Salt Lake Bay",55.672389,-133.377184,"eelgrass","4/29/2017",20170429,"BH","WR",1055,1115,-0.5,7,0,NA,72,0,"stream near one end of transect","fine sand/mud. Lots of clam shells","Gradually sloping back of bay. Eelgrass extensive, pits throughout",NA
"8","2017_H_01","SALA","A","Salt Lake Bay",55.672389,-133.377184,"eelgrass","4/29/2017",20170429,"BH","WR",1055,1115,-0.5,8,0,NA,55,0,"stream near one end of transect","fine sand/mud. Lots of clam shells","Gradually sloping back of bay. Eelgrass extensive, pits throughout",NA
"9","2017_H_02","NOSK","A","Nossuk Bay",55.7073,-133.342,"eelgrass","5/29/2017",20170529,"WR","CM",1135,1205,-0.5,1,0,20,42,0,"one stream","soft mud with shells intermixed. Changes to sand/mud higher. Cobble outcrops around edge of bay","Gently sloping beach with lots of eelgrass extending to 0 MLLW",NA
"10","2017_H_02","NOSK","A","Nossuk Bay",55.7073,-133.342,"eelgrass","5/29/2017",20170529,"WR","CM",1135,1205,-0.5,2,0,30,48,0,"one stream","soft mud with shells intermixed. Changes to sand/mud higher. Cobble outcrops around edge of bay","Gently sloping beach with lots of eelgrass extending to 0 MLLW",NA
"11","2017_H_02","NOSK","A","Nossuk Bay",55.7073,-133.342,"eelgrass","5/29/2017",20170529,"WR","CM",1135,1205,-0.5,3,0,25,79,0,"one stream","soft mud with shells intermixed. Changes to sand/mud higher. Cobble outcrops around edge of bay","Gently sloping beach with lots of eelgrass extending to 0 MLLW",NA
"12","2017_H_02","NOSK","A","Nossuk Bay",55.7073,-133.342,"eelgrass","5/29/2017",20170529,"WR","CM",1135,1205,-0.5,4,0,28,48,0,"one stream","soft mud with shells intermixed. Changes to sand/mud higher. Cobble outcrops around edge of bay","Gently sloping beach with lots of eelgrass extending to 0 MLLW",NA
"13","2017_H_02","NOSK","A","Nossuk Bay",55.7073,-133.342,"eelgrass","5/29/2017",20170529,"WR","CM",1135,1205,-0.5,5,0,24,62,0,"one stream","soft mud with shells intermixed. Changes to sand/mud higher. Cobble outcrops around edge of bay","Gently sloping beach with lots of eelgrass extending to 0 MLLW",NA
"14","2017_H_02","NOSK","A","Nossuk Bay",55.7073,-133.342,"eelgrass","5/29/2017",20170529,"WR","CM",1135,1205,-0.5,6,0,35,69,0,"one stream","soft mud with shells intermixed. Changes to sand/mud higher. Cobble outcrops around edge of bay","Gently sloping beach with lots of eelgrass extending to 0 MLLW","dead c.gracillis"
"15","2017_H_02","NOSK","A","Nossuk Bay",55.7073,-133.342,"eelgrass","5/29/2017",20170529,"WR","CM",1135,1205,-0.5,7,0,98,62,0,"one stream","soft mud with shells intermixed. Changes to sand/mud higher. Cobble outcrops around edge of bay","Gently sloping beach with lots of eelgrass extending to 0 MLLW",NA
"16","2017_H_02","NOSK","A","Nossuk Bay",55.7073,-133.342,"eelgrass","5/29/2017",20170529,"WR","CM",1135,1205,-0.5,8,0,98,80,0,"one stream","soft mud with shells intermixed. Changes to sand/mud higher. Cobble outcrops around edge of bay","Gently sloping beach with lots of eelgrass extending to 0 MLLW",NA
"17","2017_H_03","CHUS","A","Chusini Cove",55.80692,-133.171,"eelgrass","6/25/2017",20170625,"WR","CM",1000,1030,-0.5,1,0,100,45,2,"1 small stream bed mid bay","*nothing written on data sheet* WR recalls very muddy changing almost immediately to gravel cobble high","Very gradual large eelgrass bed. Back of bay with rocky outcrops around with eelgrass inbetween",NA
"18","2017_H_03","CHUS","A","Chusini Cove",55.80692,-133.171,"eelgrass","6/25/2017",20170625,"WR","CM",1000,1030,-0.5,2,0,100,74,1,"1 small stream bed mid bay","*nothing written on data sheet* WR recalls very muddy changing almost immediately to gravel cobble high","Very gradual large eelgrass bed. Back of bay with rocky outcrops around with eelgrass inbetween",NA
"19","2017_H_03","CHUS","A","Chusini Cove",55.80692,-133.171,"eelgrass","6/25/2017",20170625,"WR","CM",1000,1030,-0.5,3,0,100,65,2,"1 small stream bed mid bay","*nothing written on data sheet* WR recalls very muddy changing almost immediately to gravel cobble high","Very gradual large eelgrass bed. Back of bay with rocky outcrops around with eelgrass inbetween",NA
"20","2017_H_03","CHUS","A","Chusini Cove",55.80692,-133.171,"eelgrass","6/25/2017",20170625,"WR","CM",1000,1030,-0.5,4,0,100,60,0,"1 small stream bed mid bay","*nothing written on data sheet* WR recalls very muddy changing almost immediately to gravel cobble high","Very gradual large eelgrass bed. Back of bay with rocky outcrops around with eelgrass inbetween",NA
"21","2017_H_03","CHUS","A","Chusini Cove",55.80692,-133.171,"eelgrass","6/25/2017",20170625,"WR","CM",1000,1030,-0.5,5,0,100,64,3,"1 small stream bed mid bay","*nothing written on data sheet* WR recalls very muddy changing almost immediately to gravel cobble high","Very gradual large eelgrass bed. Back of bay with rocky outcrops around with eelgrass inbetween",NA
"22","2017_H_03","CHUS","A","Chusini Cove",55.80692,-133.171,"eelgrass","6/25/2017",20170625,"WR","CM",1000,1030,-0.5,6,0,100,27,1,"1 small stream bed mid bay","*nothing written on data sheet* WR recalls very muddy changing almost immediately to gravel cobble high","Very gradual large eelgrass bed. Back of bay with rocky outcrops around with eelgrass inbetween",NA
"23","2017_H_03","CHUS","A","Chusini Cove",55.80692,-133.171,"eelgrass","6/25/2017",20170625,"WR","CM",1000,1030,-0.5,7,0,100,33,1,"1 small stream bed mid bay","*nothing written on data sheet* WR recalls very muddy changing almost immediately to gravel cobble high","Very gradual large eelgrass bed. Back of bay with rocky outcrops around with eelgrass inbetween","threespine stickleback"
"24","2017_H_03","CHUS","A","Chusini Cove",55.80692,-133.171,"eelgrass","6/25/2017",20170625,"WR","CM",1000,1030,-0.5,8,0,100,73,2,"1 small stream bed mid bay","*nothing written on data sheet* WR recalls very muddy changing almost immediately to gravel cobble high","Very gradual large eelgrass bed. Back of bay with rocky outcrops around with eelgrass inbetween",NA
"25","2017_H_04","KAGK","A","Kaguk Cove",55.73361,-133.29,"eelgrass","6/24/2017",20170624,"WR","CM",923,1050,-0.61,1,0,100,42,0,"2 small streams","sand/mud with some shells. Some areas of larger sediments where eelgrass density of a bit lower. Higher shore gravel changing to cobble","Back of narrow inlet. Bedrock at entrance. Part of bay has fucus patch in mid intertidal",NA
"26","2017_H_04","KAGK","A","Kaguk Cove",55.73361,-133.29,"eelgrass","6/24/2017",20170624,"WR","CM",923,1050,-0.61,2,0,75,25,0,"2 small streams","sand/mud with some shells. Some areas of larger sediments where eelgrass density of a bit lower. Higher shore gravel changing to cobble","Back of narrow inlet. Bedrock at entrance. Part of bay has fucus patch in mid intertidal",NA
"27","2017_H_04","KAGK","A","Kaguk Cove",55.73361,-133.29,"eelgrass","6/24/2017",20170624,"WR","CM",923,1050,-0.61,3,0,65,35,0,"2 small streams","sand/mud with some shells. Some areas of larger sediments where eelgrass density of a bit lower. Higher shore gravel changing to cobble","Back of narrow inlet. Bedrock at entrance. Part of bay has fucus patch in mid intertidal","Buffalo sculpin"
"28","2017_H_04","KAGK","A","Kaguk Cove",55.73361,-133.29,"eelgrass","6/24/2017",20170624,"WR","CM",923,1050,-0.61,4,0,90,53,0,"2 small streams","sand/mud with some shells. Some areas of larger sediments where eelgrass density of a bit lower. Higher shore gravel changing to cobble","Back of narrow inlet. Bedrock at entrance. Part of bay has fucus patch in mid intertidal",NA
"29","2017_H_04","KAGK","A","Kaguk Cove",55.73361,-133.29,"eelgrass","6/24/2017",20170624,"WR","CM",923,1050,-0.61,5,0,100,62,0,"2 small streams","sand/mud with some shells. Some areas of larger sediments where eelgrass density of a bit lower. Higher shore gravel changing to cobble","Back of narrow inlet. Bedrock at entrance. Part of bay has fucus patch in mid intertidal",NA
"30","2017_H_04","KAGK","A","Kaguk Cove",55.73361,-133.29,"eelgrass","6/24/2017",20170624,"WR","CM",923,1050,-0.61,6,0,100,43,0,"2 small streams","sand/mud with some shells. Some areas of larger sediments where eelgrass density of a bit lower. Higher shore gravel changing to cobble","Back of narrow inlet. Bedrock at entrance. Part of bay has fucus patch in mid intertidal",NA
"31","2017_H_04","KAGK","A","Kaguk Cove",55.73361,-133.29,"eelgrass","6/24/2017",20170624,"WR","CM",923,1050,-0.61,7,0,100,43,0,"2 small streams","sand/mud with some shells. Some areas of larger sediments where eelgrass density of a bit lower. Higher shore gravel changing to cobble","Back of narrow inlet. Bedrock at entrance. Part of bay has fucus patch in mid intertidal","hard to sample because of depth"
"32","2017_H_04","KAGK","A","Kaguk Cove",55.73361,-133.29,"eelgrass","6/24/2017",20170624,"WR","CM",923,1050,-0.61,8,0,100,58,0,"2 small streams","sand/mud with some shells. Some areas of larger sediments where eelgrass density of a bit lower. Higher shore gravel changing to cobble","Back of narrow inlet. Bedrock at entrance. Part of bay has fucus patch in mid intertidal","hard to sample because of depth"
"33","2017_H_05","NAUK","A","Naukati Bay",55.862405,-133.190722,"eelgrass","7/25/2017",20170725,"WR","CM",1030,1110,-0.65,1,0,100,42,2,"no obvious sources","Transect muddy, quickly changes to sand with gravel then to gravel with cobble high","Moderatly sloped beach along straight section of beach. To right of transect near house more gradual slopping and connect to island the transect is on. Some human debris on beach","low visability"
"34","2017_H_05","NAUK","A","Naukati Bay",55.862405,-133.190722,"eelgrass","7/25/2017",20170725,"WR","CM",1030,1110,-0.65,2,0,100,43,0,"no obvious sources","Transect muddy, quickly changes to sand with gravel then to gravel with cobble high","Moderatly sloped beach along straight section of beach. To right of transect near house more gradual slopping and connect to island the transect is on. Some human debris on beach","low visability"
"35","2017_H_05","NAUK","A","Naukati Bay",55.862405,-133.190722,"eelgrass","7/25/2017",20170725,"WR","CM",1030,1110,-0.65,3,0,100,49,1,"no obvious sources","Transect muddy, quickly changes to sand with gravel then to gravel with cobble high","Moderatly sloped beach along straight section of beach. To right of transect near house more gradual slopping and connect to island the transect is on. Some human debris on beach","low visability"
"36","2017_H_05","NAUK","A","Naukati Bay",55.862405,-133.190722,"eelgrass","7/25/2017",20170725,"WR","CM",1030,1110,-0.65,4,0,100,43,0,"no obvious sources","Transect muddy, quickly changes to sand with gravel then to gravel with cobble high","Moderatly sloped beach along straight section of beach. To right of transect near house more gradual slopping and connect to island the transect is on. Some human debris on beach","low visability"
"37","2017_H_05","NAUK","A","Naukati Bay",55.862405,-133.190722,"eelgrass","7/25/2017",20170725,"WR","CM",1030,1110,-0.65,5,0,100,56,1,"no obvious sources","Transect muddy, quickly changes to sand with gravel then to gravel with cobble high","Moderatly sloped beach along straight section of beach. To right of transect near house more gradual slopping and connect to island the transect is on. Some human debris on beach","low visability"
"38","2017_H_05","NAUK","A","Naukati Bay",55.862405,-133.190722,"eelgrass","7/25/2017",20170725,"WR","CM",1030,1110,-0.65,6,0,100,55,0,"no obvious sources","Transect muddy, quickly changes to sand with gravel then to gravel with cobble high","Moderatly sloped beach along straight section of beach. To right of transect near house more gradual slopping and connect to island the transect is on. Some human debris on beach","low visability"
"39","2017_H_05","NAUK","A","Naukati Bay",55.862405,-133.190722,"eelgrass","7/25/2017",20170725,"WR","CM",1030,1110,-0.65,7,0,100,54,0,"no obvious sources","Transect muddy, quickly changes to sand with gravel then to gravel with cobble high","Moderatly sloped beach along straight section of beach. To right of transect near house more gradual slopping and connect to island the transect is on. Some human debris on beach","low visability"
"40","2017_H_05","NAUK","A","Naukati Bay",55.862405,-133.190722,"eelgrass","7/25/2017",20170725,"WR","CM",1030,1110,-0.65,8,0,100,68,1,"no obvious sources","Transect muddy, quickly changes to sand with gravel then to gravel with cobble high","Moderatly sloped beach along straight section of beach. To right of transect near house more gradual slopping and connect to island the transect is on. Some human debris on beach","low visability"
"41","2017_H_06","GUKT","A","Guktu Bay",55.739816,-133.312022,"eelgrass","7/24/2017",20170724,"WR","CM",850,925,-0.7,1,0,90,22,0,"one small stream","muddy. Mud switches to pepple and sand and gravel then gravel high","Gradually slopping beach back of bay. Eeglrass bed farly narrow. Bounded low by steep drop. Sea otter pits very abundant. Lots of clam shells. One rocky outcrop near center of back of bay. Opposite shore mostly cobble.","sea otter pit"
"42","2017_H_06","GUKT","A","Guktu Bay",55.739816,-133.312022,"eelgrass","7/24/2017",20170724,"WR","CM",850,925,-0.7,2,0,99,43,0,"one small stream","muddy. Mud switches to pepple and sand and gravel then gravel high","Gradually slopping beach back of bay. Eeglrass bed farly narrow. Bounded low by steep drop. Sea otter pits very abundant. Lots of clam shells. One rocky outcrop near center of back of bay. Opposite shore mostly cobble.",NA
"43","2017_H_06","GUKT","A","Guktu Bay",55.739816,-133.312022,"eelgrass","7/24/2017",20170724,"WR","CM",850,925,-0.7,3,0,100,82,1,"one small stream","muddy. Mud switches to pepple and sand and gravel then gravel high","Gradually slopping beach back of bay. Eeglrass bed farly narrow. Bounded low by steep drop. Sea otter pits very abundant. Lots of clam shells. One rocky outcrop near center of back of bay. Opposite shore mostly cobble.",NA
"44","2017_H_06","GUKT","A","Guktu Bay",55.739816,-133.312022,"eelgrass","7/24/2017",20170724,"WR","CM",850,925,-0.7,4,0,85,25,0,"one small stream","muddy. Mud switches to pepple and sand and gravel then gravel high","Gradually slopping beach back of bay. Eeglrass bed farly narrow. Bounded low by steep drop. Sea otter pits very abundant. Lots of clam shells. One rocky outcrop near center of back of bay. Opposite shore mostly cobble.",NA
"45","2017_H_06","GUKT","A","Guktu Bay",55.739816,-133.312022,"eelgrass","7/24/2017",20170724,"WR","CM",850,925,-0.7,5,0,98,55,0,"one small stream","muddy. Mud switches to pepple and sand and gravel then gravel high","Gradually slopping beach back of bay. Eeglrass bed farly narrow. Bounded low by steep drop. Sea otter pits very abundant. Lots of clam shells. One rocky outcrop near center of back of bay. Opposite shore mostly cobble.",NA
"46","2017_H_06","GUKT","A","Guktu Bay",55.739816,-133.312022,"eelgrass","7/24/2017",20170724,"WR","CM",850,925,-0.7,6,0,100,63,2,"one small stream","muddy. Mud switches to pepple and sand and gravel then gravel high","Gradually slopping beach back of bay. Eeglrass bed farly narrow. Bounded low by steep drop. Sea otter pits very abundant. Lots of clam shells. One rocky outcrop near center of back of bay. Opposite shore mostly cobble.",NA
"47","2017_H_06","GUKT","A","Guktu Bay",55.739816,-133.312022,"eelgrass","7/24/2017",20170724,"WR","CM",850,925,-0.7,7,0,100,36,1,"one small stream","muddy. Mud switches to pepple and sand and gravel then gravel high","Gradually slopping beach back of bay. Eeglrass bed farly narrow. Bounded low by steep drop. Sea otter pits very abundant. Lots of clam shells. One rocky outcrop near center of back of bay. Opposite shore mostly cobble.",NA
"48","2017_H_06","GUKT","A","Guktu Bay",55.739816,-133.312022,"eelgrass","7/24/2017",20170724,"WR","CM",850,925,-0.7,8,0,100,46,0,"one small stream","muddy. Mud switches to pepple and sand and gravel then gravel high","Gradually slopping beach back of bay. Eeglrass bed farly narrow. Bounded low by steep drop. Sea otter pits very abundant. Lots of clam shells. One rocky outcrop near center of back of bay. Opposite shore mostly cobble.",NA
"49","2017_H_07","BLAQ","A","Blanquizal Point",55.62082,-133.38664,"eelgrass","8/20/2017",20170820,"WR","CM",745,815,-0.52,1,0,15,115,0,"no obvious souces","muddy sand low at transect changing to gravel high. Cobble at edges of transect","Relativley small isolated eelgrass bed. Moderatly sloped. Kelp on edges and in deeper subtidal. Eelgrass wasting samples also collected",NA
"50","2017_H_07","BLAQ","A","Blanquizal Point",55.62082,-133.38664,"eelgrass","8/20/2017",20170820,"WR","CM",745,815,-0.52,2,0,10,121,1,"no obvious souces","muddy sand low at transect changing to gravel high. Cobble at edges of transect","Relativley small isolated eelgrass bed. Moderatly sloped. Kelp on edges and in deeper subtidal. Eelgrass wasting samples also collected",NA
"51","2017_H_07","BLAQ","A","Blanquizal Point",55.62082,-133.38664,"eelgrass","8/20/2017",20170820,"WR","CM",745,815,-0.52,3,0,10,135,0,"no obvious souces","muddy sand low at transect changing to gravel high. Cobble at edges of transect","Relativley small isolated eelgrass bed. Moderatly sloped. Kelp on edges and in deeper subtidal. Eelgrass wasting samples also collected",NA
"52","2017_H_07","BLAQ","A","Blanquizal Point",55.62082,-133.38664,"eelgrass","8/20/2017",20170820,"WR","CM",745,815,-0.52,4,0,10,110,1,"no obvious souces","muddy sand low at transect changing to gravel high. Cobble at edges of transect","Relativley small isolated eelgrass bed. Moderatly sloped. Kelp on edges and in deeper subtidal. Eelgrass wasting samples also collected",NA
"53","2017_H_07","BLAQ","A","Blanquizal Point",55.62082,-133.38664,"eelgrass","8/20/2017",20170820,"WR","CM",745,815,-0.52,5,0,10,98,0,"no obvious souces","muddy sand low at transect changing to gravel high. Cobble at edges of transect","Relativley small isolated eelgrass bed. Moderatly sloped. Kelp on edges and in deeper subtidal. Eelgrass wasting samples also collected",NA
"54","2017_H_07","BLAQ","A","Blanquizal Point",55.62082,-133.38664,"eelgrass","8/20/2017",20170820,"WR","CM",745,815,-0.52,6,0,20,62,0,"no obvious souces","muddy sand low at transect changing to gravel high. Cobble at edges of transect","Relativley small isolated eelgrass bed. Moderatly sloped. Kelp on edges and in deeper subtidal. Eelgrass wasting samples also collected",NA
"55","2017_H_07","BLAQ","A","Blanquizal Point",55.62082,-133.38664,"eelgrass","8/20/2017",20170820,"WR","CM",745,815,-0.52,7,3,25,84,0,"no obvious souces","muddy sand low at transect changing to gravel high. Cobble at edges of transect","Relativley small isolated eelgrass bed. Moderatly sloped. Kelp on edges and in deeper subtidal. Eelgrass wasting samples also collected",NA
"56","2017_H_07","BLAQ","A","Blanquizal Point",55.62082,-133.38664,"eelgrass","8/20/2017",20170820,"WR","CM",745,815,-0.52,8,0,20,77,1,"no obvious souces","muddy sand low at transect changing to gravel high. Cobble at edges of transect","Relativley small isolated eelgrass bed. Moderatly sloped. Kelp on edges and in deeper subtidal. Eelgrass wasting samples also collected",NA
"57","2017_L_01","SODA","A","Soda Bay",55.26366,-132.995,"eelgrass","4/30/2017",20170430,"WR","BH",1149,1210,-0.5,1,0,15,32,0,"no obvious souces","fine sand/mud changing to gravel and cobble high","small embayment with eelgrass throuhgout. Moderatly sloped on edges and gradual in back of bay","low visability"
"58","2017_L_01","SODA","A","Soda Bay",55.26366,-132.995,"eelgrass","4/30/2017",20170430,"WR","BH",1149,1210,-0.5,2,0,20,20,0,"no obvious souces","fine sand/mud changing to gravel and cobble high","small embayment with eelgrass throuhgout. Moderatly sloped on edges and gradual in back of bay","low visability"
"59","2017_L_01","SODA","A","Soda Bay",55.26366,-132.995,"eelgrass","4/30/2017",20170430,"WR","BH",1149,1210,-0.5,3,0,25,19,0,"no obvious souces","fine sand/mud changing to gravel and cobble high","small embayment with eelgrass throuhgout. Moderatly sloped on edges and gradual in back of bay","low visability"
"60","2017_L_01","SODA","A","Soda Bay",55.26366,-132.995,"eelgrass","4/30/2017",20170430,"WR","BH",1149,1210,-0.5,4,0,20,28,0,"no obvious souces","fine sand/mud changing to gravel and cobble high","small embayment with eelgrass throuhgout. Moderatly sloped on edges and gradual in back of bay",NA
"61","2017_L_01","SODA","A","Soda Bay",55.26366,-132.995,"eelgrass","4/30/2017",20170430,"WR","BH",1149,1210,-0.5,5,0,12,33,0,"no obvious souces","fine sand/mud changing to gravel and cobble high","small embayment with eelgrass throuhgout. Moderatly sloped on edges and gradual in back of bay",NA
"62","2017_L_01","SODA","A","Soda Bay",55.26366,-132.995,"eelgrass","4/30/2017",20170430,"WR","BH",1149,1210,-0.5,6,0,5,62,0,"no obvious souces","fine sand/mud changing to gravel and cobble high","small embayment with eelgrass throuhgout. Moderatly sloped on edges and gradual in back of bay",NA
"63","2017_L_01","SODA","A","Soda Bay",55.26366,-132.995,"eelgrass","4/30/2017",20170430,"WR","BH",1149,1210,-0.5,7,0,10,40,0,"no obvious souces","fine sand/mud changing to gravel and cobble high","small embayment with eelgrass throuhgout. Moderatly sloped on edges and gradual in back of bay",NA
"64","2017_L_01","SODA","A","Soda Bay",55.26366,-132.995,"eelgrass","4/30/2017",20170430,"WR","BH",1149,1210,-0.5,8,0,20,53,0,"no obvious souces","fine sand/mud changing to gravel and cobble high","small embayment with eelgrass throuhgout. Moderatly sloped on edges and gradual in back of bay",NA
"65","2017_L_02","GOAT","A","Goats mouth inlet",55.192784,-132.900113,"eelgrass","5/27/2017",20170527,"WR","CM",1012,1040,-0.5,1,2,30,69,1,"two moderate streams near transect","semi-consolidated sand/mud some shells. One end of transect had cobble on top","Gradually sloping beach for all of inlet",NA
"66","2017_L_02","GOAT","A","Goats mouth inlet",55.192784,-132.900113,"eelgrass","5/27/2017",20170527,"WR","CM",1012,1040,-0.5,2,20,20,63,0,"two moderate streams near transect","semi-consolidated sand/mud some shells. One end of transect had cobble on top","Gradually sloping beach for all of inlet",NA
"67","2017_L_02","GOAT","A","Goats mouth inlet",55.192784,-132.900113,"eelgrass","5/27/2017",20170527,"WR","CM",1012,1040,-0.5,3,25,10,80,0,"two moderate streams near transect","semi-consolidated sand/mud some shells. One end of transect had cobble on top","Gradually sloping beach for all of inlet",NA
"68","2017_L_02","GOAT","A","Goats mouth inlet",55.192784,-132.900113,"eelgrass","5/27/2017",20170527,"WR","CM",1012,1040,-0.5,4,12,27,66,0,"two moderate streams near transect","semi-consolidated sand/mud some shells. One end of transect had cobble on top","Gradually sloping beach for all of inlet",NA
"69","2017_L_02","GOAT","A","Goats mouth inlet",55.192784,-132.900113,"eelgrass","5/27/2017",20170527,"WR","CM",1012,1040,-0.5,5,30,22,33,0,"two moderate streams near transect","semi-consolidated sand/mud some shells. One end of transect had cobble on top","Gradually sloping beach for all of inlet","sculpin"
"70","2017_L_02","GOAT","A","Goats mouth inlet",55.192784,-132.900113,"eelgrass","5/27/2017",20170527,"WR","CM",1012,1040,-0.5,6,6,20,53,0,"two moderate streams near transect","semi-consolidated sand/mud some shells. One end of transect had cobble on top","Gradually sloping beach for all of inlet","sculpin"
"71","2017_L_02","GOAT","A","Goats mouth inlet",55.192784,-132.900113,"eelgrass","5/27/2017",20170527,"WR","CM",1012,1040,-0.5,7,10,16,33,0,"two moderate streams near transect","semi-consolidated sand/mud some shells. One end of transect had cobble on top","Gradually sloping beach for all of inlet",NA
"72","2017_L_02","GOAT","A","Goats mouth inlet",55.192784,-132.900113,"eelgrass","5/27/2017",20170527,"WR","CM",1012,1040,-0.5,8,2,15,67,0,"two moderate streams near transect","semi-consolidated sand/mud some shells. One end of transect had cobble on top","Gradually sloping beach for all of inlet","cresent gunnel, clam"
"73","2017_L_03","NPAS","A","North Pass",55.229358,-132.924121,"eelgrass","5/26/2017",20170526,"WR","BH, CM",935,1000,-0.5,1,0,100,10,0,"moderate stream off one end of transect","semi-consolidated mud. Lots of clam shells on surface and just below. Turns to sand/mud then cobble high. Two rocky outcrops high","Fairly linear beach, gradual slope. Lots of clam shell litter ",NA
"74","2017_L_03","NPAS","A","North Pass",55.229358,-132.924121,"eelgrass","5/26/2017",20170526,"WR","BH, CM",935,1000,-0.5,2,0,100,21,0,"moderate stream off one end of transect","semi-consolidated mud. Lots of clam shells on surface and just below. Turns to sand/mud then cobble high. Two rocky outcrops high","Fairly linear beach, gradual slope. Lots of clam shell litter ",NA
"75","2017_L_03","NPAS","A","North Pass",55.229358,-132.924121,"eelgrass","5/26/2017",20170526,"WR","BH, CM",935,1000,-0.5,3,0,80,25,0,"moderate stream off one end of transect","semi-consolidated mud. Lots of clam shells on surface and just below. Turns to sand/mud then cobble high. Two rocky outcrops high","Fairly linear beach, gradual slope. Lots of clam shell litter ",NA
"76","2017_L_03","NPAS","A","North Pass",55.229358,-132.924121,"eelgrass","5/26/2017",20170526,"WR","BH, CM",935,1000,-0.5,4,0,100,30,0,"moderate stream off one end of transect","semi-consolidated mud. Lots of clam shells on surface and just below. Turns to sand/mud then cobble high. Two rocky outcrops high","Fairly linear beach, gradual slope. Lots of clam shell litter ",NA
"77","2017_L_03","NPAS","A","North Pass",55.229358,-132.924121,"eelgrass","5/26/2017",20170526,"WR","BH, CM",935,1000,-0.5,5,0,90,18,0,"moderate stream off one end of transect","semi-consolidated mud. Lots of clam shells on surface and just below. Turns to sand/mud then cobble high. Two rocky outcrops high","Fairly linear beach, gradual slope. Lots of clam shell litter ",NA
"78","2017_L_03","NPAS","A","North Pass",55.229358,-132.924121,"eelgrass","5/26/2017",20170526,"WR","BH, CM",935,1000,-0.5,6,0,100,28,0,"moderate stream off one end of transect","semi-consolidated mud. Lots of clam shells on surface and just below. Turns to sand/mud then cobble high. Two rocky outcrops high","Fairly linear beach, gradual slope. Lots of clam shell litter ",NA
"79","2017_L_03","NPAS","A","North Pass",55.229358,-132.924121,"eelgrass","5/26/2017",20170526,"WR","BH, CM",935,1000,-0.5,7,0,100,33,0,"moderate stream off one end of transect","semi-consolidated mud. Lots of clam shells on surface and just below. Turns to sand/mud then cobble high. Two rocky outcrops high","Fairly linear beach, gradual slope. Lots of clam shell litter ",NA
"80","2017_L_03","NPAS","A","North Pass",55.229358,-132.924121,"eelgrass","5/26/2017",20170526,"WR","BH, CM",935,1000,-0.5,8,0,100,21,0,"moderate stream off one end of transect","semi-consolidated mud. Lots of clam shells on surface and just below. Turns to sand/mud then cobble high. Two rocky outcrops high","Fairly linear beach, gradual slope. Lots of clam shell litter ",NA
"81","2017_L_04","NATZ","A","Natzuhini Bay",55.25051,-132.883,"eelgrass","6/28/2017",20170628,"WR","CM",1142,1215,-0.54,1,0,100,39,0,"small stream plus few tiny streamlets","muddy sand, semi-consolidated shells on top. Lost of shells around -0.3m. Upper shore gradually increases grain size ot gravel and then cobble","Gradually slopping beach 1 small rock outcrop nob thing in middle of bay at mid intertidal",NA
"82","2017_L_04","NATZ","A","Natzuhini Bay",55.25051,-132.883,"eelgrass","6/28/2017",20170628,"WR","CM",1142,1215,-0.54,2,0,97,32,0,"small stream plus few tiny streamlets","muddy sand, semi-consolidated shells on top. Lost of shells around -0.3m. Upper shore gradually increases grain size ot gravel and then cobble","Gradually slopping beach 1 small rock outcrop nob thing in middle of bay at mid intertidal",NA
"83","2017_L_04","NATZ","A","Natzuhini Bay",55.25051,-132.883,"eelgrass","6/28/2017",20170628,"WR","CM",1142,1215,-0.54,3,5,94,37,1,"small stream plus few tiny streamlets","muddy sand, semi-consolidated shells on top. Lost of shells around -0.3m. Upper shore gradually increases grain size ot gravel and then cobble","Gradually slopping beach 1 small rock outcrop nob thing in middle of bay at mid intertidal",NA
"84","2017_L_04","NATZ","A","Natzuhini Bay",55.25051,-132.883,"eelgrass","6/28/2017",20170628,"WR","CM",1142,1215,-0.54,4,0,97,33,0,"small stream plus few tiny streamlets","muddy sand, semi-consolidated shells on top. Lost of shells around -0.3m. Upper shore gradually increases grain size ot gravel and then cobble","Gradually slopping beach 1 small rock outcrop nob thing in middle of bay at mid intertidal",NA
"85","2017_L_04","NATZ","A","Natzuhini Bay",55.25051,-132.883,"eelgrass","6/28/2017",20170628,"WR","CM",1142,1215,-0.54,5,0,90,47,1,"small stream plus few tiny streamlets","muddy sand, semi-consolidated shells on top. Lost of shells around -0.3m. Upper shore gradually increases grain size ot gravel and then cobble","Gradually slopping beach 1 small rock outcrop nob thing in middle of bay at mid intertidal",NA
"86","2017_L_04","NATZ","A","Natzuhini Bay",55.25051,-132.883,"eelgrass","6/28/2017",20170628,"WR","CM",1142,1215,-0.54,6,0,98,37,3,"small stream plus few tiny streamlets","muddy sand, semi-consolidated shells on top. Lost of shells around -0.3m. Upper shore gradually increases grain size ot gravel and then cobble","Gradually slopping beach 1 small rock outcrop nob thing in middle of bay at mid intertidal",NA
"87","2017_L_04","NATZ","A","Natzuhini Bay",55.25051,-132.883,"eelgrass","6/28/2017",20170628,"WR","CM",1142,1215,-0.54,7,0,82,60,0,"small stream plus few tiny streamlets","muddy sand, semi-consolidated shells on top. Lost of shells around -0.3m. Upper shore gradually increases grain size ot gravel and then cobble","Gradually slopping beach 1 small rock outcrop nob thing in middle of bay at mid intertidal",NA
"88","2017_L_04","NATZ","A","Natzuhini Bay",55.25051,-132.883,"eelgrass","6/28/2017",20170628,"WR","CM",1142,1215,-0.54,8,0,95,56,0,"small stream plus few tiny streamlets","muddy sand, semi-consolidated shells on top. Lost of shells around -0.3m. Upper shore gradually increases grain size ot gravel and then cobble","Gradually slopping beach 1 small rock outcrop nob thing in middle of bay at mid intertidal",NA
"89","2017_L_05","DUNB","A","Dunbar Inlet",55.0848,-132.826,"eelgrass","6/27/2017",20170627,"WR","CM",1108,1135,-0.76,1,0,72,63,1,"small groundwater seep","semi-consolidated sand/mud mix, some small cobbles and shells on top","Relativley steep beach with eelgrass extenting up to 0 MLLW. Linear",NA
"90","2017_L_05","DUNB","A","Dunbar Inlet",55.0848,-132.826,"eelgrass","6/27/2017",20170627,"WR","CM",1108,1135,-0.76,2,0,75,62,0,"small groundwater seep","semi-consolidated sand/mud mix, some small cobbles and shells on top","Relativley steep beach with eelgrass extenting up to 0 MLLW. Linear","2 cresent gunnels 1 M. gracilllis"
"91","2017_L_05","DUNB","A","Dunbar Inlet",55.0848,-132.826,"eelgrass","6/27/2017",20170627,"WR","CM",1108,1135,-0.76,3,0,92,62,0,"small groundwater seep","semi-consolidated sand/mud mix, some small cobbles and shells on top","Relativley steep beach with eelgrass extenting up to 0 MLLW. Linear","1 M. gracillis"
"92","2017_L_05","DUNB","A","Dunbar Inlet",55.0848,-132.826,"eelgrass","6/27/2017",20170627,"WR","CM",1108,1135,-0.76,4,0,68,37,0,"small groundwater seep","semi-consolidated sand/mud mix, some small cobbles and shells on top","Relativley steep beach with eelgrass extenting up to 0 MLLW. Linear","1 cresent gunnel"
"93","2017_L_05","DUNB","A","Dunbar Inlet",55.0848,-132.826,"eelgrass","6/27/2017",20170627,"WR","CM",1108,1135,-0.76,5,0,12,50,0,"small groundwater seep","semi-consolidated sand/mud mix, some small cobbles and shells on top","Relativley steep beach with eelgrass extenting up to 0 MLLW. Linear","2  cresent gunnel"
"94","2017_L_05","DUNB","A","Dunbar Inlet",55.0848,-132.826,"eelgrass","6/27/2017",20170627,"WR","CM",1108,1135,-0.76,6,0,20,55,0,"small groundwater seep","semi-consolidated sand/mud mix, some small cobbles and shells on top","Relativley steep beach with eelgrass extenting up to 0 MLLW. Linear",NA
"95","2017_L_05","DUNB","A","Dunbar Inlet",55.0848,-132.826,"eelgrass","6/27/2017",20170627,"WR","CM",1108,1135,-0.76,7,0,25,61,0,"small groundwater seep","semi-consolidated sand/mud mix, some small cobbles and shells on top","Relativley steep beach with eelgrass extenting up to 0 MLLW. Linear",NA
"96","2017_L_05","DUNB","A","Dunbar Inlet",55.0848,-132.826,"eelgrass","6/27/2017",20170627,"WR","CM",1108,1135,-0.76,8,0,40,70,2,"small groundwater seep","semi-consolidated sand/mud mix, some small cobbles and shells on top","Relativley steep beach with eelgrass extenting up to 0 MLLW. Linear",NA
"97","2017_L_06","FARA","A","Farallon Bay",55.19112,-133.105314,"eelgrass","7/23/2017",20170723,"WR","CM",850,920,-0.5,1,0,100,30,0,"2 small streams","semi-consolidated muddy sand with some gravel in some sections. Changes to sand only with gravel and cobble higher. Scatter rocky outccrops.","Small crecsent bay with eelgrass. Some eelgrass starts fairly high (above 0 MLLW). Fair amount of algae around more in areas without eelgrass. Water tannins",NA
"98","2017_L_06","FARA","A","Farallon Bay",55.19112,-133.105314,"eelgrass","7/23/2017",20170723,"WR","CM",850,920,-0.5,2,15,75,36,1,"2 small streams","semi-consolidated muddy sand with some gravel in some sections. Changes to sand only with gravel and cobble higher. Scatter rocky outccrops.","Small crecsent bay with eelgrass. Some eelgrass starts fairly high (above 0 MLLW). Fair amount of algae around more in areas without eelgrass. Water tannins",NA
"99","2017_L_06","FARA","A","Farallon Bay",55.19112,-133.105314,"eelgrass","7/23/2017",20170723,"WR","CM",850,920,-0.5,3,55,45,55,0,"2 small streams","semi-consolidated muddy sand with some gravel in some sections. Changes to sand only with gravel and cobble higher. Scatter rocky outccrops.","Small crecsent bay with eelgrass. Some eelgrass starts fairly high (above 0 MLLW). Fair amount of algae around more in areas without eelgrass. Water tannins",NA
"100","2017_L_06","FARA","A","Farallon Bay",55.19112,-133.105314,"eelgrass","7/23/2017",20170723,"WR","CM",850,920,-0.5,4,100,100,20,0,"2 small streams","semi-consolidated muddy sand with some gravel in some sections. Changes to sand only with gravel and cobble higher. Scatter rocky outccrops.","Small crecsent bay with eelgrass. Some eelgrass starts fairly high (above 0 MLLW). Fair amount of algae around more in areas without eelgrass. Water tannins",NA
"101","2017_L_06","FARA","A","Farallon Bay",55.19112,-133.105314,"eelgrass","7/23/2017",20170723,"WR","CM",850,920,-0.5,5,55,45,54,0,"2 small streams","semi-consolidated muddy sand with some gravel in some sections. Changes to sand only with gravel and cobble higher. Scatter rocky outccrops.","Small crecsent bay with eelgrass. Some eelgrass starts fairly high (above 0 MLLW). Fair amount of algae around more in areas without eelgrass. Water tannins","lots of spirobidae"
"102","2017_L_06","FARA","A","Farallon Bay",55.19112,-133.105314,"eelgrass","7/23/2017",20170723,"WR","CM",850,920,-0.5,6,100,100,82,0,"2 small streams","semi-consolidated muddy sand with some gravel in some sections. Changes to sand only with gravel and cobble higher. Scatter rocky outccrops.","Small crecsent bay with eelgrass. Some eelgrass starts fairly high (above 0 MLLW). Fair amount of algae around more in areas without eelgrass. Water tannins",NA
"103","2017_L_06","FARA","A","Farallon Bay",55.19112,-133.105314,"eelgrass","7/23/2017",20170723,"WR","CM",850,920,-0.5,7,50,25,56,0,"2 small streams","semi-consolidated muddy sand with some gravel in some sections. Changes to sand only with gravel and cobble higher. Scatter rocky outccrops.","Small crecsent bay with eelgrass. Some eelgrass starts fairly high (above 0 MLLW). Fair amount of algae around more in areas without eelgrass. Water tannins",NA
"104","2017_L_06","FARA","A","Farallon Bay",55.19112,-133.105314,"eelgrass","7/23/2017",20170723,"WR","CM",850,920,-0.5,8,75,10,30,0,"2 small streams","semi-consolidated muddy sand with some gravel in some sections. Changes to sand only with gravel and cobble higher. Scatter rocky outccrops.","Small crecsent bay with eelgrass. Some eelgrass starts fairly high (above 0 MLLW). Fair amount of algae around more in areas without eelgrass. Water tannins",NA
"105","2017_L_07","HETA","A","Hetta Cove",55.155625,-132.589934,"eelgrass","7/22/2017",20170722,"WR","CM",750,820,-0.5,1,0,17,62,0,"one large stream","muddy sand with some gravel mixed in at transect. Changes to gravel and cobble high.","Small embayment with rocky outcrops on edges. Large stream at one end of transect. Gradual sloping. Visable (while in water) freshwater lense.",NA
"106","2017_L_07","HETA","A","Hetta Cove",55.155625,-132.589934,"eelgrass","7/22/2017",20170722,"WR","CM",750,820,-0.5,2,10,20,75,2,"one large stream","muddy sand with some gravel mixed in at transect. Changes to gravel and cobble high.","Small embayment with rocky outcrops on edges. Large stream at one end of transect. Gradual sloping. Visable (while in water) freshwater lense.",NA
"107","2017_L_07","HETA","A","Hetta Cove",55.155625,-132.589934,"eelgrass","7/22/2017",20170722,"WR","CM",750,820,-0.5,3,0,50,63,2,"one large stream","muddy sand with some gravel mixed in at transect. Changes to gravel and cobble high.","Small embayment with rocky outcrops on edges. Large stream at one end of transect. Gradual sloping. Visable (while in water) freshwater lense.",NA
"108","2017_L_07","HETA","A","Hetta Cove",55.155625,-132.589934,"eelgrass","7/22/2017",20170722,"WR","CM",750,820,-0.5,4,3,75,74,0,"one large stream","muddy sand with some gravel mixed in at transect. Changes to gravel and cobble high.","Small embayment with rocky outcrops on edges. Large stream at one end of transect. Gradual sloping. Visable (while in water) freshwater lense.",NA
"109","2017_L_07","HETA","A","Hetta Cove",55.155625,-132.589934,"eelgrass","7/22/2017",20170722,"WR","CM",750,820,-0.5,5,0,40,75,0,"one large stream","muddy sand with some gravel mixed in at transect. Changes to gravel and cobble high.","Small embayment with rocky outcrops on edges. Large stream at one end of transect. Gradual sloping. Visable (while in water) freshwater lense.",NA
"110","2017_L_07","HETA","A","Hetta Cove",55.155625,-132.589934,"eelgrass","7/22/2017",20170722,"WR","CM",750,820,-0.5,6,0,80,78,0,"one large stream","muddy sand with some gravel mixed in at transect. Changes to gravel and cobble high.","Small embayment with rocky outcrops on edges. Large stream at one end of transect. Gradual sloping. Visable (while in water) freshwater lense.",NA
"111","2017_L_07","HETA","A","Hetta Cove",55.155625,-132.589934,"eelgrass","7/22/2017",20170722,"WR","CM",750,820,-0.5,7,0,90,79,3,"one large stream","muddy sand with some gravel mixed in at transect. Changes to gravel and cobble high.","Small embayment with rocky outcrops on edges. Large stream at one end of transect. Gradual sloping. Visable (while in water) freshwater lense.",NA
"112","2017_L_07","HETA","A","Hetta Cove",55.155625,-132.589934,"eelgrass","7/22/2017",20170722,"WR","CM",750,820,-0.5,8,0,90,44,2,"one large stream","muddy sand with some gravel mixed in at transect. Changes to gravel and cobble high.","Small embayment with rocky outcrops on edges. Large stream at one end of transect. Gradual sloping. Visable (while in water) freshwater lense.",NA
"113","2017_M_02","NFEI","A","North Fish Egg Island",55.49709,-133.17,"eelgrass","5/24/2017",20170524,"WR","BH",723,800,-0.5,1,0,2,82,0,"two small streams","soft fine grain sand at transect. Changes to gravel cobble high","gentle slopping beach with gentle arc. Small island protect most of site",NA
"114","2017_M_02","NFEI","A","North Fish Egg Island",55.49709,-133.17,"eelgrass","5/24/2017",20170524,"WR","BH",723,800,-0.5,2,0,5,89,0,"two small streams","soft fine grain sand at transect. Changes to gravel cobble high","gentle slopping beach with gentle arc. Small island protect most of site",NA
"115","2017_M_02","NFEI","A","North Fish Egg Island",55.49709,-133.17,"eelgrass","5/24/2017",20170524,"WR","BH",723,800,-0.5,3,0,2,66,0,"two small streams","soft fine grain sand at transect. Changes to gravel cobble high","gentle slopping beach with gentle arc. Small island protect most of site","2 fouled clam shells"
"116","2017_M_02","NFEI","A","North Fish Egg Island",55.49709,-133.17,"eelgrass","5/24/2017",20170524,"WR","BH",723,800,-0.5,4,0,2,94,0,"two small streams","soft fine grain sand at transect. Changes to gravel cobble high","gentle slopping beach with gentle arc. Small island protect most of site","1 c gunnel, 1 helmet crab"
"117","2017_M_02","NFEI","A","North Fish Egg Island",55.49709,-133.17,"eelgrass","5/24/2017",20170524,"WR","BH",723,800,-0.5,5,0,5,108,0,"two small streams","soft fine grain sand at transect. Changes to gravel cobble high","gentle slopping beach with gentle arc. Small island protect most of site",NA
"118","2017_M_02","NFEI","A","North Fish Egg Island",55.49709,-133.17,"eelgrass","5/24/2017",20170524,"WR","BH",723,800,-0.5,6,0,1,124,0,"two small streams","soft fine grain sand at transect. Changes to gravel cobble high","gentle slopping beach with gentle arc. Small island protect most of site","2 c gunnel"
"119","2017_M_02","NFEI","A","North Fish Egg Island",55.49709,-133.17,"eelgrass","5/24/2017",20170524,"WR","BH",723,800,-0.5,7,0,0,82,0,"two small streams","soft fine grain sand at transect. Changes to gravel cobble high","gentle slopping beach with gentle arc. Small island protect most of site","large shoots, 3 spine stickleback"
"120","2017_M_02","NFEI","A","North Fish Egg Island",55.49709,-133.17,"eelgrass","5/24/2017",20170524,"WR","BH",723,800,-0.5,8,0,5,93,0,"two small streams","soft fine grain sand at transect. Changes to gravel cobble high","gentle slopping beach with gentle arc. Small island protect most of site","1 helmet crab, smaller shoots"
"121","2017_M_03","SFEI","A","South Fish Egg Island",55.48442,-133.17549,"eelgrass","5/25/2017",20170525,"BH","WR, CM",837,910,-0.5,1,0,0,67,5,"one stream about 20m from transect","semi-consolidated sand/mud transitioning to cobble","half moon bay filled with eelgrass. Hard substrate on edges with soft in middle. Flowering shoots present around most of site up to at least 0 MLLW",NA
"122","2017_M_03","SFEI","A","South Fish Egg Island",55.48442,-133.17549,"eelgrass","5/25/2017",20170525,"BH","WR, CM",837,910,-0.5,2,0,0,78,2,"one stream about 20m from transect","semi-consolidated sand/mud transitioning to cobble","half moon bay filled with eelgrass. Hard substrate on edges with soft in middle. Flowering shoots present around most of site up to at least 0 MLLW",NA
"123","2017_M_03","SFEI","A","South Fish Egg Island",55.48442,-133.17549,"eelgrass","5/25/2017",20170525,"BH","WR, CM",837,910,-0.5,3,0,0,58,0,"one stream about 20m from transect","semi-consolidated sand/mud transitioning to cobble","half moon bay filled with eelgrass. Hard substrate on edges with soft in middle. Flowering shoots present around most of site up to at least 0 MLLW",NA
"124","2017_M_03","SFEI","A","South Fish Egg Island",55.48442,-133.17549,"eelgrass","5/25/2017",20170525,"BH","WR, CM",837,910,-0.5,4,0,0,61,0,"one stream about 20m from transect","semi-consolidated sand/mud transitioning to cobble","half moon bay filled with eelgrass. Hard substrate on edges with soft in middle. Flowering shoots present around most of site up to at least 0 MLLW",NA
"125","2017_M_03","SFEI","A","South Fish Egg Island",55.48442,-133.17549,"eelgrass","5/25/2017",20170525,"BH","WR, CM",837,910,-0.5,5,0,0,49,0,"one stream about 20m from transect","semi-consolidated sand/mud transitioning to cobble","half moon bay filled with eelgrass. Hard substrate on edges with soft in middle. Flowering shoots present around most of site up to at least 0 MLLW",NA
"126","2017_M_03","SFEI","A","South Fish Egg Island",55.48442,-133.17549,"eelgrass","5/25/2017",20170525,"BH","WR, CM",837,910,-0.5,6,0,0,63,0,"one stream about 20m from transect","semi-consolidated sand/mud transitioning to cobble","half moon bay filled with eelgrass. Hard substrate on edges with soft in middle. Flowering shoots present around most of site up to at least 0 MLLW",NA
"127","2017_M_03","SFEI","A","South Fish Egg Island",55.48442,-133.17549,"eelgrass","5/25/2017",20170525,"BH","WR, CM",837,910,-0.5,7,0,0,78,0,"one stream about 20m from transect","semi-consolidated sand/mud transitioning to cobble","half moon bay filled with eelgrass. Hard substrate on edges with soft in middle. Flowering shoots present around most of site up to at least 0 MLLW",NA
"128","2017_M_03","SFEI","A","South Fish Egg Island",55.48442,-133.17549,"eelgrass","5/25/2017",20170525,"BH","WR, CM",837,910,-0.5,8,0,0,77,2,"one stream about 20m from transect","semi-consolidated sand/mud transitioning to cobble","half moon bay filled with eelgrass. Hard substrate on edges with soft in middle. Flowering shoots present around most of site up to at least 0 MLLW",NA
"129","2017_M_04","SWAD","A","South Wadleigh Island",55.52904,-133.147,"eelgrass","6/22/2017",20170622,"WR","CM",731,805,-0.5,1,0,80,74,2,"some seepage in hight intertidal","soft, sink to mid calf, mud, changed to sand/mud then gravel/cobble as you move up the beach","gradually sloping beach, fairly consistent grade. Start of eeglrass variable but consistent at transect level",NA
"130","2017_M_04","SWAD","A","South Wadleigh Island",55.52904,-133.147,"eelgrass","6/22/2017",20170622,"WR","CM",731,805,-0.5,2,0,90,100,0,"some seepage in hight intertidal","soft, sink to mid calf, mud, changed to sand/mud then gravel/cobble as you move up the beach","gradually sloping beach, fairly consistent grade. Start of eeglrass variable but consistent at transect level",NA
"131","2017_M_04","SWAD","A","South Wadleigh Island",55.52904,-133.147,"eelgrass","6/22/2017",20170622,"WR","CM",731,805,-0.5,3,0,95,93,1,"some seepage in hight intertidal","soft, sink to mid calf, mud, changed to sand/mud then gravel/cobble as you move up the beach","gradually sloping beach, fairly consistent grade. Start of eeglrass variable but consistent at transect level",NA
"132","2017_M_04","SWAD","A","South Wadleigh Island",55.52904,-133.147,"eelgrass","6/22/2017",20170622,"WR","CM",731,805,-0.5,4,0,100,81,1,"some seepage in hight intertidal","soft, sink to mid calf, mud, changed to sand/mud then gravel/cobble as you move up the beach","gradually sloping beach, fairly consistent grade. Start of eeglrass variable but consistent at transect level",NA
"133","2017_M_04","SWAD","A","South Wadleigh Island",55.52904,-133.147,"eelgrass","6/22/2017",20170622,"WR","CM",731,805,-0.5,5,0,100,110,0,"some seepage in hight intertidal","soft, sink to mid calf, mud, changed to sand/mud then gravel/cobble as you move up the beach","gradually sloping beach, fairly consistent grade. Start of eeglrass variable but consistent at transect level","bryazoans on shoots"
"134","2017_M_04","SWAD","A","South Wadleigh Island",55.52904,-133.147,"eelgrass","6/22/2017",20170622,"WR","CM",731,805,-0.5,6,0,100,120,0,"some seepage in hight intertidal","soft, sink to mid calf, mud, changed to sand/mud then gravel/cobble as you move up the beach","gradually sloping beach, fairly consistent grade. Start of eeglrass variable but consistent at transect level","bryazoans on shoots"
"135","2017_M_04","SWAD","A","South Wadleigh Island",55.52904,-133.147,"eelgrass","6/22/2017",20170622,"WR","CM",731,805,-0.5,7,0,100,122,2,"some seepage in hight intertidal","soft, sink to mid calf, mud, changed to sand/mud then gravel/cobble as you move up the beach","gradually sloping beach, fairly consistent grade. Start of eeglrass variable but consistent at transect level","bryazoans on shoots"
"136","2017_M_04","SWAD","A","South Wadleigh Island",55.52904,-133.147,"eelgrass","6/22/2017",20170622,"WR","CM",731,805,-0.5,8,0,100,62,0,"some seepage in hight intertidal","soft, sink to mid calf, mud, changed to sand/mud then gravel/cobble as you move up the beach","gradually sloping beach, fairly consistent grade. Start of eeglrass variable but consistent at transect level","bryazoans on shoots"
"137","2017_M_05","SHIN","A","Shinaku Inlet",55.59929,-133.16,"eelgrass","6/23/2017",20170623,"WR","CM",835,905,-0.5,1,0,100,70,2,"small stream in back of bay","very soft mud at transect changing to sand/mud then to cobble high","Long narrow inlet with eelgrass all around. Bed is consistent throughout",NA
"138","2017_M_05","SHIN","A","Shinaku Inlet",55.59929,-133.16,"eelgrass","6/23/2017",20170623,"WR","CM",835,905,-0.5,2,0,100,56,1,"small stream in back of bay","very soft mud at transect changing to sand/mud then to cobble high","Long narrow inlet with eelgrass all around. Bed is consistent throughout","threespine stickleback"
"139","2017_M_05","SHIN","A","Shinaku Inlet",55.59929,-133.16,"eelgrass","6/23/2017",20170623,"WR","CM",835,905,-0.5,3,0,100,66,1,"small stream in back of bay","very soft mud at transect changing to sand/mud then to cobble high","Long narrow inlet with eelgrass all around. Bed is consistent throughout","threespine stickleback"
"140","2017_M_05","SHIN","A","Shinaku Inlet",55.59929,-133.16,"eelgrass","6/23/2017",20170623,"WR","CM",835,905,-0.5,4,0,100,54,1,"small stream in back of bay","very soft mud at transect changing to sand/mud then to cobble high","Long narrow inlet with eelgrass all around. Bed is consistent throughout","threespine stickleback"
"141","2017_M_05","SHIN","A","Shinaku Inlet",55.59929,-133.16,"eelgrass","6/23/2017",20170623,"WR","CM",835,905,-0.5,5,0,100,82,0,"small stream in back of bay","very soft mud at transect changing to sand/mud then to cobble high","Long narrow inlet with eelgrass all around. Bed is consistent throughout","threespine stickleback"
"142","2017_M_05","SHIN","A","Shinaku Inlet",55.59929,-133.16,"eelgrass","6/23/2017",20170623,"WR","CM",835,905,-0.5,6,0,100,84,0,"small stream in back of bay","very soft mud at transect changing to sand/mud then to cobble high","Long narrow inlet with eelgrass all around. Bed is consistent throughout",NA
"143","2017_M_05","SHIN","A","Shinaku Inlet",55.59929,-133.16,"eelgrass","6/23/2017",20170623,"WR","CM",835,905,-0.5,7,0,100,70,0,"small stream in back of bay","very soft mud at transect changing to sand/mud then to cobble high","Long narrow inlet with eelgrass all around. Bed is consistent throughout",NA
"144","2017_M_05","SHIN","A","Shinaku Inlet",55.59929,-133.16,"eelgrass","6/23/2017",20170623,"WR","CM",835,905,-0.5,8,0,100,50,1,"small stream in back of bay","very soft mud at transect changing to sand/mud then to cobble high","Long narrow inlet with eelgrass all around. Bed is consistent throughout",NA
"145","2017_M_06","TROC","A","Trocadero Bay",55.344914,-133.0011,"eelgrass","8/21/2017",20170821,"WR","CM",800,830,-0.61,1,2,60,88,3,"two streams adjacent to transect","sand, gravel, cobble mix. Changes to cobble and gravel high","Fluvial plain eelgrass throughout, relativlye narrow. About 200m off transect sulfur gas seep in low intertidal, salmon close to transect",NA
"146","2017_M_06","TROC","A","Trocadero Bay",55.344914,-133.0011,"eelgrass","8/21/2017",20170821,"WR","CM",800,830,-0.61,2,10,75,111,2,"two streams adjacent to transect","sand, gravel, cobble mix. Changes to cobble and gravel high","Fluvial plain eelgrass throughout, relativlye narrow. About 200m off transect sulfur gas seep in low intertidal, salmon close to transect",NA
"147","2017_M_06","TROC","A","Trocadero Bay",55.344914,-133.0011,"eelgrass","8/21/2017",20170821,"WR","CM",800,830,-0.61,3,5,15,104,0,"two streams adjacent to transect","sand, gravel, cobble mix. Changes to cobble and gravel high","Fluvial plain eelgrass throughout, relativlye narrow. About 200m off transect sulfur gas seep in low intertidal, salmon close to transect",NA
"148","2017_M_06","TROC","A","Trocadero Bay",55.344914,-133.0011,"eelgrass","8/21/2017",20170821,"WR","CM",800,830,-0.61,4,5,15,156,0,"two streams adjacent to transect","sand, gravel, cobble mix. Changes to cobble and gravel high","Fluvial plain eelgrass throughout, relativlye narrow. About 200m off transect sulfur gas seep in low intertidal, salmon close to transect",NA
"149","2017_M_06","TROC","A","Trocadero Bay",55.344914,-133.0011,"eelgrass","8/21/2017",20170821,"WR","CM",800,830,-0.61,5,5,80,124,1,"two streams adjacent to transect","sand, gravel, cobble mix. Changes to cobble and gravel high","Fluvial plain eelgrass throughout, relativlye narrow. About 200m off transect sulfur gas seep in low intertidal, salmon close to transect",NA
"150","2017_M_06","TROC","A","Trocadero Bay",55.344914,-133.0011,"eelgrass","8/21/2017",20170821,"WR","CM",800,830,-0.61,6,0,100,101,1,"two streams adjacent to transect","sand, gravel, cobble mix. Changes to cobble and gravel high","Fluvial plain eelgrass throughout, relativlye narrow. About 200m off transect sulfur gas seep in low intertidal, salmon close to transect",NA
"151","2017_M_06","TROC","A","Trocadero Bay",55.344914,-133.0011,"eelgrass","8/21/2017",20170821,"WR","CM",800,830,-0.61,7,5,80,160,0,"two streams adjacent to transect","sand, gravel, cobble mix. Changes to cobble and gravel high","Fluvial plain eelgrass throughout, relativlye narrow. About 200m off transect sulfur gas seep in low intertidal, salmon close to transect",NA
"152","2017_M_06","TROC","A","Trocadero Bay",55.344914,-133.0011,"eelgrass","8/21/2017",20170821,"WR","CM",800,830,-0.61,8,0,90,98,0,"two streams adjacent to transect","sand, gravel, cobble mix. Changes to cobble and gravel high","Fluvial plain eelgrass throughout, relativlye narrow. About 200m off transect sulfur gas seep in low intertidal, salmon close to transect",NA
"153","2017_M_07","GARC","A","Garcia Bay",55.552669,-133.431392,"eelgrass","7/26/2017",20170726,"WR","CM",1045,1115,-0.59,1,25,75,44,0,"one moderatly sized stream","muddy sand mixed with gravel and cobble at transect. Changing to course sand with gravel and cobble higher. Two rocky outcrops ""framing back of bay","Gradually slopping beach at back of bay. Lots of shells everywhere that appear old. Eelgrass continuos but some patches rach fairly high i.e. irregraul upper edge","small gunnel"
"154","2017_M_07","GARC","A","Garcia Bay",55.552669,-133.431392,"eelgrass","7/26/2017",20170726,"WR","CM",1045,1115,-0.59,2,0,90,83,0,"one moderatly sized stream","muddy sand mixed with gravel and cobble at transect. Changing to course sand with gravel and cobble higher. Two rocky outcrops ""framing back of bay","Gradually slopping beach at back of bay. Lots of shells everywhere that appear old. Eelgrass continuos but some patches rach fairly high i.e. irregraul upper edge",NA
"155","2017_M_07","GARC","A","Garcia Bay",55.552669,-133.431392,"eelgrass","7/26/2017",20170726,"WR","CM",1045,1115,-0.59,3,0,80,48,0,"one moderatly sized stream","muddy sand mixed with gravel and cobble at transect. Changing to course sand with gravel and cobble higher. Two rocky outcrops ""framing back of bay","Gradually slopping beach at back of bay. Lots of shells everywhere that appear old. Eelgrass continuos but some patches rach fairly high i.e. irregraul upper edge",NA
"156","2017_M_07","GARC","A","Garcia Bay",55.552669,-133.431392,"eelgrass","7/26/2017",20170726,"WR","CM",1045,1115,-0.59,4,0,100,86,0,"one moderatly sized stream","muddy sand mixed with gravel and cobble at transect. Changing to course sand with gravel and cobble higher. Two rocky outcrops ""framing back of bay","Gradually slopping beach at back of bay. Lots of shells everywhere that appear old. Eelgrass continuos but some patches rach fairly high i.e. irregraul upper edge",NA
"157","2017_M_07","GARC","A","Garcia Bay",55.552669,-133.431392,"eelgrass","7/26/2017",20170726,"WR","CM",1045,1115,-0.59,5,0,50,80,0,"one moderatly sized stream","muddy sand mixed with gravel and cobble at transect. Changing to course sand with gravel and cobble higher. Two rocky outcrops ""framing back of bay","Gradually slopping beach at back of bay. Lots of shells everywhere that appear old. Eelgrass continuos but some patches rach fairly high i.e. irregraul upper edge",NA
"158","2017_M_07","GARC","A","Garcia Bay",55.552669,-133.431392,"eelgrass","7/26/2017",20170726,"WR","CM",1045,1115,-0.59,6,0,50,87,0,"one moderatly sized stream","muddy sand mixed with gravel and cobble at transect. Changing to course sand with gravel and cobble higher. Two rocky outcrops ""framing back of bay","Gradually slopping beach at back of bay. Lots of shells everywhere that appear old. Eelgrass continuos but some patches rach fairly high i.e. irregraul upper edge",NA
"159","2017_M_07","GARC","A","Garcia Bay",55.552669,-133.431392,"eelgrass","7/26/2017",20170726,"WR","CM",1045,1115,-0.59,7,0,40,66,0,"one moderatly sized stream","muddy sand mixed with gravel and cobble at transect. Changing to course sand with gravel and cobble higher. Two rocky outcrops ""framing back of bay","Gradually slopping beach at back of bay. Lots of shells everywhere that appear old. Eelgrass continuos but some patches rach fairly high i.e. irregraul upper edge",NA
"160","2017_M_07","GARC","A","Garcia Bay",55.552669,-133.431392,"eelgrass","7/26/2017",20170726,"WR","CM",1045,1115,-0.59,8,0,85,72,0,"one moderatly sized stream","muddy sand mixed with gravel and cobble at transect. Changing to course sand with gravel and cobble higher. Two rocky outcrops ""framing back of bay","Gradually slopping beach at back of bay. Lots of shells everywhere that appear old. Eelgrass continuos but some patches rach fairly high i.e. irregraul upper edge",NA
"161","2017_M_08","REFU","A","Port Refugio",55.282137,-133.334028,"eelgrass","8/22/2017",20170822,"WR","CM",902,930,-0.76,1,0,100,25,1,"many streams in bay, lots of tannins","mostly muddy sand with occasional gravel and sand at transect. Higher becomes more consolidated sand with gravel, cobble and gravel high.","Large gradual sloping bay with eelgrass throughut. Many streams bisect eelgrass throughout. Eelgrass persists in low elevation stream beds. Its Pete's birthday",NA
"162","2017_M_08","REFU","A","Port Refugio",55.282137,-133.334028,"eelgrass","8/22/2017",20170822,"WR","CM",902,930,-0.76,2,0,100,120,0,"many streams in bay, lots of tannins","mostly muddy sand with occasional gravel and sand at transect. Higher becomes more consolidated sand with gravel, cobble and gravel high.","Large gradual sloping bay with eelgrass throughut. Many streams bisect eelgrass throughout. Eelgrass persists in low elevation stream beds. Its Pete's birthday",NA
"163","2017_M_08","REFU","A","Port Refugio",55.282137,-133.334028,"eelgrass","8/22/2017",20170822,"WR","CM",902,930,-0.76,3,0,100,112,0,"many streams in bay, lots of tannins","mostly muddy sand with occasional gravel and sand at transect. Higher becomes more consolidated sand with gravel, cobble and gravel high.","Large gradual sloping bay with eelgrass throughut. Many streams bisect eelgrass throughout. Eelgrass persists in low elevation stream beds. Its Pete's birthday",NA
"164","2017_M_08","REFU","A","Port Refugio",55.282137,-133.334028,"eelgrass","8/22/2017",20170822,"WR","CM",902,930,-0.76,4,30,100,84,0,"many streams in bay, lots of tannins","mostly muddy sand with occasional gravel and sand at transect. Higher becomes more consolidated sand with gravel, cobble and gravel high.","Large gradual sloping bay with eelgrass throughut. Many streams bisect eelgrass throughout. Eelgrass persists in low elevation stream beds. Its Pete's birthday",NA
"165","2017_M_08","REFU","A","Port Refugio",55.282137,-133.334028,"eelgrass","8/22/2017",20170822,"WR","CM",902,930,-0.76,5,5,100,55,0,"many streams in bay, lots of tannins","mostly muddy sand with occasional gravel and sand at transect. Higher becomes more consolidated sand with gravel, cobble and gravel high.","Large gradual sloping bay with eelgrass throughut. Many streams bisect eelgrass throughout. Eelgrass persists in low elevation stream beds. Its Pete's birthday",NA
"166","2017_M_08","REFU","A","Port Refugio",55.282137,-133.334028,"eelgrass","8/22/2017",20170822,"WR","CM",902,930,-0.76,6,15,100,91,0,"many streams in bay, lots of tannins","mostly muddy sand with occasional gravel and sand at transect. Higher becomes more consolidated sand with gravel, cobble and gravel high.","Large gradual sloping bay with eelgrass throughut. Many streams bisect eelgrass throughout. Eelgrass persists in low elevation stream beds. Its Pete's birthday",NA
"167","2017_M_08","REFU","A","Port Refugio",55.282137,-133.334028,"eelgrass","8/22/2017",20170822,"WR","CM",902,930,-0.76,7,30,90,83,0,"many streams in bay, lots of tannins","mostly muddy sand with occasional gravel and sand at transect. Higher becomes more consolidated sand with gravel, cobble and gravel high.","Large gradual sloping bay with eelgrass throughut. Many streams bisect eelgrass throughout. Eelgrass persists in low elevation stream beds. Its Pete's birthday",NA
"168","2017_M_08","REFU","A","Port Refugio",55.282137,-133.334028,"eelgrass","8/22/2017",20170822,"WR","CM",902,930,-0.76,8,25,95,99,0,"many streams in bay, lots of tannins","mostly muddy sand with occasional gravel and sand at transect. Higher becomes more consolidated sand with gravel, cobble and gravel high.","Large gradual sloping bay with eelgrass throughut. Many streams bisect eelgrass throughout. Eelgrass persists in low elevation stream beds. Its Pete's birthday",NA
