plant_ID,quadrat_ID,species,length_mm,weight_g,notes
1,1,Zostera marina,848,,
2,1,Zostera marina,802,,
3,1,Zostera marina,1157,,
4,1,Zostera marina,1398,,
5,1,Zostera marina,1387,,
6,1,Zostera marina,1348,,
7,1,Zostera marina,1111,,
8,1,Zostera marina,1187,,
9,1,Zostera marina,1063,,
10,1,Zostera marina,1149,,
11,1,Zostera marina,1254,,
12,1,Zostera marina,1096,,
13,1,Zostera marina,1313,,
14,1,Zostera marina,1078,,
15,1,Zostera marina,687,,
16,1,Zostera marina,908,,
17,2,Zostera marina,753,,
18,2,Zostera marina,1284,,
19,2,Zostera marina,942,,
20,2,Zostera marina,1251,,
21,2,Zostera marina,1403,,
22,2,Zostera marina,965,,
23,2,Zostera marina,1117,,
24,2,Zostera marina,1572,,
25,2,Zostera marina,1260,,
26,2,Zostera marina,1147,,
27,2,Zostera marina,1137,,
28,2,Zostera marina,823,,
29,2,Zostera marina,1172,,
30,2,Zostera marina,1094,,
31,2,Zostera marina,1245,,
32,3,Zostera marina,995,,
33,3,Zostera marina,1437,,
34,3,Zostera marina,1544,,
35,3,Zostera marina,1252,,
36,3,Zostera marina,1137,,
37,3,Zostera marina,1198,,
38,3,Zostera marina,1181,,
39,3,Zostera marina,1231,,
40,3,Zostera marina,1185,,
41,3,Zostera marina,759,,
42,3,Zostera marina,1162,,
43,3,Zostera marina,1376,,
44,3,Zostera marina,1310,,
45,3,Zostera marina,1037,,
46,3,Zostera marina,879,,
47,4,Zostera marina,1361,,
48,4,Zostera marina,1334,,
49,4,Zostera marina,1386,,
50,4,Zostera marina,1171,,
51,4,Zostera marina,1143,,
52,4,Zostera marina,1100,,
53,4,Zostera marina,1023,,
54,4,Zostera marina,1247,,
55,4,Zostera marina,1158,,
56,4,Zostera marina,1378,,
57,4,Zostera marina,891,,
58,4,Zostera marina,1278,,
59,4,Zostera marina,1305,,
60,4,Zostera marina,937,,
61,4,Zostera marina,1197,,
62,5,Zostera marina,1438,,
63,5,Zostera marina,1481,,
64,5,Zostera marina,1605,,
65,5,Zostera marina,1457,,
66,5,Zostera marina,1328,,
67,5,Zostera marina,1343,,
68,5,Zostera marina,887,,
69,5,Zostera marina,1062,,
70,5,Zostera marina,1464,,
71,5,Zostera marina,1371,,
72,5,Zostera marina,1305,,
73,5,Zostera marina,1447,,
74,5,Zostera marina,1131,,
75,5,Zostera marina,1427,,
76,5,Zostera marina,1502,,
77,6,Zostera marina,299,,
78,6,Zostera marina,584,,
79,6,Zostera marina,352,,
80,6,Zostera marina,481,,
81,6,Zostera marina,504,,
82,6,Zostera marina,591,,
83,6,Zostera marina,320,,
84,6,Zostera marina,272,,
85,6,Zostera marina,433,,
86,6,Zostera marina,500,,
87,6,Zostera marina,652,,
88,6,Zostera marina,463,,
89,6,Zostera marina,687,,
90,6,Zostera marina,439,,
91,6,Zostera marina,503,,
92,6,Zostera marina,469,,
93,7,Zostera marina,749,,
94,7,Zostera marina,674,,
95,7,Zostera marina,622,,
96,7,Zostera marina,543,,
97,7,Zostera marina,657,,
98,7,Zostera marina,701,,
99,7,Zostera marina,619,,
100,7,Zostera marina,697,,
101,7,Zostera marina,652,,
102,7,Zostera marina,446,,
103,7,Zostera marina,408,,
104,7,Zostera marina,732,,
105,7,Zostera marina,616,,
106,7,Zostera marina,418,,
107,7,Zostera marina,433,,
108,8,Zostera marina,592,,
109,8,Zostera marina,494,,
110,8,Zostera marina,448,,
111,8,Zostera marina,501,,
112,8,Zostera marina,718,,
113,8,Zostera marina,569,,
114,8,Zostera marina,432,,
115,8,Zostera marina,529,,
116,8,Zostera marina,641,,
117,8,Zostera marina,515,,
118,8,Zostera marina,478,,
119,8,Zostera marina,493,,
120,8,Zostera marina,404,,
121,8,Zostera marina,273,,
122,8,Zostera marina,407,,
123,9,Zostera marina,666,,
124,9,Zostera marina,492,,
125,9,Zostera marina,529,,
126,9,Zostera marina,509,,
127,9,Zostera marina,314,,
128,9,Zostera marina,501,,
129,9,Zostera marina,572,,
130,9,Zostera marina,463,,
131,9,Zostera marina,637,,
132,9,Zostera marina,277,,
133,9,Zostera marina,323,,
134,9,Zostera marina,385,,
135,9,Zostera marina,293,,
136,9,Zostera marina,336,,
137,9,Zostera marina,307,,
138,9,Zostera marina,354,,
139,10,Zostera marina,664,,
140,10,Zostera marina,328,,
141,10,Zostera marina,479,,
142,10,Zostera marina,434,,
143,10,Zostera marina,482,,
144,10,Zostera marina,536,,
145,10,Zostera marina,637,,
146,10,Zostera marina,455,,
147,10,Zostera marina,513,,
148,10,Zostera marina,682,,
149,10,Zostera marina,534,,
150,10,Zostera marina,625,,
151,10,Zostera marina,486,,
152,10,Zostera marina,522,,
153,10,Zostera marina,408,,
154,11,Zostera marina,532,,
155,11,Zostera marina,363,,
156,11,Zostera marina,390,,
157,11,Zostera marina,589,,
158,11,Zostera marina,721,,
159,11,Zostera marina,445,,
160,11,Zostera marina,263,,
161,11,Zostera marina,583,,
162,11,Zostera marina,624,,
163,11,Zostera marina,505,,
164,11,Zostera marina,456,,
165,11,Zostera marina,283,,
166,11,Zostera marina,666,,
167,11,Zostera marina,493,,
168,11,Zostera marina,339,,
169,12,Zostera marina,776,,
170,12,Zostera marina,782,,
171,12,Zostera marina,680,,
172,12,Zostera marina,634,,
173,12,Zostera marina,570,,
174,12,Zostera marina,500,,
175,12,Zostera marina,570,,
176,12,Zostera marina,670,,
177,12,Zostera marina,650,,
178,12,Zostera marina,832,,
179,12,Zostera marina,660,,
180,12,Zostera marina,508,,
181,12,Zostera marina,484,,
182,12,Zostera marina,664,,
183,12,Zostera marina,376,,
184,13,Zostera marina,690,,
185,13,Zostera marina,751,,
186,13,Zostera marina,654,,
187,13,Zostera marina,481,,
188,13,Zostera marina,600,,
189,13,Zostera marina,582,,
190,13,Zostera marina,523,,
191,13,Zostera marina,664,,
192,13,Zostera marina,754,,
193,13,Zostera marina,670,,
194,13,Zostera marina,492,,
195,13,Zostera marina,364,,
196,13,Zostera marina,470,,
197,13,Zostera marina,578,,
198,13,Zostera marina,692,,
199,14,Zostera marina,617,,
200,14,Zostera marina,523,,
201,14,Zostera marina,723,,
202,14,Zostera marina,455,,
203,14,Zostera marina,671,,
204,14,Zostera marina,769,,
205,14,Zostera marina,461,,
206,14,Zostera marina,182,,
207,14,Zostera marina,368,,
208,14,Zostera marina,511,,
209,14,Zostera marina,295,,
210,14,Zostera marina,515,,
211,14,Zostera marina,580,,
212,14,Zostera marina,423,,
213,14,Zostera marina,629,,
214,15,Zostera marina,468,,
215,15,Zostera marina,401,,
216,15,Zostera marina,410,,
217,15,Zostera marina,352,,
218,15,Zostera marina,222,,
219,15,Zostera marina,581,,
220,15,Zostera marina,653,,
221,15,Zostera marina,379,,
222,15,Zostera marina,504,,
223,15,Zostera marina,214,,
224,15,Zostera marina,528,,
225,15,Zostera marina,423,,
226,15,Zostera marina,462,,
227,15,Zostera marina,537,,
228,15,Zostera marina,307,,
229,17,Zostera marina,742,,
230,17,Zostera marina,815,,
231,17,Zostera marina,865,,
232,17,Zostera marina,1010,,
233,17,Fucus distichus,131,,
234,17,Fucus distichus,100,,
235,17,Fucus distichus,115,,
236,17,Fucus distichus,135,,
237,17,Saccharina latissima,232,,
238,17,Saccharina latissima,181,,
239,18,Agarum clathratum,291,,
240,20,Saccharina latissima,478,,
241,20,Saccharina latissima,498,,
242,20,Saccharina latissima,613,,
243,20,Saccharina latissima,1652,,
244,21,Ptilota serrata,66,,
245,21,Ptilota serrata,60,,
246,21,Neorhodomela aculeata,75,,
247,21,Neorhodomela aculeata,84,,
248,21,Neorhodomela aculeata,80,,
249,21,Neorhodomela aculeata,45,,
250,21,Neorhodomela aculeata,80,,
251,21,Neorhodomela aculeata,164,,
252,21,Neorhodomela aculeata,175,,
253,21,Neorhodomela aculeata,81,,
254,21,Neorhodomela aculeata,87,,
255,21,Neorhodomela aculeata,95,,
256,21,Neorhodomela aculeata,60,,
257,21,Neorhodomela aculeata,103,,
258,21,Neorhodomela aculeata,54,,
259,21,Neorhodomela aculeata,54,,
260,21,Neorhodomela aculeata,99,,
261,21,Palmaria mollis,163,,
262,21,Palmaria mollis,36,,
263,21,Palmaria mollis,114,,
264,21,Palmaria mollis,55,,
265,21,Palmaria mollis,72,,
266,21,Palmaria mollis,34,,
267,21,Palmaria mollis,124,,
268,21,Palmaria mollis,65,,
269,21,Palmaria mollis,83,,
270,21,Palmaria mollis,40,,
271,21,Palmaria mollis,49,,
272,21,Palmaria mollis,25,,
273,21,Palmaria mollis,40,,
274,21,Palmaria mollis,60,,
275,21,Palmaria mollis,72,,
276,21,Microcladia borealis,67,,
277,21,Microcladia borealis,43,,
278,21,Microcladia borealis,50,,
279,21,Microcladia borealis,47,,
280,21,Microcladia borealis,50,,
281,21,Pterosiphonia spp,148,,
282,21,Pterosiphonia spp,47,,
283,22,Ptilota serrata,50,,
284,22,Ptilota serrata,54,,
285,22,Ptilota serrata,43,,
286,22,Ptilota serrata,60,,
287,22,Ptilota serrata,30,,
288,22,Ptilota serrata,41,,
289,22,Ptilota serrata,65,,
290,22,Ptilota serrata,53,,
291,22,Ptilota serrata,32,,
292,22,Ptilota serrata,81,,
293,22,Odonthalia floccosa f. comosa,156,,
294,22,Odonthalia floccosa f. comosa,151,,
295,22,Odonthalia floccosa f. comosa,76,,
296,22,Odonthalia floccosa f. comosa,151,,
297,22,Odonthalia floccosa f. comosa,95,,
298,22,Odonthalia floccosa f. comosa,125,,
299,22,Odonthalia floccosa f. comosa,82,,
300,22,Odonthalia floccosa f. comosa,61,,
301,22,Neorhodomela aculeata,62,,
302,22,Neorhodomela aculeata,55,,
303,22,Neorhodomela aculeata,168,,
304,22,Neorhodomela aculeata,82,,
305,22,Neorhodomela aculeata,95,,
306,22,Neorhodomela aculeata,76,,
307,22,Neorhodomela aculeata,104,,
308,22,Neorhodomela aculeata,42,,
309,22,Neorhodomela aculeata,45,,
310,22,Neorhodomela aculeata,43,,
311,22,Neorhodomela aculeata,46,,
312,22,Neorhodomela aculeata,147,,
313,22,Neorhodomela aculeata,75,,
314,22,Neorhodomela aculeata,175,,
315,22,Neorhodomela aculeata,124,,
316,22,Palmaria mollis,59,,
317,22,Palmaria mollis,111,,
318,22,Palmaria mollis,43,,
319,22,Palmaria mollis,40,,
320,22,Palmaria mollis,164,,
321,22,Palmaria mollis,47,,
322,22,Microcladia borealis,96,,
323,22,Microcladia borealis,75,,
324,22,Microcladia borealis,70,,
325,22,Microcladia borealis,80,,
326,22,Microcladia borealis,62,,
327,22,Pterosiphonia spp,124,,
328,22,Pterosiphonia spp,95,,
329,22,Pterosiphonia spp,56,,
330,22,Pterosiphonia spp,38,,
331,22,Pterosiphonia spp,56,,
332,22,Schizymenia pacifica,237,,
333,22,Schizymenia pacifica,199,,
334,23,Polyneura latissima,40,,
335,23,Polyneura latissima,47,,
336,23,Polyneura latissima,70,,
337,23,Polyneura latissima,61,,
338,23,Polyneura latissima,50,,
339,23,Agarum spp,63,,
340,23,Agarum spp,65,,
341,23,Ptilota serrata,55,,
342,23,Ptilota serrata,45,,
343,23,Pterosiphonia spp,73,,
344,23,Pterosiphonia spp,54,,
345,23,Pterosiphonia spp,40,,
346,23,Pterosiphonia spp,80,,
347,23,Odonthalia floccosa f. comosa,92,,
348,23,Odonthalia floccosa f. comosa,126,,
349,23,Odonthalia floccosa f. comosa,118,,
350,23,Odonthalia floccosa f. comosa,115,,
351,23,Odonthalia floccosa f. comosa,86,,
352,23,Odonthalia floccosa f. comosa,108,,
353,23,Odonthalia floccosa f. comosa,94,,
354,23,Odonthalia floccosa f. comosa,100,,
355,23,Odonthalia floccosa f. comosa,65,,
356,23,Odonthalia floccosa f. comosa,65,,
357,23,Odonthalia floccosa f. comosa,101,,
358,23,Odonthalia floccosa f. comosa,95,,
359,23,Odonthalia floccosa f. comosa,97,,
360,23,Odonthalia floccosa f. comosa,96,,
361,23,Neorhodomela aculeata,121,,
362,23,Neorhodomela aculeata,86,,
363,23,Neorhodomela aculeata,93,,
364,23,Neorhodomela aculeata,220,,
365,23,Neorhodomela aculeata,61,,
366,23,Neorhodomela aculeata,67,,
367,23,Neorhodomela aculeata,101,,
368,23,Neorhodomela aculeata,82,,
369,23,Neorhodomela aculeata,87,,
370,23,Neorhodomela aculeata,60,,
371,23,Neorhodomela aculeata,82,,
372,23,Neorhodomela aculeata,44,,
373,23,Neorhodomela aculeata,109,,
374,23,Neorhodomela aculeata,100,,
375,23,Neorhodomela aculeata,49,,
376,23,Schizymenia pacifica,105,,
377,23,Palmaria mollis,44,,
378,23,Palmaria mollis,78,,
379,24,Microcladia borealis,58,,
380,24,Microcladia borealis,91,,
381,24,Microcladia borealis,82,,
382,24,Microcladia borealis,121,,
383,24,Microcladia borealis,76,,
384,24,Microcladia borealis,81,,
385,24,Microcladia borealis,87,,
386,24,Microcladia borealis,64,,
387,24,Microcladia borealis,66,,
388,24,Microcladia borealis,82,,
389,24,Microcladia borealis,95,,
390,24,Odonthalia floccosa f. comosa,130,,
391,24,Odonthalia floccosa f. comosa,107,,
392,24,Odonthalia floccosa f. comosa,118,,
393,24,Odonthalia floccosa f. comosa,108,,
394,24,Odonthalia floccosa f. comosa,114,,
395,24,Odonthalia floccosa f. comosa,140,,
396,24,Polyneura latissima,44,,
397,24,Palmaria mollis,116,,
398,24,Palmaria mollis,98,,
399,24,Palmaria mollis,66,,
400,24,Palmaria mollis,28,,
401,24,Pterosiphonia spp,96,,
402,24,Pterosiphonia spp,62,,
403,24,Pterosiphonia spp,63,,
404,25,Neorhodomela aculeata,123,,
405,25,Neorhodomela aculeata,168,,
406,25,Neorhodomela aculeata,108,,
407,25,Neorhodomela aculeata,84,,
408,25,Saccharina groenlandica,1065,,
409,25,Saccharina groenlandica,142,,
410,25,Saccharina groenlandica,574,,
411,25,Mazzaella phyllocarpa,38,,
412,25,Mazzaella phyllocarpa,41,,
413,25,Mazzaella phyllocarpa,44,,
414,25,Mazzaella phyllocarpa,24,,
415,25,Palmaria mollis,51,,
416,25,Palmaria mollis,95,,
417,25,Palmaria mollis,144,,
418,25,Palmaria mollis,143,,
419,25,Palmaria mollis,75,,
420,25,Palmaria mollis,63,,
421,25,Palmaria mollis,105,,
422,25,Palmaria mollis,73,,
423,25,Palmaria mollis,110,,
424,25,Palmaria mollis,50,,
425,25,Palmaria hecatensis,105,,
426,25,Palmaria hecatensis,39,,
427,25,Palmaria hecatensis,71,,
428,25,Palmaria hecatensis,32,,
429,25,Pterosiphonia spp,89,,
430,25,Pterosiphonia spp,62,,
431,25,Pterosiphonia spp,157,,
432,25,Pterosiphonia spp,85,,
433,25,Pterosiphonia spp,89,,
434,25,Pterosiphonia spp,90,,
435,25,Pterosiphonia spp,107,,
436,25,Pterosiphonia spp,59,,
437,25,Pterosiphonia spp,57,,
438,26,Zostera marina,1043,,
439,26,Zostera marina,887,,
440,26,Zostera marina,875,,
441,26,Zostera marina,644,,
442,26,Zostera marina,336,,
443,26,Zostera marina,591,,
444,26,Zostera marina,1184,,
445,26,Zostera marina,643,,
446,26,Zostera marina,1085,,
447,26,Zostera marina,700,,
448,26,Zostera marina,948,,
449,26,Zostera marina,701,,
450,26,Zostera marina,388,,
451,26,Zostera marina,734,,
452,26,Zostera marina,768,,
453,26,Zostera marina,493,,
454,27,Zostera marina,553,,
455,27,Zostera marina,825,,
456,27,Zostera marina,982,,
457,27,Zostera marina,317,,
458,27,Zostera marina,674,,
459,27,Zostera marina,695,,
460,27,Zostera marina,351,,
461,27,Zostera marina,881,,
462,27,Zostera marina,479,,
463,27,Zostera marina,709,,
464,27,Zostera marina,398,,
465,27,Zostera marina,587,,
466,27,Zostera marina,507,,
467,27,Zostera marina,944,,
468,27,Zostera marina,247,,
469,27,Zostera marina,516,,
470,27,Zostera marina,548,,
471,28,Zostera marina,1069,,
472,28,Zostera marina,491,,
473,28,Zostera marina,823,,
474,28,Zostera marina,249,,
475,28,Zostera marina,928,,
476,28,Zostera marina,286,,
477,28,Zostera marina,933,,
478,28,Zostera marina,349,,
479,28,Zostera marina,1107,,
480,28,Zostera marina,578,,
481,28,Zostera marina,325,,
482,28,Zostera marina,487,,
483,28,Zostera marina,1045,,
484,28,Zostera marina,563,,
485,28,Zostera marina,572,,
486,28,Zostera marina,1008,,
487,29,Zostera marina,976,,
488,29,Zostera marina,364,,
489,29,Zostera marina,951,,
490,29,Zostera marina,1050,,
491,29,Zostera marina,259,,
492,29,Zostera marina,1106,,
493,29,Zostera marina,332,,
494,29,Zostera marina,451,,
495,29,Zostera marina,743,,
496,29,Zostera marina,628,,
497,29,Zostera marina,687,,
498,29,Zostera marina,927,,
499,29,Zostera marina,373,,
500,29,Zostera marina,314,,
501,29,Zostera marina,1126,,
502,30,Zostera marina,914,,
503,30,Zostera marina,1163,,
504,30,Zostera marina,455,,
505,30,Zostera marina,476,,
506,30,Zostera marina,1015,,
507,30,Zostera marina,991,,
508,30,Zostera marina,817,,
509,30,Zostera marina,580,,
510,30,Zostera marina,374,,
511,30,Zostera marina,891,,
512,30,Zostera marina,342,,
513,30,Zostera marina,883,,
514,30,Zostera marina,721,,
515,30,Zostera marina,903,,
516,30,Zostera marina,278,,
517,31,Saccharina latissima,213,,
518,31,Palmaria hecatensis,222,,
519,31,Palmaria hecatensis,162,,
520,31,Palmaria hecatensis,248,,
521,31,Palmaria hecatensis,139,,
522,31,Palmaria hecatensis,92,,
523,31,Palmaria hecatensis,164,,
524,31,Palmaria hecatensis,53,,
525,31,Neorhodomela aculeata,128,,
526,31,Neorhodomela aculeata,58,,
527,31,Neorhodomela aculeata,71,,
528,31,Neorhodomela aculeata,76,,
529,31,Neorhodomela aculeata,82,,
530,31,Neorhodomela aculeata,80,,
531,31,Neorhodomela aculeata,64,,
532,31,Neorhodomela aculeata,103,,
533,31,Neorhodomela aculeata,184,,
534,31,Neorhodomela aculeata,76,,
535,31,Neorhodomela aculeata,97,,
536,31,Neorhodomela aculeata,91,,
537,31,Neorhodomela aculeata,80,,
538,31,Neorhodomela aculeata,73,,
539,31,Neorhodomela aculeata,77,,
540,31,Pterosiphonia spp,305,,
541,31,Pterosiphonia spp,238,,
542,31,Pterosiphonia spp,203,,
543,31,Pterosiphonia spp,172,,
544,31,Pterosiphonia spp,112,,
545,31,Pterosiphonia spp,160,,
546,31,Pterosiphonia spp,156,,
547,31,Ceramiales (order),109,,
548,32,Saccharina latissima,575,,
549,32,Saccharina latissima,133,,
550,32,Saccharina latissima,108,,
551,32,Palmaria hecatensis,43,,
552,32,Palmaria hecatensis,79,,
553,32,Palmaria hecatensis,23,,
554,32,Chordaria flagelliformis,251,,
555,32,Neorhodomela aculeata,75,,
556,32,Neorhodomela aculeata,58,,
557,32,Neorhodomela aculeata,243,,
558,32,Neorhodomela aculeata,88,,
559,32,Neorhodomela aculeata,125,,
560,32,Ceramiales (order),105,,
561,32,Ceramiales (order),73,,
562,32,Ceramiales (order),134,,
563,32,Pterosiphonia spp,142,,
564,32,Pterosiphonia spp,220,,
565,32,Pterosiphonia spp,161,,
566,32,Pterosiphonia spp,90,,
567,32,Pterosiphonia spp,162,,
568,32,Pterosiphonia spp,195,,
569,32,Pterosiphonia spp,184,,
570,32,Pterosiphonia spp,218,,
571,32,Pterosiphonia spp,79,,
572,32,Pterosiphonia spp,89,,
573,32,Pterosiphonia spp,125,,
574,33,Saccharina latissima,968,,
575,33,Saccharina latissima,523,,
576,33,Saccharina latissima,675,,
577,33,Saccharina latissima,1938,,
578,33,Saccharina latissima,359,,
579,33,Saccharina latissima,772,,
580,33,Sparlingia pertusa,236,,
581,33,Sparlingia pertusa,131,,
582,33,Sparlingia pertusa,142,,
583,33,Desmarestia viridis,320,,
584,33,Desmarestia viridis,483,,
585,33,Desmarestia viridis,407,,
586,33,Desmarestia viridis,194,,
587,33,Neorhodomela aculeata,75,,
588,33,Pterosiphonia spp,168,,
589,33,Pterosiphonia spp,66,,
590,33,Pterosiphonia spp,120,,
591,33,Pterosiphonia spp,111,,
592,33,Pterosiphonia spp,143,,
593,33,Pterosiphonia spp,95,,
594,33,Pterosiphonia spp,94,,
595,33,Pterosiphonia spp,71,,
596,33,Pterosiphonia spp,104,,
597,33,Pterosiphonia spp,62,,
598,34,Polyneura latissima,97,,
599,34,Polyneura latissima,115,,
600,34,Polyneura latissima,123,,
601,34,Polyneura latissima,75,,
602,34,Polyneura latissima,81,,
603,34,Polyneura latissima,107,,
604,34,Polyneura latissima,76,,
605,34,Palmaria hecatensis,175,,
606,34,Palmaria hecatensis,200,,
607,34,Palmaria hecatensis,152,,
608,34,Palmaria hecatensis,93,,
609,34,Palmaria hecatensis,121,,
610,34,Fucus distichus,45,,
611,34,Fucus distichus,41,,
612,34,Mazzaella phyllocarpa,52,,
613,34,Mazzaella phyllocarpa,43,,
614,34,Mazzaella phyllocarpa,41,,
615,34,Mazzaella phyllocarpa,25,,
616,34,Mazzaella phyllocarpa,40,,
617,34,Mazzaella phyllocarpa,48,,
618,34,Mazzaella phyllocarpa,27,,
619,34,Mazzaella phyllocarpa,39,,
620,34,Mazzaella phyllocarpa,29,,
621,34,Pterosiphonia spp,61,,
622,34,Pterosiphonia spp,74,,
623,34,Pterosiphonia spp,59,,
624,34,Neorhodomela aculeata,72,,
625,34,Neorhodomela aculeata,53,,
626,34,Neorhodomela aculeata,56,,
627,34,Neorhodomela aculeata,48,,
628,34,Neorhodomela aculeata,31,,
629,34,Neorhodomela aculeata,34,,
630,34,Neorhodomela aculeata,54,,
631,34,Neorhodomela aculeata,59,,
632,34,Neorhodomela aculeata,40,,
633,34,Neorhodomela aculeata,43,,
634,34,Neorhodomela aculeata,29,,
635,34,Neorhodomela aculeata,40,,
636,34,Cryptosiphonia woodii,97,,
637,34,Cryptosiphonia woodii,87,,
638,35,Saccharina latissima,235,,
639,35,Saccharina latissima,312,,
640,35,Saccharina latissima,232,,
641,35,Saccharina latissima,75,,
642,35,Saccharina latissima,98,,
643,35,Costaria costata,429,,
644,35,Neorhodomela aculeata,110,,
645,35,Neorhodomela aculeata,101,,
646,35,Neorhodomela aculeata,124,,
647,35,Neorhodomela aculeata,55,,
648,35,Neorhodomela aculeata,81,,
649,35,Neorhodomela aculeata,109,,
650,35,Neorhodomela aculeata,72,,
651,35,Neorhodomela aculeata,90,,
652,35,Neorhodomela aculeata,86,,
653,35,Neorhodomela aculeata,142,,
654,35,Neorhodomela aculeata,79,,
655,35,Neorhodomela aculeata,97,,
656,35,Neorhodomela aculeata,64,,
657,35,Neorhodomela aculeata,132,,
658,35,Neorhodomela aculeata,121,,
659,35,Neorhodomela aculeata,137,,
660,35,Neorhodomela aculeata,163,,
661,35,Neorhodomela aculeata,61,,
662,35,Neorhodomela aculeata,94,,
663,35,Pterosiphonia spp,159,,
664,35,Pterosiphonia spp,98,,
665,35,Pterosiphonia spp,101,,
666,35,Pterosiphonia spp,83,,
667,35,Pterosiphonia spp,168,,
668,35,Pterosiphonia spp,83,,
669,35,Pterosiphonia spp,91,,
670,35,Pterosiphonia spp,66,,
671,35,Pterosiphonia spp,78,,
672,35,Pterosiphonia spp,39,,
673,35,Palmaria mollis,92,,
674,35,Palmaria mollis,49,,
675,35,Palmaria mollis,38,,
676,35,Palmaria mollis,71,,
677,35,Palmaria mollis,31,,
678,35,Palmaria mollis,44,,
679,35,Palmaria mollis,62,,
680,35,Palmaria mollis,37,,
681,35,Palmaria mollis,59,,
682,35,Palmaria mollis,57,,
683,35,Palmaria mollis,50,,
684,35,Palmaria mollis,48,,
685,35,Fucus distichus,129,,
686,35,Fucus distichus,40,,
687,35,Cryptosiphonia woodii,85,,
688,35,Neorhodomela larix,75,,
689,35,Neorhodomela larix,84,,
690,35,Neorhodomela larix,92,,
691,35,Neorhodomela larix,95,,
692,35,Neorhodomela larix,45,,
693,35,Neorhodomela larix,51,,
694,35,Neorhodomela larix,37,,
695,35,Neorhodomela larix,86,,
696,35,Neorhodomela larix,113,,
697,35,Neorhodomela larix,63,,
698,35,Neorhodomela larix,84,,
699,35,Neorhodomela larix,73,,
700,35,Neorhodomela larix,131,,
701,35,Neorhodomela larix,61,,
702,35,Neorhodomela larix,93,,
703,35,Neorhodomela larix,52,,
704,36,Saccharina latissima,926,,
705,36,Saccharina latissima,1423,,
706,36,Saccharina latissima,957,,
707,36,Ptilota serrata,128,,
708,36,Ptilota serrata,58,,
709,36,Ptilota serrata,62,,
710,36,Ptilota serrata,84,,
711,36,Ptilota serrata,66,,
712,36,Ptilota serrata,32,,
713,36,Ptilota serrata,35,,
714,36,Ptilota serrata,81,,
715,36,Ptilota serrata,45,,
716,36,Ptilota serrata,103,,
717,36,Neorhodomela aculeata,45,,
718,36,Neorhodomela aculeata,41,,
719,36,Neorhodomela aculeata,32,,
720,36,Neorhodomela aculeata,61,,
721,36,Palmaria mollis,95,,
722,36,Palmaria mollis,54,,
723,37,Saccharina latissima,1184,,
724,37,Saccharina latissima,1041,,
725,37,Saccharina latissima,487,,
726,37,Saccharina latissima,1534,,
727,37,Ptilota serrata,51,,
728,37,Ptilota serrata,45,,
729,37,Ptilota serrata,40,,
730,37,Ptilota serrata,38,,
731,37,Ptilota serrata,32,,
732,37,Ptilota serrata,41,,
733,37,Ptilota serrata,62,,
734,37,Ptilota serrata,21,,
735,37,Ptilota serrata,33,,
736,37,Ptilota serrata,43,,
737,37,Ptilota serrata,42,,
738,38,Halosaccion glandiforme,42,,
739,38,Fucus distichus,131,,
740,38,Fucus distichus,150,,
741,38,Fucus distichus,141,,
742,38,Fucus distichus,220,,
743,38,Fucus distichus,135,,
744,38,Fucus distichus,110,,
745,38,Fucus distichus,110,,
746,38,Fucus distichus,113,,
747,38,Fucus distichus,124,,
748,38,Fucus distichus,121,,
749,38,Fucus distichus,115,,
750,38,Fucus distichus,105,,
751,38,Fucus distichus,100,,
752,38,Fucus distichus,150,,
753,38,Fucus distichus,143,,
754,38,Ptilota serrata,27,,
755,38,Ptilota serrata,36,,
756,38,Ptilota serrata,72,,
757,38,Ptilota serrata,51,,
758,38,Ptilota serrata,42,,
759,38,Ptilota serrata,53,,
760,38,Ptilota serrata,41,,
761,38,Ptilota serrata,37,,
762,38,Microcladia borealis,73,,
763,38,Neorhodomela aculeata,101,,
764,38,Neorhodomela aculeata,90,,
765,38,Neorhodomela aculeata,52,,
766,38,Neorhodomela aculeata,55,,
767,38,Neorhodomela aculeata,66,,
768,38,Neorhodomela aculeata,68,,
769,38,Neorhodomela aculeata,41,,
770,38,Neorhodomela aculeata,58,,
771,38,Neorhodomela aculeata,61,,
772,38,Neorhodomela aculeata,60,,
773,38,Neorhodomela aculeata,63,,
774,38,Neorhodomela aculeata,38,,
775,38,Neorhodomela aculeata,40,,
776,38,Neorhodomela aculeata,91,,
777,38,Palmaria mollis,80,,
778,38,Palmaria mollis,72,,
779,38,Palmaria mollis,50,,
780,38,Palmaria mollis,43,,
781,38,Palmaria mollis,34,,
782,38,Odonthalia floccosa f. comosa,70,,
783,38,Odonthalia floccosa f. comosa,68,,
784,38,Odonthalia floccosa f. comosa,64,,
785,38,Odonthalia floccosa f. comosa,82,,
786,38,Odonthalia floccosa f. comosa,63,,
787,38,Odonthalia floccosa f. comosa,104,,
788,38,Odonthalia floccosa f. comosa,73,,
789,38,Odonthalia floccosa f. comosa,73,,
790,38,Odonthalia floccosa f. comosa,74,,
791,39,Neorhodomela aculeata,185,,
792,39,Neorhodomela aculeata,75,,
793,39,Neorhodomela aculeata,162,,
794,39,Neorhodomela aculeata,91,,
795,39,Neorhodomela aculeata,73,,
796,39,Neorhodomela aculeata,74,,
797,39,Neorhodomela aculeata,58,,
798,39,Neorhodomela aculeata,61,,
799,39,Neorhodomela aculeata,67,,
800,39,Neorhodomela aculeata,91,,
801,39,Neorhodomela aculeata,92,,
802,39,Neorhodomela aculeata,88,,
803,39,Neorhodomela aculeata,71,,
804,39,Neorhodomela aculeata,132,,
805,39,Neorhodomela aculeata,129,,
806,39,Halosaccion glandiforme,40,,
807,39,Halosaccion glandiforme,62,,
808,39,Halosaccion glandiforme,36,,
809,39,Halosaccion glandiforme,30,,
810,39,Halosaccion glandiforme,28,,
811,39,Microcladia borealis,32,,
812,39,Microcladia borealis,48,,
813,39,Microcladia borealis,51,,
814,39,Microcladia borealis,53,,
815,39,Microcladia borealis,56,,
816,39,Microcladia borealis,34,,
817,39,Microcladia borealis,41,,
818,39,Microcladia borealis,62,,
819,39,Microcladia borealis,42,,
820,39,Microcladia borealis,37,,
821,39,Microcladia borealis,40,,
822,39,Microcladia borealis,41,,
823,39,Microcladia borealis,53,,
824,39,Microcladia borealis,54,,
825,39,Microcladia borealis,40,,
826,39,Chondracanthus exasperatus,81,,
827,39,Chondracanthus exasperatus,114,,
828,39,Mazzaella splendens,88,,
829,39,Odonthalia floccosa f. comosa,51,,
830,39,Odonthalia floccosa f. comosa,38,,
831,39,Palmaria mollis,42,,
832,39,Palmaria mollis,43,,
833,39,Palmaria mollis,57,,
834,39,Palmaria mollis,48,,
835,39,Palmaria mollis,47,,
836,39,Palmaria mollis,58,,
837,39,Palmaria mollis,32,,
838,39,Palmaria mollis,72,,
839,39,Palmaria mollis,32,,
840,39,Palmaria mollis,51,,
841,39,Palmaria mollis,39,,
842,40,Saccharina latissima,1290,,
843,40,Saccharina latissima,1352,,
844,40,Saccharina latissima,1170,,
845,41,Zostera marina,981,,
846,41,Zostera marina,1005,,
847,41,Zostera marina,847,,
848,41,Zostera marina,876,,
849,41,Zostera marina,958,,
850,41,Zostera marina,913,,
851,41,Zostera marina,1092,,
852,41,Zostera marina,611,,
853,41,Zostera marina,913,,
854,41,Zostera marina,825,,
855,41,Zostera marina,456,,
856,41,Zostera marina,472,,
857,41,Zostera marina,965,,Flowering
858,41,Zostera marina,1447,,Flowering
859,41,Zostera marina,1519,,Flowering
860,42,Zostera marina,1132,,
861,42,Zostera marina,1034,,
862,42,Zostera marina,1167,,
863,42,Zostera marina,439,,
864,42,Zostera marina,1112,,
865,42,Zostera marina,171,,
866,42,Zostera marina,1097,,
867,42,Zostera marina,988,,
868,42,Zostera marina,1022,,
869,42,Zostera marina,334,,
870,42,Zostera marina,517,,
871,42,Zostera marina,891,,
872,42,Zostera marina,1242,,
873,42,Zostera marina,435,,
874,42,Zostera marina,1000,,
875,42,Zostera marina,378,,
876,43,Zostera marina,698,,
877,43,Zostera marina,1095,,
878,43,Zostera marina,888,,
879,43,Zostera marina,593,,
880,43,Zostera marina,874,,
881,43,Zostera marina,381,,
882,43,Zostera marina,985,,
883,43,Zostera marina,279,,
884,43,Zostera marina,717,,
885,43,Zostera marina,1094,,
886,43,Zostera marina,390,,
887,43,Zostera marina,971,,
888,43,Zostera marina,1001,,
889,43,Zostera marina,985,,
890,43,Zostera marina,667,,
891,44,Zostera marina,1083,,
892,44,Zostera marina,340,,
893,44,Zostera marina,605,,
894,44,Zostera marina,881,,
895,44,Zostera marina,877,,
896,44,Zostera marina,949,,
897,44,Zostera marina,1156,,
898,44,Zostera marina,406,,
899,44,Zostera marina,816,,
900,44,Zostera marina,757,,
901,44,Zostera marina,635,,
902,44,Zostera marina,994,,
903,44,Zostera marina,390,,
904,44,Zostera marina,344,,
905,44,Zostera marina,728,,
906,44,Zostera marina,1011,,
907,45,Zostera marina,443,,
908,45,Zostera marina,1166,,
909,45,Zostera marina,753,,
910,45,Zostera marina,1098,,
911,45,Zostera marina,1331,,
912,45,Zostera marina,1209,,
913,45,Zostera marina,818,,
914,45,Zostera marina,681,,
915,45,Zostera marina,450,,
916,45,Zostera marina,1115,,
917,45,Zostera marina,865,,
918,45,Zostera marina,970,,
919,45,Zostera marina,951,,
920,45,Zostera marina,1024,,
921,45,Zostera marina,839,,
922,46,Zostera marina,511,,
923,46,Zostera marina,670,,
924,46,Zostera marina,584,,
925,46,Zostera marina,287,,
926,46,Zostera marina,319,,
927,46,Zostera marina,755,,
928,46,Zostera marina,479,,
929,46,Zostera marina,176,,
930,46,Zostera marina,402,,
931,46,Zostera marina,256,,
932,46,Zostera marina,612,,
933,46,Zostera marina,283,,
934,46,Zostera marina,651,,
935,46,Zostera marina,374,,
936,46,Zostera marina,491,,
937,47,Zostera marina,622,,
938,47,Zostera marina,719,,
939,47,Zostera marina,610,,
940,47,Zostera marina,315,,
941,47,Zostera marina,452,,
942,47,Zostera marina,316,,
943,47,Zostera marina,234,,
944,47,Zostera marina,587,,
945,47,Zostera marina,475,,
946,47,Zostera marina,538,,
947,47,Zostera marina,342,,
948,47,Zostera marina,637,,
949,47,Zostera marina,482,,
950,47,Zostera marina,539,,
951,47,Zostera marina,270,,
952,47,Zostera marina,253,,
953,47,Zostera marina,584,,
954,47,Zostera marina,519,,
955,48,Zostera marina,769,,
956,48,Zostera marina,522,,
957,48,Zostera marina,493,,
958,48,Zostera marina,861,,
959,48,Zostera marina,243,,
960,48,Zostera marina,681,,
961,48,Zostera marina,671,,
962,48,Zostera marina,663,,
963,48,Zostera marina,537,,
964,48,Zostera marina,510,,
965,48,Zostera marina,486,,
966,48,Zostera marina,231,,
967,48,Zostera marina,582,,
968,48,Zostera marina,632,,
969,48,Zostera marina,679,,
970,48,Zostera marina,352,,
971,48,Zostera marina,187,,
972,48,Zostera marina,255,,
973,49,Zostera marina,641,,
974,49,Zostera marina,437,,
975,49,Zostera marina,825,,
976,49,Zostera marina,653,,
977,49,Zostera marina,491,,
978,49,Zostera marina,770,,
979,49,Zostera marina,380,,
980,49,Zostera marina,632,,
981,49,Zostera marina,465,,
982,49,Zostera marina,237,,
983,49,Zostera marina,521,,
984,49,Zostera marina,579,,
985,49,Zostera marina,443,,
986,49,Zostera marina,384,,
987,49,Zostera marina,618,,
988,49,Zostera marina,347,,
989,50,Zostera marina,635,,
990,50,Zostera marina,291,,
991,50,Zostera marina,373,,
992,50,Zostera marina,500,,
993,50,Zostera marina,484,,
994,50,Zostera marina,856,,
995,50,Zostera marina,582,,
996,50,Zostera marina,661,,
997,50,Zostera marina,473,,
998,50,Zostera marina,738,,
999,50,Zostera marina,317,,
1000,50,Zostera marina,475,,
1001,50,Zostera marina,483,,
1002,50,Zostera marina,570,,
1003,50,Zostera marina,197,,
1004,50,Zostera marina,379,,
1005,50,Zostera marina,592,,
1006,50,Zostera marina,465,,
1007,50,Zostera marina,466,,
1008,50,Zostera marina,440,,
1009,50,Zostera marina,490,,
1010,50,Zostera marina,591,,
1011,50,Zostera marina,589,,
1012,51,Zostera marina,510,,
1013,51,Zostera marina,244,,
1014,51,Zostera marina,505,,
1015,51,Zostera marina,220,,
1016,51,Zostera marina,616,,
1017,51,Zostera marina,515,,
1018,51,Zostera marina,374,,
1019,51,Zostera marina,179,,
1020,51,Zostera marina,334,,
1021,51,Zostera marina,561,,
1022,51,Zostera marina,518,,
1023,51,Zostera marina,230,,
1024,51,Zostera marina,113,,
1025,51,Zostera marina,426,,
1026,51,Zostera marina,343,,
1027,52,Zostera marina,400,,
1028,52,Zostera marina,226,,
1029,52,Zostera marina,205,,
1030,52,Zostera marina,236,,
1031,52,Zostera marina,371,,
1032,52,Zostera marina,225,,
1033,52,Zostera marina,491,,
1034,52,Zostera marina,309,,
1035,52,Zostera marina,115,,
1036,52,Zostera marina,370,,
1037,52,Zostera marina,395,,
1038,52,Zostera marina,244,,
1039,52,Zostera marina,545,,
1040,52,Zostera marina,461,,
1041,52,Zostera marina,203,,
1042,53,Zostera marina,486,,
1043,53,Zostera marina,173,,
1044,53,Zostera marina,432,,
1045,53,Zostera marina,340,,
1046,53,Zostera marina,462,,
1047,53,Zostera marina,316,,
1048,53,Zostera marina,529,,
1049,53,Zostera marina,368,,
1050,53,Zostera marina,426,,
1051,53,Zostera marina,631,,
1052,53,Zostera marina,304,,
1053,53,Zostera marina,292,,
1054,53,Zostera marina,200,,
1055,53,Zostera marina,516,,
1056,53,Zostera marina,217,,
1057,54,Zostera marina,217,,
1058,54,Zostera marina,499,,
1059,54,Zostera marina,454,,
1060,54,Zostera marina,500,,
1061,54,Zostera marina,434,,
1062,54,Zostera marina,531,,
1063,54,Zostera marina,285,,
1064,54,Zostera marina,198,,
1065,54,Zostera marina,481,,
1066,54,Zostera marina,460,,
1067,54,Zostera marina,199,,
1068,54,Zostera marina,338,,
1069,54,Zostera marina,508,,
1070,54,Zostera marina,273,,
1071,54,Zostera marina,574,,
1072,55,Zostera marina,600,,
1073,55,Zostera marina,592,,
1074,55,Zostera marina,234,,
1075,55,Zostera marina,554,,
1076,55,Zostera marina,199,,
1077,55,Zostera marina,594,,
1078,55,Zostera marina,245,,
1079,55,Zostera marina,566,,
1080,55,Zostera marina,274,,
1081,55,Zostera marina,601,,
1082,55,Zostera marina,504,,
1083,55,Zostera marina,374,,
1084,55,Zostera marina,159,,
1085,55,Zostera marina,547,,
1086,55,Zostera marina,396,,
1087,56,Fucus distichus,132,,
1088,56,Fucus distichus,233,,
1089,56,Fucus distichus,220,,
1090,56,Fucus distichus,230,,
1091,56,Fucus distichus,165,,
1092,56,Fucus distichus,245,,
1093,56,Fucus distichus,235,,
1094,56,Fucus distichus,185,,
1095,56,Fucus distichus,145,,
1096,56,Fucus distichus,190,,
1097,56,Fucus distichus,150,,
1098,56,Fucus distichus,130,,
1099,56,Fucus distichus,155,,
1100,56,Fucus distichus,145,,
1101,56,Fucus distichus,205,,
1102,56,Fucus distichus,195,,
1103,57,Fucus distichus,140,,
1104,57,Fucus distichus,240,,
1105,57,Fucus distichus,209,,
1106,57,Fucus distichus,205,,
1107,57,Fucus distichus,210,,
1108,57,Fucus distichus,275,,
1109,57,Fucus distichus,230,,
1110,57,Fucus distichus,105,,
1111,57,Fucus distichus,210,,
1112,57,Fucus distichus,235,,
1113,57,Fucus distichus,205,,
1114,57,Fucus distichus,215,,
1115,57,Fucus distichus,210,,
1116,57,Fucus distichus,185,,
1117,57,Fucus distichus,189,,
1118,57,Fucus distichus,175,,
1119,57,Saccharina latissima,230,,
1120,58,Fucus distichus,230,,
1121,58,Fucus distichus,220,,
1122,58,Fucus distichus,200,,
1123,58,Fucus distichus,120,,
1124,58,Fucus distichus,265,,
1125,58,Fucus distichus,175,,
1126,58,Fucus distichus,155,,
1127,58,Fucus distichus,255,,
1128,58,Fucus distichus,140,,
1129,58,Fucus distichus,160,,
1130,58,Fucus distichus,140,,
1131,58,Fucus distichus,130,,
1132,58,Fucus distichus,230,,
1133,58,Fucus distichus,210,,
1134,58,Fucus distichus,180,,
1135,58,Fucus distichus,235,,
1136,58,Saccharina latissima,280,,
1137,59,Fucus distichus,255,,
1138,59,Fucus distichus,290,,
1139,59,Fucus distichus,250,,
1140,59,Fucus distichus,195,,
1141,59,Fucus distichus,200,,
1142,59,Fucus distichus,210,,
1143,59,Fucus distichus,240,,
1144,59,Fucus distichus,180,,
1145,59,Fucus distichus,205,,
1146,59,Fucus distichus,160,,
1147,59,Fucus distichus,140,,
1148,59,Fucus distichus,150,,
1149,59,Fucus distichus,140,,
1150,59,Fucus distichus,260,,
1151,59,Fucus distichus,145,,
1152,59,Fucus distichus,220,,
1153,59,Saccharina latissima,1160,,
1154,59,Saccharina latissima,480,,
1155,60,Saccharina latissima,180,,
1156,60,Saccharina latissima,50,,
1157,60,Saccharina latissima,60,,
1158,60,Saccharina latissima,40,,
1159,60,Saccharina latissima,65,,
1160,60,Fucus distichus,210,,
1161,60,Fucus distichus,190,,
1162,60,Fucus distichus,140,,
1163,60,Fucus distichus,120,,
1164,60,Fucus distichus,185,,
1165,60,Fucus distichus,285,,
1166,60,Fucus distichus,300,,
1167,60,Fucus distichus,210,,
1168,60,Fucus distichus,150,,
1169,60,Fucus distichus,290,,
1170,60,Fucus distichus,295,,
1171,60,Fucus distichus,135,,
1172,61,Palmaria mollis,55,,
1173,61,Palmaria mollis,40,,
1174,61,Palmaria mollis,38,,
1175,61,Palmaria mollis,32,,
1176,61,Palmaria mollis,30,,
1177,62,Agarum clathratum,471,,Top of blade absent
1178,62,Palmaria hecatensis,52,,
1179,62,Saccharina groenlandica,151,,
1180,63,Saccharina groenlandica,946,,
1181,63,Saccharina groenlandica,938,,
1182,63,Saccharina groenlandica,275,,
1183,63,Palmaria mollis,43,,
1184,63,Palmaria mollis,39,,
1185,63,Palmaria mollis,41,,
1186,63,Palmaria mollis,48,,
1187,64,Saccharina groenlandica,1245,,Top of blade absent
1188,64,Saccharina groenlandica,415,,
1189,64,Agarum clathratum,395,,
1190,65,Saccharina groenlandica,1000,,
1191,65,Saccharina groenlandica,1434,,
1192,65,Saccharina groenlandica,381,,
1193,65,Saccharina groenlandica,976,,
1194,65,Saccharina groenlandica,271,,
1195,66,Saccharina latissima,1767,,
1196,66,Palmaria mollis,105,,
1197,67,Saccharina groenlandica,456,,
1198,67,Saccharina groenlandica,1231,,
1199,68,Agarum clathratum,510,,
1200,68,Saccharina latissima,1415,,
1201,68,Palmaria mollis,56,,
1202,68,Palmaria mollis,46,,
1203,68,Palmaria mollis,31,,
1204,68,Palmaria mollis,26,,
1205,68,Palmaria mollis,29,,
1206,69,Saccharina latissima,832,,
1207,69,Saccharina latissima,1782,,
1208,69,Saccharina groenlandica,1041,,
1209,69,Saccharina groenlandica,250,,
1210,70,Saccharina latissima,2394,,
1211,70,Saccharina latissima,69,,
1212,70,Saccharina latissima,349,,
1213,71,Phyllospadix serrulatus,1498,5.2,
1214,71,Phyllospadix serrulatus,1503,4.7,
1215,71,Phyllospadix serrulatus,1505,6.2,
1216,71,Phyllospadix serrulatus,1473,5.3,
1217,71,Phyllospadix serrulatus,1153,3.6,
1218,71,Phyllospadix serrulatus,1635,7.2,
1219,71,Phyllospadix serrulatus,1512,8.5,
1220,71,Phyllospadix serrulatus,1281,3.4,
1221,71,Phyllospadix serrulatus,840,1.7,
1222,71,Phyllospadix serrulatus,1305,3.6,
1223,71,Phyllospadix serrulatus,1566,5.9,
1224,71,Phyllospadix serrulatus,934,1.7,
1225,71,Phyllospadix serrulatus,1382,7,
1226,71,Phyllospadix serrulatus,1643,7.7,
1227,71,Phyllospadix serrulatus,1549,4.5,
1228,71,Phyllospadix serrulatus,1314,6.3,
1229,71,Phyllospadix serrulatus,1103,2.6,
1230,72,Phyllospadix serrulatus,1405,7.5,
1231,72,Phyllospadix serrulatus,1228,3.7,
1232,72,Phyllospadix serrulatus,1364,5.2,
1233,72,Phyllospadix serrulatus,1156,4.8,
1234,72,Phyllospadix serrulatus,1068,5.5,
1235,72,Phyllospadix serrulatus,1054,6.8,
1236,72,Phyllospadix serrulatus,1364,5,
1237,72,Phyllospadix serrulatus,1054,4.1,
1238,72,Phyllospadix serrulatus,971,3.5,
1239,72,Phyllospadix serrulatus,1684,7.9,
1240,72,Phyllospadix serrulatus,1667,9.4,
1241,72,Phyllospadix serrulatus,1243,4.8,
1242,72,Phyllospadix serrulatus,1171,3.4,
1243,72,Phyllospadix serrulatus,1098,4.4,
1244,72,Phyllospadix serrulatus,974,3.5,
1245,72,Phyllospadix serrulatus,1431,5.6,
1246,73,Phyllospadix serrulatus,1783,6.2,
1247,73,Phyllospadix serrulatus,1452,4.7,
1248,73,Phyllospadix serrulatus,1744,5.2,
1249,73,Phyllospadix serrulatus,1730,8.1,
1250,73,Phyllospadix serrulatus,1293,2.9,
1251,73,Phyllospadix serrulatus,1619,7.6,
1252,73,Phyllospadix serrulatus,1284,4,
1253,73,Phyllospadix serrulatus,1304,5.2,
1254,73,Phyllospadix serrulatus,1391,3.6,
1255,73,Phyllospadix serrulatus,1229,3.7,
1256,73,Phyllospadix serrulatus,1650,5.3,
1257,73,Phyllospadix serrulatus,1674,5.6,
1258,73,Phyllospadix serrulatus,1034,1.7,
1259,73,Phyllospadix serrulatus,1414,4.2,
1260,73,Phyllospadix serrulatus,1549,6.6,
1261,73,Phyllospadix serrulatus,1257,3.6,
1262,74,Phyllospadix serrulatus,1728,12.5,
1263,74,Phyllospadix serrulatus,1439,6.3,
1264,74,Phyllospadix serrulatus,1840,6.1,
1265,74,Phyllospadix serrulatus,1807,7.1,
1266,74,Phyllospadix serrulatus,1595,7.6,
1267,74,Phyllospadix serrulatus,1620,10.4,
1268,74,Phyllospadix serrulatus,1534,5.1,
1269,74,Phyllospadix serrulatus,1617,7.8,
1270,74,Phyllospadix serrulatus,1487,4.5,
1271,74,Phyllospadix serrulatus,1461,4.2,
1272,74,Phyllospadix serrulatus,2084,10.6,
1273,74,Phyllospadix serrulatus,1682,9.1,
1274,74,Phyllospadix serrulatus,956,2.5,
1275,74,Phyllospadix serrulatus,951,2.5,
1276,74,Phyllospadix serrulatus,1137,1.3,
1277,74,Phyllospadix serrulatus,1483,5.5,
1278,74,Phyllospadix serrulatus,1390,4.7,
1279,75,Phyllospadix serrulatus,767,2.6,
1280,75,Phyllospadix serrulatus,1093,4.6,
1281,75,Phyllospadix serrulatus,1074,3.6,
1282,75,Phyllospadix serrulatus,1014,3.8,
1283,75,Phyllospadix serrulatus,1191,5.6,
1284,75,Phyllospadix serrulatus,887,3.8,
1285,75,Phyllospadix serrulatus,1632,6.2,
1286,75,Phyllospadix serrulatus,1165,3.8,
1287,75,Phyllospadix serrulatus,1646,8.4,
1288,75,Phyllospadix serrulatus,1469,5.6,
1289,75,Phyllospadix serrulatus,1321,5.1,
1290,75,Phyllospadix serrulatus,1194,5.6,
1291,75,Phyllospadix serrulatus,1422,6.7,
1292,75,Phyllospadix serrulatus,1473,3.3,
1293,75,Phyllospadix serrulatus,1298,4.8,
1294,76,Stephanocystis geminata,786,,
1295,76,Stephanocystis geminata,633,,
1296,76,Stephanocystis geminata,472,,
1297,76,Stephanocystis geminata,1441,,
1298,76,Neorhodomela aculeata,108,,
1299,76,Neorhodomela aculeata,87,,
1300,76,Neorhodomela aculeata,173,,
1301,76,Neorhodomela aculeata,78,,
1302,76,Neorhodomela aculeata,165,,
1303,76,Neorhodomela aculeata,207,,
1304,76,Neorhodomela aculeata,150,,
1305,76,Neorhodomela aculeata,94,,
1306,76,Neorhodomela aculeata,211,,
1307,76,Neorhodomela aculeata,89,,
1308,76,Neorhodomela aculeata,176,,
1309,76,Neorhodomela aculeata,150,,
1310,76,Neorhodomela aculeata,58,,
1311,76,Neorhodomela aculeata,45,,
1312,76,Neorhodomela aculeata,93,,
1313,76,Neorhodomela aculeata,139,,
1314,76,Neorhodomela aculeata,202,,
1315,76,Neorhodomela aculeata,113,,
1316,76,Neorhodomela aculeata,133,,
1317,76,Neorhodomela aculeata,87,,
1318,76,Neorhodomela aculeata,140,,
1319,76,Neorhodomela aculeata,52,,
1320,76,Neorhodomela aculeata,108,,
1321,76,Neorhodomela aculeata,224,,
1322,76,Neorhodomela aculeata,75,,
1323,76,Neorhodomela aculeata,149,,
1324,76,Neorhodomela aculeata,236,,
1325,76,Neorhodomela aculeata,155,,
1326,76,Neorhodomela aculeata,150,,
1327,76,Neorhodomela aculeata,133,,
1328,76,Desmarestia aculeata,44,,
1329,76,Desmarestia aculeata,98,,
1330,76,Desmarestia aculeata,105,,
1331,77,Dictyosiphon sp,174,,
1332,77,Dictyosiphon sp,119,,
1333,77,Saccharina latissima,5386,177.9,
1334,77,Fucus distichus,123,,
1335,77,Fucus distichus,160,,
1336,77,Fucus distichus,63,,
1337,77,Fucus distichus,59,,
1338,77,Fucus distichus,45,,
1339,77,Fucus distichus,53,,
1340,77,Sparlingia pertusa,203,,
1341,78,Fucus distichus,223,,
1342,78,Fucus distichus,210,,
1343,78,Fucus distichus,290,,
1344,78,Fucus distichus,155,,
1345,78,Fucus distichus,160,,
1346,78,Fucus distichus,206,,
1347,78,Fucus distichus,294,,
1348,78,Fucus distichus,112,,
1349,78,Fucus distichus,174,,
1350,78,Fucus distichus,162,,
1351,78,Fucus distichus,263,,
1352,78,Fucus distichus,190,,
1353,78,Fucus distichus,253,,
1354,78,Fucus distichus,133,,
1355,78,Fucus distichus,240,,
1356,78,Fucus distichus,162,,
1357,78,Fucus distichus,168,,
1358,78,Fucus distichus,235,,
1359,78,Fucus distichus,213,,
1360,78,Fucus distichus,192,,
1361,78,Fucus distichus,138,,
1362,78,Fucus distichus,160,,
1363,78,Fucus distichus,130,,
1364,78,Fucus distichus,241,,
1365,78,Fucus distichus,210,,
1366,78,Fucus distichus,175,,
1367,78,Fucus distichus,250,,
1368,78,Fucus distichus,200,,
1369,78,Fucus distichus,150,,
1370,78,Fucus distichus,215,,
1371,78,Neorhodomela aculeata,236,,
1372,78,Neorhodomela aculeata,182,,
1373,78,Neorhodomela aculeata,91,,
1374,78,Neorhodomela aculeata,194,,
1375,78,Neorhodomela aculeata,130,,
1376,78,Polyneura latissima,104,,
1377,78,Halosaccion glandiforme,31,,
1378,78,Neorhodomela oregana,141,,
1379,79,Constantinea rosa-marina,59,,
1380,79,Saccharina latissima,158,,
1381,79,Saccharina latissima,61,,
1382,79,Schizymena pacifica,55,,
1383,79,Schizymena pacifica,39,,
1384,79,Schizymena pacifica,38,,
1385,79,Schizymena pacifica,57,,
1386,79,Schizymena pacifica,35,,
1387,79,Schizymena pacifica,54,,
1388,79,Chondracanthus exasperatus,91,,
1389,79,Neorhodomela aculeata,175,,
1390,79,Neorhodomela aculeata,118,,
1391,79,Neorhodomela aculeata,92,,
1392,79,Neorhodomela aculeata,63,,
1393,79,Neorhodomela aculeata,168,,
1394,79,Neorhodomela aculeata,140,,
1395,79,Neorhodomela aculeata,51,,
1396,79,Neorhodomela aculeata,48,,
1397,79,Neorhodomela aculeata,148,,
1398,79,Neorhodomela aculeata,132,,
1399,79,Neorhodomela aculeata,224,,
1400,79,Neorhodomela aculeata,124,,
1401,79,Neorhodomela aculeata,91,,
1402,79,Neorhodomela aculeata,240,,
1403,79,Neorhodomela aculeata,132,,
1404,79,Neorhodomela aculeata,193,,
1405,79,Neorhodomela aculeata,117,,
1406,79,Neorhodomela aculeata,113,,
1407,79,Ptilota serrata,78,,
1408,79,Desmarestia aculeata,218,,
1409,79,Neorhodomela aculeata,128,,
1410,79,Neorhodomela aculeata,146,,
1411,79,Neorhodomela aculeata,80,,
1412,79,Neorhodomela aculeata,92,,
1413,79,Neorhodomela aculeata,131,,
1414,79,Neorhodomela aculeata,163,,
1415,79,Neorhodomela aculeata,115,,
1416,79,Neorhodomela aculeata,136,,
1417,79,Neorhodomela aculeata,138,,
1418,79,Neorhodomela aculeata,223,,
1419,79,Neorhodomela aculeata,110,,
1420,79,Neorhodomela aculeata,91,,
1421,79,Stephanocystis geminata,1702,,
1422,79,Stephanocystis geminata,516,,
1423,79,Stephanocystis geminata,1152,,
1424,79,Stephanocystis geminata,1432,,
1425,79,Stephanocystis geminata,1844,,
1426,79,Stephanocystis geminata,550,,
1427,79,Stephanocystis geminata,754,,
1428,80,Saccharina latissima,193,,
1429,80,Neorhodomela aculeata,95,,
1430,80,Neorhodomela aculeata,58,,
1431,80,Neorhodomela aculeata,139,,
1432,80,Fucus distichus,114,,
1433,80,Fucus distichus,122,,
1434,80,Fucus distichus,87,,
1435,80,Fucus distichus,48,,
1436,80,Agarum clathratum,392,,
1437,80,Stephanocystis geminata,541,,
1438,80,Stephanocystis geminata,291,,
1439,80,Stephanocystis geminata,1164,,
1440,80,Stephanocystis geminata,820,,
1441,80,Stephanocystis geminata,1526,,
1442,80,Schizymena pacifica,154,,
1443,80,Schizymena pacifica,171,,
1444,81,Zostera marina,629,,
1445,81,Zostera marina,356,,
1446,81,Zostera marina,915,,
1447,81,Zostera marina,392,,
1448,81,Zostera marina,871,,
1449,81,Zostera marina,712,,
1450,81,Zostera marina,632,,
1451,81,Zostera marina,584,,
1452,81,Zostera marina,387,,
1453,81,Zostera marina,1042,,
1454,81,Zostera marina,405,,
1455,81,Zostera marina,632,,
1456,81,Zostera marina,846,,
1457,81,Zostera marina,591,,
1458,81,Zostera marina,508,,
1459,82,Zostera marina,1097,,
1460,82,Zostera marina,921,,
1461,82,Zostera marina,613,,
1462,82,Zostera marina,559,,
1463,82,Zostera marina,1088,,
1464,82,Zostera marina,926,,
1465,82,Zostera marina,632,,
1466,82,Zostera marina,391,,
1467,82,Zostera marina,896,,
1468,82,Zostera marina,902,,
1469,82,Zostera marina,1105,,
1470,82,Zostera marina,467,,
1471,82,Zostera marina,240,,
1472,82,Zostera marina,177,,
1473,82,Zostera marina,455,,
1474,82,Zostera marina,350,,
1475,82,Fucus distichus,87,,
1476,82,Fucus distichus,66,,
1477,82,Fucus distichus,91,,
1478,82,Fucus distichus,137,,
1479,82,Fucus distichus,90,,
1480,82,Fucus distichus,77,,
1481,82,Fucus distichus,115,,
1482,82,Fucus distichus,153,,
1483,82,Fucus distichus,136,,
1484,82,Fucus distichus,99,,
1485,82,Fucus distichus,71,,
1486,82,Fucus distichus,92,,
1487,82,Fucus distichus,107,,
1488,82,Fucus distichus,43,,
1489,82,Fucus distichus,51,,
1490,82,Fucus distichus,56,,
1491,82,Fucus distichus,59,,
1492,83,Zostera marina,487,,
1493,83,Zostera marina,1431,,
1494,83,Zostera marina,1478,,
1495,83,Zostera marina,811,,
1496,83,Zostera marina,1102,,
1497,83,Zostera marina,1459,,
1498,83,Zostera marina,170,,
1499,83,Zostera marina,1171,,
1500,83,Zostera marina,1321,,
1501,83,Zostera marina,1583,,
1502,83,Zostera marina,1213,,
1503,83,Zostera marina,1073,,
1504,83,Zostera marina,287,,
1505,83,Zostera marina,1345,,
1506,83,Zostera marina,1074,,
1507,83,Fucus distichus,155,,
1508,83,Fucus distichus,132,,
1509,83,Fucus distichus,54,,
1510,83,Fucus distichus,67,,
1511,83,Fucus distichus,51,,
1512,83,Fucus distichus,56,,
1513,83,Fucus distichus,103,,
1514,83,Fucus distichus,97,,
1515,83,Fucus distichus,81,,
1516,83,Fucus distichus,115,,
1517,83,Fucus distichus,191,,
1518,83,Fucus distichus,83,,
1519,83,Fucus distichus,107,,
1520,83,Fucus distichus,84,,
1521,84,Zostera marina,713,,
1522,84,Zostera marina,517,,
1523,84,Zostera marina,1053,,
1524,84,Zostera marina,827,,
1525,84,Zostera marina,949,,
1526,84,Zostera marina,568,,
1527,84,Zostera marina,1066,,
1528,84,Zostera marina,928,,
1529,84,Zostera marina,524,,
1530,84,Zostera marina,226,,
1531,84,Zostera marina,724,,
1532,84,Zostera marina,444,,
1533,84,Zostera marina,583,,
1534,84,Zostera marina,450,,
1535,84,Zostera marina,648,,
1536,85,Zostera marina,926,,
1537,85,Zostera marina,589,,
1538,85,Zostera marina,455,,
1539,85,Zostera marina,324,,
1540,85,Zostera marina,786,,
1541,85,Zostera marina,470,,
1542,85,Zostera marina,432,,
1543,85,Zostera marina,497,,
1544,85,Zostera marina,425,,
1545,85,Zostera marina,623,,
1546,85,Zostera marina,482,,
1547,85,Zostera marina,662,,
1548,85,Zostera marina,407,,
1549,85,Zostera marina,741,,
1550,85,Zostera marina,256,,
1551,86,Zostera marina,775,,
1552,86,Zostera marina,921,,
1553,86,Zostera marina,197,,
1554,86,Zostera marina,685,,
1555,86,Zostera marina,866,,
1556,86,Zostera marina,710,,
1557,86,Zostera marina,356,,
1558,86,Zostera marina,844,,
1559,86,Zostera marina,191,,
1560,86,Zostera marina,720,,
1561,86,Zostera marina,414,,
1562,86,Zostera marina,813,,
1563,86,Zostera marina,610,,
1564,86,Zostera marina,920,,
1565,86,Zostera marina,175,,
1566,86,Chorda filum,71,,
1567,86,Chorda filum,194,,
1568,86,Chorda filum,255,,
1569,86,Chorda filum,251,,
1570,86,Chorda filum,166,,
1571,86,Chorda filum,143,,
1572,86,Chorda filum,240,,
1573,86,Chorda filum,306,,
1574,86,Chorda filum,238,,
1575,86,Chorda filum,80,,
1576,86,Chorda filum,342,,
1577,86,Chorda filum,181,,
1578,86,Chorda filum,82,,
1579,86,Chorda filum,96,,
1580,86,Chorda filum,462,,
1581,87,Zostera marina,1326,,
1582,87,Zostera marina,1366,,
1583,87,Zostera marina,1160,,
1584,87,Zostera marina,1180,,
1585,87,Zostera marina,432,,
1586,87,Zostera marina,1122,,
1587,87,Zostera marina,1062,,
1588,87,Zostera marina,1248,,
1589,87,Zostera marina,1316,,
1590,87,Zostera marina,1309,,
1591,87,Zostera marina,1186,,
1592,87,Zostera marina,1420,,
1593,87,Zostera marina,575,,
1594,87,Zostera marina,998,,
1595,87,Zostera marina,1120,,
1596,88,Zostera marina,499,,
1597,88,Zostera marina,278,,
1598,88,Zostera marina,675,,
1599,88,Zostera marina,778,,
1600,88,Zostera marina,690,,
1601,88,Zostera marina,819,,
1602,88,Zostera marina,775,,
1603,88,Zostera marina,706,,
1604,88,Zostera marina,745,,
1605,88,Zostera marina,791,,
1606,88,Zostera marina,745,,
1607,88,Zostera marina,822,,
1608,88,Zostera marina,740,,
1609,88,Zostera marina,618,,
1610,88,Zostera marina,237,,
1611,88,Chorda filum,1030,,
1612,88,Chorda filum,1996,,
1613,88,Chorda filum,1432,,
1614,88,Chorda filum,580,,
1615,88,Chorda filum,464,,
1616,88,Chorda filum,401,,
1617,88,Chorda filum,862,,
1618,88,Chorda filum,1108,,
1619,88,Chorda filum,742,,
1620,88,Chorda filum,890,,
1621,88,Chorda filum,1012,,
1622,88,Chorda filum,1120,,
1623,88,Chorda filum,706,,
1624,88,Fucus distichus,110,,
1625,89,Zostera marina,1274,,
1626,89,Zostera marina,894,,
1627,89,Zostera marina,1006,,
1628,89,Zostera marina,983,,
1629,89,Zostera marina,1142,,
1630,89,Zostera marina,854,,
1631,89,Zostera marina,803,,
1632,89,Zostera marina,284,,
1633,89,Zostera marina,182,,
1634,89,Zostera marina,965,,
1635,89,Zostera marina,691,,
1636,89,Zostera marina,695,,
1637,89,Zostera marina,1104,,
1638,89,Zostera marina,516,,
1639,89,Zostera marina,915,,
1640,90,Zostera marina,1626,,
1641,90,Zostera marina,1400,,
1642,90,Zostera marina,547,,
1643,90,Zostera marina,1504,,
1644,90,Zostera marina,732,,
1645,90,Zostera marina,1050,,
1646,90,Zostera marina,178,,
1647,90,Zostera marina,1216,,
1648,90,Zostera marina,1215,,
1649,90,Zostera marina,1331,,
1650,90,Zostera marina,1020,,
1651,90,Zostera marina,1431,,
1652,90,Zostera marina,1491,,
1653,90,Zostera marina,835,,
1654,90,Zostera marina,846,,
1655,91,Zostera marina,727,,
1656,91,Zostera marina,912,,
1657,91,Zostera marina,685,,
1658,91,Zostera marina,858,,
1659,91,Zostera marina,653,,
1660,91,Zostera marina,492,,
1661,91,Zostera marina,830,,
1662,91,Zostera marina,674,,
1663,91,Zostera marina,872,,
1664,91,Zostera marina,264,,
1665,91,Zostera marina,373,,
1666,91,Zostera marina,446,,
1667,91,Zostera marina,537,,
1668,91,Zostera marina,705,,
1669,91,Zostera marina,481,,
1670,92,Zostera marina,1504,,
1671,92,Zostera marina,1069,,
1672,92,Zostera marina,1203,,
1673,92,Zostera marina,989,,
1674,92,Zostera marina,864,,
1675,92,Zostera marina,763,,
1676,92,Zostera marina,879,,
1677,92,Zostera marina,925,,
1678,92,Zostera marina,824,,
1679,92,Zostera marina,1023,,
1680,92,Zostera marina,468,,
1681,92,Zostera marina,1013,,
1682,92,Zostera marina,605,,
1683,92,Zostera marina,1127,,
1684,93,Zostera marina,582,,
1685,93,Zostera marina,837,,
1686,93,Zostera marina,843,,
1687,93,Zostera marina,934,,
1688,93,Zostera marina,841,,
1689,93,Zostera marina,1004,,
1690,93,Zostera marina,682,,
1691,93,Zostera marina,192,,
1692,93,Zostera marina,990,,
1693,93,Zostera marina,983,,
1694,93,Zostera marina,996,,
1695,93,Zostera marina,734,,
1696,93,Zostera marina,771,,
1697,93,Zostera marina,1033,,
1698,93,Zostera marina,874,,
1699,94,Zostera marina,1435,,
1700,94,Zostera marina,284,,
1701,94,Zostera marina,233,,
1702,94,Zostera marina,569,,
1703,94,Zostera marina,1184,,
1704,94,Zostera marina,1212,,
1705,94,Zostera marina,1559,,
1706,94,Zostera marina,1728,,
1707,94,Zostera marina,1491,,
1708,94,Zostera marina,204,,
1709,94,Zostera marina,155,,
1710,94,Zostera marina,182,,
1711,94,Zostera marina,1483,,
1712,94,Zostera marina,1189,,
1713,94,Zostera marina,1654,,
1714,95,Zostera marina,1218,,
1715,95,Zostera marina,1101,,
1716,95,Zostera marina,958,,
1717,95,Zostera marina,781,,
1718,95,Zostera marina,720,,
1719,95,Zostera marina,1049,,
1720,95,Zostera marina,781,,
1721,95,Zostera marina,792,,
1722,95,Zostera marina,1009,,
1723,95,Zostera marina,653,,
1724,95,Zostera marina,678,,
1725,95,Zostera marina,924,,
1726,95,Zostera marina,884,,
1727,95,Zostera marina,809,,
1728,95,Zostera marina,1010,,
1729,96,Stephanocystis geminata,640,,
1730,96,Stephanocystis geminata,1060,,
1731,96,Stephanocystis geminata,626,,
1732,96,Stephanocystis geminata,464,,
1733,96,Stephanocystis geminata,164,,
1734,96,Saccharina groenlandica,1601,,
1735,96,Saccharina groenlandica,498,,
1736,97,Zostera marina,502,,
1737,97,Zostera marina,410,,
1738,97,Stephanocystis geminata,422,,
1739,97,Stephanocystis geminata,1030,,
1740,97,Stephanocystis geminata,552,,
1741,97,Stephanocystis geminata,290,,
1742,97,Stephanocystis geminata,304,,
1743,97,Saccharina groenlandica,522,,
1744,97,Saccharina groenlandica,468,,
1745,99,Stephanocystis geminata,656,,
1746,99,Stephanocystis geminata,559,,
1747,99,Stephanocystis geminata,1161,,
1748,99,Stephanocystis geminata,571,,
1749,99,Stephanocystis geminata,902,,
1750,99,Stephanocystis geminata,614,,
1751,99,Stephanocystis geminata,129,,
1752,99,Saccharina groenlandica,560,,
1753,99,Saccharina groenlandica,628,,
1754,100,Saccharina groenlandica,2760,,
1755,100,Stephanocystis geminata,191,,
1756,101,Phyllospadix serrulatus,198,,
1757,101,Phyllospadix serrulatus,620,,
1758,101,Phyllospadix serrulatus,1128,,
1759,101,Phyllospadix serrulatus,672,,
1760,101,Phyllospadix serrulatus,214,,
1761,101,Phyllospadix serrulatus,824,,
1762,101,Phyllospadix serrulatus,266,,
1763,101,Phyllospadix serrulatus,1012,,
1764,101,Phyllospadix serrulatus,1048,,
1765,101,Phyllospadix serrulatus,1246,,
1766,101,Phyllospadix serrulatus,1056,,
1767,101,Phyllospadix serrulatus,942,,
1768,101,Phyllospadix serrulatus,848,,
1769,101,Phyllospadix serrulatus,970,,
1770,101,Phyllospadix serrulatus,738,,
1771,101,Phyllospadix serrulatus,1232,,
1772,101,Phyllospadix serrulatus,988,,
1773,101,Phyllospadix serrulatus,736,,
1774,101,Phyllospadix serrulatus,1208,,
1775,102,Phyllospadix serrulatus,676,,
1776,102,Phyllospadix serrulatus,208,,
1777,102,Zostera marina,218,,
1778,102,Zostera marina,202,,
1779,102,Zostera marina,520,,
1780,102,Zostera marina,572,,
1781,102,Zostera marina,582,,
1782,102,Zostera marina,321,,
1783,102,Zostera marina,490,,
1784,102,Zostera marina,523,,
1785,102,Zostera marina,645,,
1786,102,Zostera marina,142,,
1787,102,Zostera marina,181,,
1788,102,Zostera marina,525,,
1789,102,Zostera marina,475,,
1790,102,Zostera marina,124,,
1791,102,Zostera marina,476,,
1792,102,Zostera marina,233,,
1793,102,Zostera marina,453,,
1794,102,Zostera marina,250,,
1795,102,Zostera marina,515,,
1796,102,Zostera marina,607,,
1797,102,Zostera marina,533,,
1798,102,Zostera marina,541,,
1799,103,Zostera marina,500,,
1800,103,Zostera marina,659,,
1801,103,Zostera marina,322,,
1802,103,Zostera marina,524,,
1803,103,Zostera marina,532,,
1804,103,Zostera marina,185,,
1805,103,Zostera marina,357,,
1806,103,Zostera marina,441,,
1807,103,Zostera marina,173,,
1808,103,Zostera marina,468,,
1809,103,Zostera marina,574,,
1810,103,Zostera marina,113,,
1811,103,Zostera marina,204,,
1812,103,Zostera marina,596,,
1813,103,Zostera marina,486,,
1814,104,Zostera marina,438,,
1815,104,Zostera marina,373,,
1816,104,Zostera marina,335,,
1817,104,Zostera marina,448,,
1818,104,Zostera marina,904,,
1819,104,Zostera marina,642,,
1820,104,Phyllospadix serrulatus,921,,
1821,104,Phyllospadix serrulatus,790,,
1822,104,Phyllospadix serrulatus,585,,
1823,104,Phyllospadix serrulatus,187,,
1824,104,Phyllospadix serrulatus,744,,
1825,104,Phyllospadix serrulatus,850,,
1826,104,Phyllospadix serrulatus,922,,
1827,104,Phyllospadix serrulatus,1020,,
1828,104,Phyllospadix serrulatus,864,,
1829,104,Phyllospadix serrulatus,876,,
1830,104,Phyllospadix serrulatus,835,,
1831,104,Phyllospadix serrulatus,944,,
1832,104,Phyllospadix serrulatus,828,,
1833,105,Phyllospadix serrulatus,996,,
1834,105,Phyllospadix serrulatus,1021,,
1835,105,Phyllospadix serrulatus,716,,
1836,105,Phyllospadix serrulatus,898,,
1837,105,Phyllospadix serrulatus,872,,
1838,105,Phyllospadix serrulatus,910,,
1839,105,Phyllospadix serrulatus,948,,
1840,105,Phyllospadix serrulatus,1020,,
1841,105,Phyllospadix serrulatus,980,,
1842,105,Phyllospadix serrulatus,878,,
1843,105,Phyllospadix serrulatus,1200,,
1844,105,Phyllospadix serrulatus,910,,
1845,105,Phyllospadix serrulatus,958,,
1846,105,Phyllospadix serrulatus,814,,
1847,105,Phyllospadix serrulatus,943,,
1848,105,Phyllospadix serrulatus,398,,
1849,105,Phyllospadix serrulatus,978,,
1850,105,Phyllospadix serrulatus,1004,,
1851,105,Phyllospadix serrulatus,1008,,
1852,105,Phyllospadix serrulatus,956,,
1853,105,Phyllospadix serrulatus,930,,
1854,105,Phyllospadix serrulatus,784,,
1855,105,Phyllospadix serrulatus,224,,
1856,106,Dictyosiphon sp,150,,
1857,106,Neorhodomela aculeata,103,,
1858,106,Neorhodomela aculeata,138,,
1859,106,Neorhodomela aculeata,98,,
1860,106,Neorhodomela aculeata,192,,
1861,106,Neorhodomela aculeata,124,,
1862,106,Neorhodomela aculeata,210,,
1863,106,Stephanocystis geminata,421,,
1864,106,Stephanocystis geminata,332,,
1865,106,Stephanocystis geminata,681,,
1866,106,Stephanocystis geminata,364,,
1867,106,Stephanocystis geminata,551,,
1868,106,Stephanocystis geminata,305,,
1869,106,Stephanocystis geminata,73,,
1870,106,Stephanocystis geminata,552,,
1871,106,Stephanocystis geminata,334,,
1872,106,Stephanocystis geminata,167,,
1873,106,Stephanocystis geminata,495,,
1874,107,Neorhodomela aculeata,69,,
1875,107,Neorhodomela aculeata,280,,
1876,107,Neorhodomela aculeata,391,,
1877,107,Neorhodomela aculeata,60,,
1878,107,Neorhodomela aculeata,98,,
1879,107,Neorhodomela aculeata,96,,
1880,107,Neorhodomela aculeata,111,,
1881,107,Neorhodomela aculeata,361,,
1882,107,Neorhodomela aculeata,60,,
1883,107,Stephanocystis geminata,512,,
1884,107,Stephanocystis geminata,406,,
1885,107,Stephanocystis geminata,596,,
1886,107,Stephanocystis geminata,450,,
1887,107,Stephanocystis geminata,584,,
1888,107,Stephanocystis geminata,432,,
1889,107,Stephanocystis geminata,710,,
1890,107,Stephanocystis geminata,732,,
1891,107,Stephanocystis geminata,552,,
1892,107,Stephanocystis geminata,360,,
1893,107,Stephanocystis geminata,390,,
1894,108,Neorhodomela aculeata,220,,
1895,108,Neorhodomela aculeata,335,,
1896,108,Neorhodomela aculeata,151,,
1897,108,Neorhodomela aculeata,220,,
1898,108,Neorhodomela aculeata,144,,
1899,108,Neorhodomela aculeata,125,,
1900,108,Neorhodomela aculeata,157,,
1901,108,Neorhodomela aculeata,145,,
1902,108,Stephanocystis geminata,749,,
1903,108,Stephanocystis geminata,640,,
1904,108,Stephanocystis geminata,341,,
1905,108,Stephanocystis geminata,1168,,
1906,108,Stephanocystis geminata,456,,
1907,108,Stephanocystis geminata,602,,
1908,108,Stephanocystis geminata,648,,
1909,108,Stephanocystis geminata,230,,
1910,108,Stephanocystis geminata,428,,
1911,108,Stephanocystis geminata,918,,
1912,108,Stephanocystis geminata,542,,
1913,108,Stephanocystis geminata,270,,
1914,108,Stephanocystis geminata,352,,
1915,108,Stephanocystis geminata,658,,
1916,108,Stephanocystis geminata,306,,
1917,109,Neorhodomela aculeata,301,,
1918,109,Neorhodomela aculeata,226,,
1919,109,Neorhodomela aculeata,153,,
1920,109,Neorhodomela aculeata,302,,
1921,109,Neorhodomela aculeata,352,,
1922,109,Neorhodomela aculeata,80,,
1923,109,Neorhodomela aculeata,263,,
1924,109,Neorhodomela aculeata,66,,
1925,109,Neorhodomela aculeata,235,,
1926,109,Neorhodomela aculeata,240,,
1927,109,Neorhodomela aculeata,356,,
1928,109,Neorhodomela aculeata,282,,
1929,109,Stephanocystis geminata,235,,
1930,110,Stephanocystis geminata,782,,
1931,110,Stephanocystis geminata,232,,
1932,110,Stephanocystis geminata,264,,
1933,110,Stephanocystis geminata,334,,
1934,110,Stephanocystis geminata,488,,
1935,110,Stephanocystis geminata,602,,
1936,110,Stephanocystis geminata,498,,
1937,110,Stephanocystis geminata,810,,
1938,110,Stephanocystis geminata,318,,
1939,110,Stephanocystis geminata,462,,
1940,110,Stephanocystis geminata,524,,
1941,110,Neorhodomela aculeata,212,,
1942,110,Neorhodomela aculeata,292,,
1943,110,Neorhodomela aculeata,230,,
1944,110,Neorhodomela aculeata,131,,
1945,110,Neorhodomela aculeata,100,,
1946,110,Neorhodomela aculeata,128,,
1947,110,Neorhodomela aculeata,304,,
1948,110,Neorhodomela aculeata,228,,
1949,110,Neorhodomela aculeata,195,,
1950,110,Neorhodomela aculeata,230,,
1951,110,Neorhodomela aculeata,126,,
1952,110,Neorhodomela aculeata,133,,
1953,110,Neorhodomela aculeata,78,,
1954,110,Neorhodomela aculeata,131,,
1955,110,Neorhodomela aculeata,182,,
1956,110,Neorhodomela aculeata,144,,
1957,110,Neorhodomela aculeata,175,,
1958,110,Neorhodomela aculeata,164,,
1959,110,Neorhodomela aculeata,122,,
1960,110,Neorhodomela aculeata,155,,
1961,110,Neorhodomela aculeata,90,,
1962,110,Neorhodomela aculeata,99,,
1963,111,Phyllospadix serrulatus,643,1.7435,
1964,111,Phyllospadix serrulatus,435,1.0605,
1965,111,Phyllospadix serrulatus,703,1.6543,
1966,111,Phyllospadix serrulatus,606,1.2377,
1967,111,Phyllospadix serrulatus,343,0.6399,
1968,111,Phyllospadix serrulatus,465,0.9022,
1969,111,Phyllospadix serrulatus,501,1.4914,
1970,111,Phyllospadix serrulatus,813,2.2369,
1971,111,Phyllospadix serrulatus,496,1.058,
1972,111,Phyllospadix serrulatus,533,1.6196,
1973,111,Phyllospadix serrulatus,321,0.2839,
1974,111,Phyllospadix serrulatus,255,0.6291,
1975,111,Phyllospadix serrulatus,698,1.6644,
1976,111,Phyllospadix serrulatus,564,1.2435,
1977,111,Phyllospadix serrulatus,501,0.9584,
1978,111,Phyllospadix serrulatus,400,0.8708,
1979,111,Phyllospadix serrulatus,665,1.9403,
1980,111,Zostera marina,455,,
1981,111,Zostera marina,454,,
1982,111,Zostera marina,476,,
1983,111,Zostera marina,248,,
1984,111,Zostera marina,594,,
1985,111,Zostera marina,527,,
1986,111,Zostera marina,117,,
1987,111,Zostera marina,524,,
1988,112,Zostera marina,416,,
1989,112,Zostera marina,735,,
1990,112,Zostera marina,701,,
1991,112,Zostera marina,541,,
1992,112,Zostera marina,352,,
1993,112,Zostera marina,826,,
1994,112,Zostera marina,281,,
1995,112,Zostera marina,1088,,
1996,112,Zostera marina,771,,
1997,112,Zostera marina,555,,
1998,112,Zostera marina,180,,
1999,112,Zostera marina,246,,
2000,112,Zostera marina,532,,
2001,112,Zostera marina,698,,
2002,112,Zostera marina,835,,
2003,112,Zostera marina,290,,
2004,112,Zostera marina,415,,
2005,112,Zostera marina,260,,
2006,112,Zostera marina,547,,
2007,112,Zostera marina,680,,
2008,112,Zostera marina,641,,
2009,112,Phyllospadix serrulatus,480,1.3706,
2010,112,Phyllospadix serrulatus,564,3.5938,
2011,112,Phyllospadix serrulatus,532,1.6015,
2012,112,Phyllospadix serrulatus,952,4.183,
2013,112,Phyllospadix serrulatus,810,2.1934,
2014,112,Phyllospadix serrulatus,492,1.2405,
2015,112,Phyllospadix serrulatus,572,2.0444,
2016,112,Phyllospadix serrulatus,748,1.3134,
2017,112,Phyllospadix serrulatus,504,1.8056,
2018,112,Phyllospadix serrulatus,648,2.9134,
2019,112,Phyllospadix serrulatus,572,2.4424,
2020,112,Phyllospadix serrulatus,502,1.9222,
2021,112,Phyllospadix serrulatus,473,1.8126,
2022,112,Phyllospadix serrulatus,328,0.8541,
2023,112,Phyllospadix serrulatus,336,0.8804,
2024,112,Phyllospadix serrulatus,385,0.5323,
2025,112,Phyllospadix serrulatus,436,1.0425,
2026,112,Phyllospadix serrulatus,687,2.9395,
2027,113,Zostera marina,350,,
2028,113,Zostera marina,298,,
2029,113,Zostera marina,601,,
2030,113,Zostera marina,513,,
2031,113,Zostera marina,392,,
2032,113,Zostera marina,722,,
2033,113,Zostera marina,370,,
2034,113,Zostera marina,643,,
2035,113,Zostera marina,258,,
2036,113,Zostera marina,454,,
2037,113,Zostera marina,381,,
2038,113,Zostera marina,674,,
2039,113,Zostera marina,403,,
2040,113,Zostera marina,290,,
2041,113,Zostera marina,313,,
2042,113,Zostera marina,504,,
2043,113,Zostera marina,541,,
2044,113,Zostera marina,448,,
2045,113,Zostera marina,182,,
2046,113,Zostera marina,386,,
2047,113,Zostera marina,410,,
2048,113,Zostera marina,621,,
2049,113,Zostera marina,437,,
2050,113,Zostera marina,345,,
2051,113,Zostera marina,215,,
2052,113,Zostera marina,345,,
2053,113,Zostera marina,270,,
2054,113,Zostera marina,482,,
2055,113,Zostera marina,634,,
2056,113,Zostera marina,236,,
2057,113,Zostera marina,248,,
2058,113,Zostera marina,505,,
2059,113,Zostera marina,567,,
2060,113,Zostera marina,278,,
2061,113,Zostera marina,187,,
2062,113,Zostera marina,180,,
2063,113,Zostera marina,743,,
2064,113,Zostera marina,501,,
2065,113,Zostera marina,424,,
2066,113,Zostera marina,516,,
2067,113,Zostera marina,208,,
2068,113,Zostera marina,395,,
2069,113,Zostera marina,604,,
2070,113,Zostera marina,364,,
2071,113,Zostera marina,309,,
2072,113,Zostera marina,210,,
2073,113,Zostera marina,600,,
2074,113,Zostera marina,248,,
2075,113,Zostera marina,329,,
2076,113,Zostera marina,244,,
2077,113,Zostera marina,329,,
2078,113,Zostera marina,426,,
2079,113,Phyllospadix serrulatus,390,1.086,
2080,113,Phyllospadix serrulatus,469,1.5634,
2081,113,Phyllospadix serrulatus,562,2.1745,
2082,113,Phyllospadix serrulatus,758,2.9224,
2083,113,Phyllospadix serrulatus,519,2.1821,
2084,113,Phyllospadix serrulatus,740,3.0183,
2085,113,Phyllospadix serrulatus,475,1.4469,
2086,113,Phyllospadix serrulatus,426,1.1088,
2087,113,Phyllospadix serrulatus,647,2.8195,
2088,113,Phyllospadix serrulatus,572,2.1116,
2089,113,Phyllospadix serrulatus,476,1.1248,
2090,113,Phyllospadix serrulatus,469,2.1144,
2091,113,Phyllospadix serrulatus,617,2.8474,
2092,113,Phyllospadix serrulatus,593,2.3404,
2093,113,Phyllospadix serrulatus,625,1.8643,
2094,114,Zostera marina,219,,
2095,114,Zostera marina,356,,
2096,114,Zostera marina,484,,
2097,114,Zostera marina,447,,
2098,114,Zostera marina,155,,
2099,114,Zostera marina,213,,
2100,114,Zostera marina,501,,
2101,114,Zostera marina,205,,
2102,114,Zostera marina,168,,
2103,114,Zostera marina,602,,
2104,114,Zostera marina,472,,
2105,114,Zostera marina,466,,
2106,114,Zostera marina,246,,
2107,114,Zostera marina,318,,
2108,114,Zostera marina,195,,
2109,115,Zostera marina,290,,
2110,115,Zostera marina,232,,
2111,115,Zostera marina,341,,
2112,115,Zostera marina,394,,
2113,115,Zostera marina,238,,
2114,115,Zostera marina,409,,
2115,115,Zostera marina,182,,
2116,115,Zostera marina,504,,
2117,115,Zostera marina,378,,
2118,115,Zostera marina,412,,
2119,115,Zostera marina,431,,
2120,115,Zostera marina,380,,
2121,115,Zostera marina,340,,
2122,115,Zostera marina,282,,
2123,115,Zostera marina,492,,