"","plant_ID","quadrat_ID","species","length_mm","notes","weight_g","fit","lwr","upr"
"1",1,1,"Saccharina latissima",672,"",NA,NA,NA,NA
"2",2,1,"Saccharina latissima",277,"",NA,NA,NA,NA
"3",3,1,"Saccharina latissima",608,"",NA,NA,NA,NA
"4",4,1,"Saccharina latissima",787,"",NA,NA,NA,NA
"5",5,1,"Saccharina latissima",642,"",NA,NA,NA,NA
"6",6,2,"Saccharina latissima",397,"",NA,NA,NA,NA
"7",7,2,"Saccharina latissima",301,"",NA,NA,NA,NA
"8",8,2,"Saccharina latissima",597,"",NA,NA,NA,NA
"9",9,2,"Saccharina latissima",303,"",NA,NA,NA,NA
"10",10,2,"Saccharina latissima",179,"",NA,NA,NA,NA
"11",11,3,"Saccharina latissima",665,"",NA,NA,NA,NA
"12",12,3,"Saccharina latissima",891,"",NA,NA,NA,NA
"13",13,3,"Saccharina latissima",449,"",NA,NA,NA,NA
"14",14,3,"Saccharina latissima",671,"",NA,NA,NA,NA
"15",15,3,"Saccharina latissima",918,"",NA,NA,NA,NA
"16",16,3,"Fucus distichus",129,"",NA,NA,NA,NA
"17",17,4,"Saccharina latissima",703,"",NA,NA,NA,NA
"18",18,4,"Saccharina latissima",1067,"",NA,NA,NA,NA
"19",19,4,"Saccharina latissima",1099,"",NA,NA,NA,NA
"20",20,4,"Saccharina latissima",384,"",NA,NA,NA,NA
"21",21,4,"Saccharina latissima",689,"",NA,NA,NA,NA
"22",22,5,"Saccharina latissima",103,"",NA,NA,NA,NA
"23",23,5,"Saccharina latissima",167,"",NA,NA,NA,NA
"24",24,5,"Saccharina latissima",228,"",NA,NA,NA,NA
"25",25,5,"Saccharina latissima",116,"",NA,NA,NA,NA
"26",26,5,"Saccharina latissima",151,"",NA,NA,NA,NA
"27",27,6,"Zostera marina",579,"",NA,NA,NA,NA
"28",28,6,"Zostera marina",835,"",NA,NA,NA,NA
"29",29,6,"Zostera marina",375,"",NA,NA,NA,NA
"30",30,6,"Zostera marina",334,"",NA,NA,NA,NA
"31",31,6,"Zostera marina",691,"",NA,NA,NA,NA
"32",32,6,"Zostera marina",323,"",NA,NA,NA,NA
"33",33,6,"Zostera marina",581,"",NA,NA,NA,NA
"34",34,6,"Zostera marina",418,"",NA,NA,NA,NA
"35",35,6,"Zostera marina",852,"",NA,NA,NA,NA
"36",36,6,"Zostera marina",544,"",NA,NA,NA,NA
"37",37,6,"Zostera marina",436,"",NA,NA,NA,NA
"38",38,6,"Zostera marina",818,"",NA,NA,NA,NA
"39",39,6,"Zostera marina",782,"",NA,NA,NA,NA
"40",40,6,"Zostera marina",563,"",NA,NA,NA,NA
"41",41,6,"Zostera marina",321,"",NA,NA,NA,NA
"42",42,6,"Zostera marina",335,"",NA,NA,NA,NA
"43",43,6,"Zostera marina",541,"",NA,NA,NA,NA
"44",44,7,"Zostera marina",397,"",NA,NA,NA,NA
"45",45,7,"Zostera marina",882,"",NA,NA,NA,NA
"46",46,7,"Zostera marina",252,"",NA,NA,NA,NA
"47",47,7,"Zostera marina",389,"",NA,NA,NA,NA
"48",48,7,"Zostera marina",791,"",NA,NA,NA,NA
"49",49,7,"Zostera marina",722,"",NA,NA,NA,NA
"50",50,7,"Zostera marina",400,"",NA,NA,NA,NA
"51",51,7,"Zostera marina",446,"",NA,NA,NA,NA
"52",52,7,"Zostera marina",906,"",NA,NA,NA,NA
"53",53,7,"Zostera marina",710,"",NA,NA,NA,NA
"54",54,7,"Zostera marina",553,"",NA,NA,NA,NA
"55",55,7,"Zostera marina",1172,"",NA,NA,NA,NA
"56",56,7,"Zostera marina",700,"",NA,NA,NA,NA
"57",57,7,"Zostera marina",655,"",NA,NA,NA,NA
"58",58,7,"Zostera marina",363,"",NA,NA,NA,NA
"59",59,8,"Zostera marina",760,"",NA,NA,NA,NA
"60",60,8,"Zostera marina",612,"",NA,NA,NA,NA
"61",61,8,"Zostera marina",541,"",NA,NA,NA,NA
"62",62,8,"Zostera marina",702,"",NA,NA,NA,NA
"63",63,8,"Zostera marina",1203,"",NA,NA,NA,NA
"64",64,8,"Zostera marina",671,"",NA,NA,NA,NA
"65",65,8,"Zostera marina",443,"",NA,NA,NA,NA
"66",66,8,"Zostera marina",537,"",NA,NA,NA,NA
"67",67,8,"Zostera marina",653,"",NA,NA,NA,NA
"68",68,8,"Zostera marina",442,"",NA,NA,NA,NA
"69",69,8,"Zostera marina",689,"",NA,NA,NA,NA
"70",70,8,"Zostera marina",1131,"",NA,NA,NA,NA
"71",71,8,"Zostera marina",592,"",NA,NA,NA,NA
"72",72,8,"Zostera marina",235,"",NA,NA,NA,NA
"73",73,8,"Zostera marina",941,"",NA,NA,NA,NA
"74",74,9,"Zostera marina",550,"",NA,NA,NA,NA
"75",75,9,"Zostera marina",997,"",NA,NA,NA,NA
"76",76,9,"Zostera marina",1211,"",NA,NA,NA,NA
"77",77,9,"Zostera marina",701,"",NA,NA,NA,NA
"78",78,9,"Zostera marina",331,"",NA,NA,NA,NA
"79",79,9,"Zostera marina",396,"",NA,NA,NA,NA
"80",80,9,"Zostera marina",291,"",NA,NA,NA,NA
"81",81,9,"Zostera marina",1255,"",NA,NA,NA,NA
"82",82,9,"Zostera marina",639,"",NA,NA,NA,NA
"83",83,9,"Zostera marina",687,"",NA,NA,NA,NA
"84",84,9,"Zostera marina",545,"",NA,NA,NA,NA
"85",85,9,"Zostera marina",254,"",NA,NA,NA,NA
"86",86,9,"Zostera marina",921,"",NA,NA,NA,NA
"87",87,9,"Zostera marina",228,"",NA,NA,NA,NA
"88",88,9,"Zostera marina",1103,"",NA,NA,NA,NA
"89",89,10,"Zostera marina",655,"",NA,NA,NA,NA
"90",90,10,"Zostera marina",371,"",NA,NA,NA,NA
"91",91,10,"Zostera marina",1244,"",NA,NA,NA,NA
"92",92,10,"Zostera marina",616,"",NA,NA,NA,NA
"93",93,10,"Zostera marina",1269,"",NA,NA,NA,NA
"94",94,10,"Zostera marina",313,"",NA,NA,NA,NA
"95",95,10,"Zostera marina",812,"",NA,NA,NA,NA
"96",96,10,"Zostera marina",1103,"",NA,NA,NA,NA
"97",97,10,"Zostera marina",675,"",NA,NA,NA,NA
"98",98,10,"Zostera marina",731,"",NA,NA,NA,NA
"99",99,10,"Zostera marina",455,"",NA,NA,NA,NA
"100",100,10,"Zostera marina",274,"",NA,NA,NA,NA
"101",101,10,"Zostera marina",791,"",NA,NA,NA,NA
"102",102,10,"Zostera marina",273,"",NA,NA,NA,NA
"103",103,10,"Zostera marina",571,"",NA,NA,NA,NA
"104",104,11,"Zostera marina",467,"",NA,NA,NA,NA
"105",105,11,"Zostera marina",490,"",NA,NA,NA,NA
"106",106,11,"Zostera marina",439,"",NA,NA,NA,NA
"107",107,11,"Zostera marina",432,"",NA,NA,NA,NA
"108",108,11,"Zostera marina",395,"",NA,NA,NA,NA
"109",109,11,"Zostera marina",470,"",NA,NA,NA,NA
"110",110,11,"Zostera marina",501,"",NA,NA,NA,NA
"111",111,11,"Zostera marina",562,"",NA,NA,NA,NA
"112",112,11,"Zostera marina",335,"",NA,NA,NA,NA
"113",113,11,"Zostera marina",462,"",NA,NA,NA,NA
"114",114,11,"Zostera marina",468,"",NA,NA,NA,NA
"115",115,11,"Zostera marina",237,"",NA,NA,NA,NA
"116",116,11,"Zostera marina",329,"",NA,NA,NA,NA
"117",117,11,"Zostera marina",392,"",NA,NA,NA,NA
"118",118,11,"Zostera marina",281,"",NA,NA,NA,NA
"119",119,12,"Zostera marina",365,"",NA,NA,NA,NA
"120",120,12,"Zostera marina",212,"",NA,NA,NA,NA
"121",121,12,"Zostera marina",248,"",NA,NA,NA,NA
"122",122,12,"Zostera marina",315,"",NA,NA,NA,NA
"123",123,12,"Zostera marina",411,"",NA,NA,NA,NA
"124",124,12,"Zostera marina",389,"",NA,NA,NA,NA
"125",125,12,"Zostera marina",464,"",NA,NA,NA,NA
"126",126,12,"Zostera marina",356,"",NA,NA,NA,NA
"127",127,12,"Zostera marina",379,"",NA,NA,NA,NA
"128",128,12,"Zostera marina",415,"",NA,NA,NA,NA
"129",129,12,"Zostera marina",275,"",NA,NA,NA,NA
"130",130,12,"Zostera marina",367,"",NA,NA,NA,NA
"131",131,12,"Zostera marina",403,"",NA,NA,NA,NA
"132",132,12,"Zostera marina",398,"",NA,NA,NA,NA
"133",133,12,"Zostera marina",330,"",NA,NA,NA,NA
"134",134,13,"Zostera marina",649,"",NA,NA,NA,NA
"135",135,13,"Zostera marina",579,"",NA,NA,NA,NA
"136",136,13,"Zostera marina",535,"",NA,NA,NA,NA
"137",137,13,"Zostera marina",446,"",NA,NA,NA,NA
"138",138,13,"Zostera marina",372,"",NA,NA,NA,NA
"139",139,13,"Zostera marina",487,"",NA,NA,NA,NA
"140",140,13,"Zostera marina",360,"",NA,NA,NA,NA
"141",141,13,"Zostera marina",455,"",NA,NA,NA,NA
"142",142,13,"Zostera marina",371,"",NA,NA,NA,NA
"143",143,13,"Zostera marina",426,"",NA,NA,NA,NA
"144",144,13,"Zostera marina",612,"",NA,NA,NA,NA
"145",145,13,"Zostera marina",560,"",NA,NA,NA,NA
"146",146,13,"Zostera marina",492,"",NA,NA,NA,NA
"147",147,13,"Zostera marina",214,"",NA,NA,NA,NA
"148",148,13,"Zostera marina",334,"",NA,NA,NA,NA
"149",149,14,"Zostera marina",1000,"",NA,NA,NA,NA
"150",150,14,"Zostera marina",980,"",NA,NA,NA,NA
"151",151,14,"Zostera marina",861,"",NA,NA,NA,NA
"152",152,14,"Zostera marina",620,"",NA,NA,NA,NA
"153",153,14,"Zostera marina",1145,"",NA,NA,NA,NA
"154",154,14,"Zostera marina",994,"",NA,NA,NA,NA
"155",155,14,"Zostera marina",316,"",NA,NA,NA,NA
"156",156,14,"Zostera marina",805,"",NA,NA,NA,NA
"157",157,14,"Zostera marina",1188,"",NA,NA,NA,NA
"158",158,14,"Zostera marina",345,"",NA,NA,NA,NA
"159",159,14,"Zostera marina",436,"",NA,NA,NA,NA
"160",160,14,"Zostera marina",949,"",NA,NA,NA,NA
"161",161,14,"Zostera marina",1140,"",NA,NA,NA,NA
"162",162,14,"Zostera marina",445,"",NA,NA,NA,NA
"163",163,14,"Zostera marina",1906,"",NA,NA,NA,NA
"164",164,15,"Zostera marina",839,"",NA,NA,NA,NA
"165",165,15,"Zostera marina",1005,"",NA,NA,NA,NA
"166",166,15,"Zostera marina",965,"",NA,NA,NA,NA
"167",167,15,"Zostera marina",915,"",NA,NA,NA,NA
"168",168,15,"Zostera marina",587,"",NA,NA,NA,NA
"169",169,15,"Zostera marina",387,"",NA,NA,NA,NA
"170",170,15,"Zostera marina",907,"",NA,NA,NA,NA
"171",171,15,"Zostera marina",1003,"",NA,NA,NA,NA
"172",172,15,"Zostera marina",711,"",NA,NA,NA,NA
"173",173,15,"Zostera marina",600,"",NA,NA,NA,NA
"174",174,15,"Zostera marina",805,"",NA,NA,NA,NA
"175",175,15,"Zostera marina",763,"",NA,NA,NA,NA
"176",176,15,"Zostera marina",842,"",NA,NA,NA,NA
"177",177,15,"Zostera marina",651,"",NA,NA,NA,NA
"178",178,15,"Zostera marina",565,"",NA,NA,NA,NA
"179",179,16,"Zostera marina",338,"",NA,NA,NA,NA
"180",180,16,"Zostera marina",289,"",NA,NA,NA,NA
"181",181,16,"Zostera marina",413,"",NA,NA,NA,NA
"182",182,16,"Zostera marina",310,"",NA,NA,NA,NA
"183",183,16,"Zostera marina",253,"",NA,NA,NA,NA
"184",184,16,"Zostera marina",356,"",NA,NA,NA,NA
"185",185,16,"Zostera marina",204,"",NA,NA,NA,NA
"186",186,16,"Zostera marina",307,"",NA,NA,NA,NA
"187",187,16,"Zostera marina",329,"",NA,NA,NA,NA
"188",188,16,"Zostera marina",219,"",NA,NA,NA,NA
"189",189,16,"Zostera marina",298,"",NA,NA,NA,NA
"190",190,16,"Zostera marina",247,"",NA,NA,NA,NA
"191",191,16,"Zostera marina",319,"",NA,NA,NA,NA
"192",192,16,"Zostera marina",365,"",NA,NA,NA,NA
"193",193,16,"Zostera marina",259,"",NA,NA,NA,NA
"194",194,17,"Zostera marina",364,"",NA,NA,NA,NA
"195",195,17,"Zostera marina",182,"",NA,NA,NA,NA
"196",196,17,"Zostera marina",289,"",NA,NA,NA,NA
"197",197,17,"Zostera marina",280,"",NA,NA,NA,NA
"198",198,17,"Zostera marina",276,"",NA,NA,NA,NA
"199",199,17,"Zostera marina",432,"",NA,NA,NA,NA
"200",200,17,"Zostera marina",392,"",NA,NA,NA,NA
"201",201,17,"Zostera marina",270,"",NA,NA,NA,NA
"202",202,17,"Zostera marina",296,"",NA,NA,NA,NA
"203",203,17,"Zostera marina",379,"",NA,NA,NA,NA
"204",204,17,"Zostera marina",273,"",NA,NA,NA,NA
"205",205,17,"Zostera marina",220,"",NA,NA,NA,NA
"206",206,17,"Zostera marina",217,"",NA,NA,NA,NA
"207",207,17,"Zostera marina",130,"",NA,NA,NA,NA
"208",208,17,"Zostera marina",297,"",NA,NA,NA,NA
"209",209,18,"Zostera marina",386,"",NA,NA,NA,NA
"210",210,18,"Zostera marina",385,"",NA,NA,NA,NA
"211",211,18,"Zostera marina",299,"",NA,NA,NA,NA
"212",212,18,"Zostera marina",298,"",NA,NA,NA,NA
"213",213,18,"Zostera marina",285,"",NA,NA,NA,NA
"214",214,18,"Zostera marina",423,"",NA,NA,NA,NA
"215",215,18,"Zostera marina",292,"",NA,NA,NA,NA
"216",216,18,"Zostera marina",354,"",NA,NA,NA,NA
"217",217,18,"Zostera marina",397,"",NA,NA,NA,NA
"218",218,18,"Zostera marina",285,"",NA,NA,NA,NA
"219",219,18,"Zostera marina",326,"",NA,NA,NA,NA
"220",220,18,"Zostera marina",307,"",NA,NA,NA,NA
"221",221,18,"Zostera marina",337,"",NA,NA,NA,NA
"222",222,18,"Zostera marina",302,"",NA,NA,NA,NA
"223",223,18,"Zostera marina",244,"",NA,NA,NA,NA
"224",224,19,"Zostera marina",329,"",NA,NA,NA,NA
"225",225,19,"Zostera marina",144,"",NA,NA,NA,NA
"226",226,19,"Zostera marina",224,"",NA,NA,NA,NA
"227",227,19,"Zostera marina",280,"",NA,NA,NA,NA
"228",228,19,"Zostera marina",422,"",NA,NA,NA,NA
"229",229,19,"Zostera marina",392,"",NA,NA,NA,NA
"230",230,19,"Zostera marina",296,"",NA,NA,NA,NA
"231",231,19,"Zostera marina",324,"",NA,NA,NA,NA
"232",232,19,"Zostera marina",144,"",NA,NA,NA,NA
"233",233,19,"Zostera marina",154,"",NA,NA,NA,NA
"234",234,19,"Zostera marina",262,"",NA,NA,NA,NA
"235",235,19,"Zostera marina",277,"",NA,NA,NA,NA
"236",236,19,"Zostera marina",298,"",NA,NA,NA,NA
"237",237,19,"Zostera marina",314,"",NA,NA,NA,NA
"238",238,19,"Zostera marina",289,"",NA,NA,NA,NA
"239",239,20,"Zostera marina",315,"",NA,NA,NA,NA
"240",240,20,"Zostera marina",296,"",NA,NA,NA,NA
"241",241,20,"Zostera marina",304,"",NA,NA,NA,NA
"242",242,20,"Zostera marina",257,"",NA,NA,NA,NA
"243",243,20,"Zostera marina",272,"",NA,NA,NA,NA
"244",244,20,"Zostera marina",267,"",NA,NA,NA,NA
"245",245,20,"Zostera marina",204,"",NA,NA,NA,NA
"246",246,20,"Zostera marina",268,"",NA,NA,NA,NA
"247",247,20,"Zostera marina",164,"",NA,NA,NA,NA
"248",248,20,"Zostera marina",285,"",NA,NA,NA,NA
"249",249,20,"Zostera marina",235,"",NA,NA,NA,NA
"250",250,20,"Zostera marina",191,"",NA,NA,NA,NA
"251",251,20,"Zostera marina",356,"",NA,NA,NA,NA
"252",252,20,"Zostera marina",180,"",NA,NA,NA,NA
"253",253,20,"Zostera marina",288,"",NA,NA,NA,NA
"254",254,21,"Zostera marina",214,"",NA,NA,NA,NA
"255",255,21,"Zostera marina",456,"",NA,NA,NA,NA
"256",256,21,"Zostera marina",209,"",NA,NA,NA,NA
"257",257,21,"Zostera marina",254,"",NA,NA,NA,NA
"258",258,21,"Zostera marina",221,"",NA,NA,NA,NA
"259",259,21,"Zostera marina",439,"",NA,NA,NA,NA
"260",260,21,"Zostera marina",567,"",NA,NA,NA,NA
"261",261,21,"Zostera marina",168,"",NA,NA,NA,NA
"262",262,21,"Zostera marina",548,"",NA,NA,NA,NA
"263",263,21,"Zostera marina",441,"",NA,NA,NA,NA
"264",264,21,"Zostera marina",347,"",NA,NA,NA,NA
"265",265,21,"Zostera marina",155,"",NA,NA,NA,NA
"266",266,21,"Zostera marina",245,"",NA,NA,NA,NA
"267",267,21,"Zostera marina",510,"",NA,NA,NA,NA
"268",268,21,"Zostera marina",395,"",NA,NA,NA,NA
"269",269,22,"Zostera marina",236,"",NA,NA,NA,NA
"270",270,22,"Zostera marina",235,"",NA,NA,NA,NA
"271",271,22,"Zostera marina",189,"",NA,NA,NA,NA
"272",272,22,"Zostera marina",250,"",NA,NA,NA,NA
"273",273,22,"Zostera marina",157,"",NA,NA,NA,NA
"274",274,22,"Zostera marina",245,"",NA,NA,NA,NA
"275",275,22,"Zostera marina",327,"",NA,NA,NA,NA
"276",276,22,"Zostera marina",299,"",NA,NA,NA,NA
"277",277,22,"Zostera marina",243,"",NA,NA,NA,NA
"278",278,22,"Zostera marina",318,"",NA,NA,NA,NA
"279",279,22,"Zostera marina",340,"",NA,NA,NA,NA
"280",280,22,"Zostera marina",447,"",NA,NA,NA,NA
"281",281,22,"Zostera marina",298,"",NA,NA,NA,NA
"282",282,22,"Zostera marina",316,"",NA,NA,NA,NA
"283",283,23,"Zostera marina",190,"",NA,NA,NA,NA
"284",284,23,"Zostera marina",134,"",NA,NA,NA,NA
"285",285,23,"Zostera marina",183,"",NA,NA,NA,NA
"286",286,23,"Zostera marina",258,"",NA,NA,NA,NA
"287",287,23,"Zostera marina",250,"",NA,NA,NA,NA
"288",288,23,"Zostera marina",160,"",NA,NA,NA,NA
"289",289,23,"Zostera marina",225,"",NA,NA,NA,NA
"290",290,23,"Zostera marina",458,"",NA,NA,NA,NA
"291",291,23,"Zostera marina",172,"",NA,NA,NA,NA
"292",292,23,"Zostera marina",399,"",NA,NA,NA,NA
"293",293,23,"Zostera marina",442,"",NA,NA,NA,NA
"294",294,23,"Zostera marina",375,"",NA,NA,NA,NA
"295",295,23,"Zostera marina",179,"",NA,NA,NA,NA
"296",296,23,"Zostera marina",229,"",NA,NA,NA,NA
"297",297,23,"Zostera marina",421,"",NA,NA,NA,NA
"298",298,23,"Zostera marina",304,"",NA,NA,NA,NA
"299",299,24,"Zostera marina",350,"",NA,NA,NA,NA
"300",300,24,"Zostera marina",562,"",NA,NA,NA,NA
"301",301,24,"Zostera marina",433,"",NA,NA,NA,NA
"302",302,24,"Zostera marina",387,"",NA,NA,NA,NA
"303",303,24,"Zostera marina",298,"",NA,NA,NA,NA
"304",304,24,"Zostera marina",332,"",NA,NA,NA,NA
"305",305,24,"Zostera marina",225,"",NA,NA,NA,NA
"306",306,24,"Zostera marina",323,"",NA,NA,NA,NA
"307",307,24,"Zostera marina",310,"",NA,NA,NA,NA
"308",308,24,"Zostera marina",565,"",NA,NA,NA,NA
"309",309,24,"Zostera marina",330,"",NA,NA,NA,NA
"310",310,24,"Zostera marina",282,"",NA,NA,NA,NA
"311",311,24,"Zostera marina",195,"",NA,NA,NA,NA
"312",312,24,"Zostera marina",485,"",NA,NA,NA,NA
"313",313,24,"Zostera marina",250,"",NA,NA,NA,NA
"314",314,25,"Zostera marina",452,"",NA,NA,NA,NA
"315",315,25,"Zostera marina",263,"",NA,NA,NA,NA
"316",316,25,"Zostera marina",225,"",NA,NA,NA,NA
"317",317,25,"Zostera marina",413,"",NA,NA,NA,NA
"318",318,25,"Zostera marina",354,"",NA,NA,NA,NA
"319",319,25,"Zostera marina",104,"",NA,NA,NA,NA
"320",320,25,"Zostera marina",391,"",NA,NA,NA,NA
"321",321,25,"Zostera marina",163,"",NA,NA,NA,NA
"322",322,25,"Zostera marina",277,"",NA,NA,NA,NA
"323",323,25,"Zostera marina",225,"",NA,NA,NA,NA
"324",324,25,"Zostera marina",402,"",NA,NA,NA,NA
"325",325,25,"Zostera marina",186,"",NA,NA,NA,NA
"326",326,25,"Zostera marina",191,"",NA,NA,NA,NA
"327",327,25,"Zostera marina",185,"",NA,NA,NA,NA
"328",328,25,"Zostera marina",187,"",NA,NA,NA,NA
"329",329,26,"Zostera marina",91,"",NA,NA,NA,NA
"330",330,26,"Zostera marina",281,"",NA,NA,NA,NA
"331",331,26,"Zostera marina",220,"",NA,NA,NA,NA
"332",332,26,"Zostera marina",233,"",NA,NA,NA,NA
"333",333,26,"Zostera marina",164,"",NA,NA,NA,NA
"334",334,26,"Zostera marina",162,"",NA,NA,NA,NA
"335",335,26,"Zostera marina",252,"",NA,NA,NA,NA
"336",336,26,"Zostera marina",159,"",NA,NA,NA,NA
"337",337,26,"Zostera marina",153,"",NA,NA,NA,NA
"338",338,26,"Zostera marina",263,"",NA,NA,NA,NA
"339",339,26,"Zostera marina",179,"",NA,NA,NA,NA
"340",340,26,"Zostera marina",181,"",NA,NA,NA,NA
"341",341,26,"Zostera marina",150,"",NA,NA,NA,NA
"342",342,26,"Zostera marina",203,"",NA,NA,NA,NA
"343",343,26,"Zostera marina",199,"",NA,NA,NA,NA
"344",344,27,"Zostera marina",185,"",NA,NA,NA,NA
"345",345,27,"Zostera marina",180,"",NA,NA,NA,NA
"346",346,27,"Zostera marina",230,"",NA,NA,NA,NA
"347",347,27,"Zostera marina",195,"",NA,NA,NA,NA
"348",348,27,"Zostera marina",170,"",NA,NA,NA,NA
"349",349,27,"Zostera marina",150,"",NA,NA,NA,NA
"350",350,27,"Zostera marina",203,"",NA,NA,NA,NA
"351",351,27,"Zostera marina",184,"",NA,NA,NA,NA
"352",352,27,"Zostera marina",186,"",NA,NA,NA,NA
"353",353,27,"Zostera marina",258,"",NA,NA,NA,NA
"354",354,27,"Zostera marina",130,"",NA,NA,NA,NA
"355",355,27,"Zostera marina",233,"",NA,NA,NA,NA
"356",356,27,"Zostera marina",134,"",NA,NA,NA,NA
"357",357,27,"Zostera marina",132,"",NA,NA,NA,NA
"358",358,27,"Zostera marina",135,"",NA,NA,NA,NA
"359",359,28,"Zostera marina",178,"",NA,NA,NA,NA
"360",360,28,"Zostera marina",143,"",NA,NA,NA,NA
"361",361,28,"Zostera marina",71,"",NA,NA,NA,NA
"362",362,28,"Zostera marina",60,"",NA,NA,NA,NA
"363",363,28,"Zostera marina",100,"",NA,NA,NA,NA
"364",364,28,"Zostera marina",180,"",NA,NA,NA,NA
"365",365,28,"Zostera marina",116,"",NA,NA,NA,NA
"366",366,28,"Zostera marina",154,"",NA,NA,NA,NA
"367",367,28,"Zostera marina",119,"",NA,NA,NA,NA
"368",368,28,"Zostera marina",126,"",NA,NA,NA,NA
"369",369,28,"Zostera marina",160,"",NA,NA,NA,NA
"370",370,28,"Zostera marina",162,"",NA,NA,NA,NA
"371",371,28,"Zostera marina",151,"",NA,NA,NA,NA
"372",372,28,"Zostera marina",144,"",NA,NA,NA,NA
"373",373,28,"Zostera marina",83,"",NA,NA,NA,NA
"374",374,29,"Zostera marina",218,"",NA,NA,NA,NA
"375",375,29,"Zostera marina",184,"",NA,NA,NA,NA
"376",376,29,"Zostera marina",186,"",NA,NA,NA,NA
"377",377,29,"Zostera marina",143,"",NA,NA,NA,NA
"378",378,29,"Zostera marina",86,"",NA,NA,NA,NA
"379",379,29,"Zostera marina",143,"",NA,NA,NA,NA
"380",380,29,"Zostera marina",151,"",NA,NA,NA,NA
"381",381,29,"Zostera marina",154,"",NA,NA,NA,NA
"382",382,29,"Zostera marina",138,"",NA,NA,NA,NA
"383",383,29,"Zostera marina",119,"",NA,NA,NA,NA
"384",384,29,"Zostera marina",168,"",NA,NA,NA,NA
"385",385,29,"Zostera marina",149,"",NA,NA,NA,NA
"386",386,29,"Zostera marina",92,"",NA,NA,NA,NA
"387",387,29,"Zostera marina",183,"",NA,NA,NA,NA
"388",388,29,"Zostera marina",149,"",NA,NA,NA,NA
"389",389,30,"Zostera marina",180,"",NA,NA,NA,NA
"390",390,30,"Zostera marina",174,"",NA,NA,NA,NA
"391",391,30,"Zostera marina",205,"",NA,NA,NA,NA
"392",392,30,"Zostera marina",165,"",NA,NA,NA,NA
"393",393,30,"Zostera marina",125,"",NA,NA,NA,NA
"394",394,30,"Zostera marina",145,"",NA,NA,NA,NA
"395",395,30,"Zostera marina",100,"",NA,NA,NA,NA
"396",396,30,"Zostera marina",92,"",NA,NA,NA,NA
"397",397,30,"Zostera marina",173,"",NA,NA,NA,NA
"398",398,30,"Zostera marina",110,"",NA,NA,NA,NA
"399",399,30,"Zostera marina",101,"",NA,NA,NA,NA
"400",400,30,"Zostera marina",114,"",NA,NA,NA,NA
"401",401,30,"Zostera marina",125,"",NA,NA,NA,NA
"402",402,30,"Zostera marina",133,"",NA,NA,NA,NA
"403",403,30,"Zostera marina",82,"",NA,NA,NA,NA
"404",404,31,"Zostera marina",321,"",NA,NA,NA,NA
"405",405,31,"Zostera marina",361,"",NA,NA,NA,NA
"406",406,31,"Zostera marina",85,"",NA,NA,NA,NA
"407",407,31,"Zostera marina",282,"",NA,NA,NA,NA
"408",408,31,"Zostera marina",215,"",NA,NA,NA,NA
"409",409,31,"Zostera marina",296,"",NA,NA,NA,NA
"410",410,31,"Zostera marina",226,"",NA,NA,NA,NA
"411",411,31,"Zostera marina",416,"",NA,NA,NA,NA
"412",412,31,"Zostera marina",171,"",NA,NA,NA,NA
"413",413,31,"Zostera marina",231,"",NA,NA,NA,NA
"414",414,31,"Zostera marina",120,"",NA,NA,NA,NA
"415",415,31,"Zostera marina",222,"",NA,NA,NA,NA
"416",416,31,"Zostera marina",90,"",NA,NA,NA,NA
"417",417,31,"Zostera marina",296,"",NA,NA,NA,NA
"418",418,31,"Zostera marina",386,"",NA,NA,NA,NA
"419",419,32,"Zostera marina",188,"",NA,NA,NA,NA
"420",420,32,"Zostera marina",241,"",NA,NA,NA,NA
"421",421,32,"Zostera marina",351,"",NA,NA,NA,NA
"422",422,32,"Zostera marina",108,"",NA,NA,NA,NA
"423",423,32,"Zostera marina",391,"",NA,NA,NA,NA
"424",424,32,"Zostera marina",136,"",NA,NA,NA,NA
"425",425,32,"Zostera marina",116,"",NA,NA,NA,NA
"426",426,32,"Zostera marina",331,"",NA,NA,NA,NA
"427",427,32,"Zostera marina",285,"",NA,NA,NA,NA
"428",428,32,"Zostera marina",306,"",NA,NA,NA,NA
"429",429,32,"Zostera marina",304,"",NA,NA,NA,NA
"430",430,32,"Zostera marina",334,"",NA,NA,NA,NA
"431",431,32,"Zostera marina",138,"",NA,NA,NA,NA
"432",432,32,"Zostera marina",247,"",NA,NA,NA,NA
"433",433,32,"Zostera marina",324,"",NA,NA,NA,NA
"434",434,33,"Zostera marina",215,"",NA,NA,NA,NA
"435",435,33,"Zostera marina",126,"",NA,NA,NA,NA
"436",436,33,"Zostera marina",202,"",NA,NA,NA,NA
"437",437,33,"Zostera marina",181,"",NA,NA,NA,NA
"438",438,33,"Zostera marina",323,"",NA,NA,NA,NA
"439",439,33,"Zostera marina",261,"",NA,NA,NA,NA
"440",440,33,"Zostera marina",269,"",NA,NA,NA,NA
"441",441,33,"Zostera marina",153,"",NA,NA,NA,NA
"442",442,33,"Zostera marina",432,"",NA,NA,NA,NA
"443",443,33,"Zostera marina",321,"",NA,NA,NA,NA
"444",444,33,"Zostera marina",251,"",NA,NA,NA,NA
"445",445,33,"Zostera marina",313,"",NA,NA,NA,NA
"446",446,33,"Zostera marina",235,"",NA,NA,NA,NA
"447",447,33,"Zostera marina",356,"",NA,NA,NA,NA
"448",448,33,"Zostera marina",298,"",NA,NA,NA,NA
"449",449,34,"Zostera marina",214,"",NA,NA,NA,NA
"450",450,34,"Zostera marina",288,"",NA,NA,NA,NA
"451",451,34,"Zostera marina",182,"",NA,NA,NA,NA
"452",452,34,"Zostera marina",324,"",NA,NA,NA,NA
"453",453,34,"Zostera marina",356,"",NA,NA,NA,NA
"454",454,34,"Zostera marina",345,"",NA,NA,NA,NA
"455",455,34,"Zostera marina",209,"",NA,NA,NA,NA
"456",456,34,"Zostera marina",116,"",NA,NA,NA,NA
"457",457,34,"Zostera marina",114,"",NA,NA,NA,NA
"458",458,34,"Zostera marina",304,"",NA,NA,NA,NA
"459",459,34,"Zostera marina",400,"",NA,NA,NA,NA
"460",460,34,"Zostera marina",296,"",NA,NA,NA,NA
"461",461,34,"Zostera marina",176,"",NA,NA,NA,NA
"462",462,34,"Zostera marina",321,"",NA,NA,NA,NA
"463",463,34,"Zostera marina",169,"",NA,NA,NA,NA
"464",464,34,"Zostera marina",198,"",NA,NA,NA,NA
"465",465,35,"Zostera marina",325,"",NA,NA,NA,NA
"466",466,35,"Zostera marina",142,"",NA,NA,NA,NA
"467",467,35,"Zostera marina",242,"",NA,NA,NA,NA
"468",468,35,"Zostera marina",221,"",NA,NA,NA,NA
"469",469,35,"Zostera marina",122,"",NA,NA,NA,NA
"470",470,35,"Zostera marina",311,"",NA,NA,NA,NA
"471",471,35,"Zostera marina",307,"",NA,NA,NA,NA
"472",472,35,"Zostera marina",138,"",NA,NA,NA,NA
"473",473,35,"Zostera marina",281,"",NA,NA,NA,NA
"474",474,35,"Zostera marina",284,"",NA,NA,NA,NA
"475",475,35,"Zostera marina",85,"",NA,NA,NA,NA
"476",476,35,"Zostera marina",256,"",NA,NA,NA,NA
"477",477,35,"Zostera marina",101,"",NA,NA,NA,NA
"478",478,35,"Zostera marina",225,"",NA,NA,NA,NA
"479",479,35,"Zostera marina",177,"",NA,NA,NA,NA
"480",480,35,"Zostera marina",167,"",NA,NA,NA,NA
"481",481,36,"Zostera marina",424,"",NA,NA,NA,NA
"482",482,36,"Zostera marina",331,"",NA,NA,NA,NA
"483",483,36,"Zostera marina",293,"",NA,NA,NA,NA
"484",484,36,"Zostera marina",239,"",NA,NA,NA,NA
"485",485,36,"Zostera marina",282,"",NA,NA,NA,NA
"486",486,36,"Zostera marina",296,"",NA,NA,NA,NA
"487",487,36,"Zostera marina",342,"",NA,NA,NA,NA
"488",488,36,"Zostera marina",304,"",NA,NA,NA,NA
"489",489,36,"Zostera marina",410,"",NA,NA,NA,NA
"490",490,36,"Zostera marina",208,"",NA,NA,NA,NA
"491",491,36,"Zostera marina",173,"",NA,NA,NA,NA
"492",492,36,"Zostera marina",247,"",NA,NA,NA,NA
"493",493,36,"Zostera marina",265,"",NA,NA,NA,NA
"494",494,36,"Zostera marina",225,"",NA,NA,NA,NA
"495",495,36,"Zostera marina",445,"",NA,NA,NA,NA
"496",496,37,"Zostera marina",334,"",NA,NA,NA,NA
"497",497,37,"Zostera marina",409,"",NA,NA,NA,NA
"498",498,37,"Zostera marina",500,"",NA,NA,NA,NA
"499",499,37,"Zostera marina",202,"",NA,NA,NA,NA
"500",500,37,"Zostera marina",305,"",NA,NA,NA,NA
"501",501,37,"Zostera marina",226,"",NA,NA,NA,NA
"502",502,37,"Zostera marina",442,"",NA,NA,NA,NA
"503",503,37,"Zostera marina",241,"",NA,NA,NA,NA
"504",504,37,"Zostera marina",180,"",NA,NA,NA,NA
"505",505,37,"Zostera marina",292,"",NA,NA,NA,NA
"506",506,37,"Zostera marina",496,"",NA,NA,NA,NA
"507",507,37,"Zostera marina",270,"",NA,NA,NA,NA
"508",508,37,"Zostera marina",162,"",NA,NA,NA,NA
"509",509,37,"Zostera marina",311,"",NA,NA,NA,NA
"510",510,37,"Zostera marina",143,"",NA,NA,NA,NA
"511",511,38,"Zostera marina",286,"",NA,NA,NA,NA
"512",512,38,"Zostera marina",269,"",NA,NA,NA,NA
"513",513,38,"Zostera marina",407,"",NA,NA,NA,NA
"514",514,38,"Zostera marina",310,"",NA,NA,NA,NA
"515",515,38,"Zostera marina",289,"",NA,NA,NA,NA
"516",516,38,"Zostera marina",270,"",NA,NA,NA,NA
"517",517,38,"Zostera marina",412,"",NA,NA,NA,NA
"518",518,38,"Zostera marina",132,"",NA,NA,NA,NA
"519",519,38,"Zostera marina",250,"",NA,NA,NA,NA
"520",520,38,"Zostera marina",331,"",NA,NA,NA,NA
"521",521,38,"Zostera marina",259,"",NA,NA,NA,NA
"522",522,38,"Zostera marina",257,"",NA,NA,NA,NA
"523",523,38,"Zostera marina",288,"",NA,NA,NA,NA
"524",524,38,"Zostera marina",175,"",NA,NA,NA,NA
"525",525,38,"Zostera marina",216,"",NA,NA,NA,NA
"526",526,39,"Zostera marina",334,"",NA,NA,NA,NA
"527",527,39,"Zostera marina",229,"",NA,NA,NA,NA
"528",528,39,"Zostera marina",447,"",NA,NA,NA,NA
"529",529,39,"Zostera marina",472,"",NA,NA,NA,NA
"530",530,39,"Zostera marina",197,"",NA,NA,NA,NA
"531",531,39,"Zostera marina",739,"",NA,NA,NA,NA
"532",532,39,"Zostera marina",370,"",NA,NA,NA,NA
"533",533,39,"Zostera marina",179,"",NA,NA,NA,NA
"534",534,39,"Zostera marina",431,"",NA,NA,NA,NA
"535",535,39,"Zostera marina",293,"",NA,NA,NA,NA
"536",536,39,"Zostera marina",274,"",NA,NA,NA,NA
"537",537,39,"Zostera marina",351,"",NA,NA,NA,NA
"538",538,39,"Zostera marina",462,"",NA,NA,NA,NA
"539",539,39,"Zostera marina",276,"",NA,NA,NA,NA
"540",540,39,"Zostera marina",174,"",NA,NA,NA,NA
"541",541,40,"Zostera marina",969,"",NA,NA,NA,NA
"542",542,40,"Zostera marina",203,"",NA,NA,NA,NA
"543",543,40,"Zostera marina",381,"",NA,NA,NA,NA
"544",544,40,"Zostera marina",277,"",NA,NA,NA,NA
"545",545,40,"Zostera marina",404,"",NA,NA,NA,NA
"546",546,40,"Zostera marina",461,"",NA,NA,NA,NA
"547",547,40,"Zostera marina",197,"",NA,NA,NA,NA
"548",548,40,"Zostera marina",349,"",NA,NA,NA,NA
"549",549,40,"Zostera marina",453,"",NA,NA,NA,NA
"550",550,40,"Zostera marina",333,"",NA,NA,NA,NA
"551",551,40,"Zostera marina",316,"",NA,NA,NA,NA
"552",552,40,"Zostera marina",345,"",NA,NA,NA,NA
"553",553,40,"Zostera marina",474,"",NA,NA,NA,NA
"554",554,40,"Zostera marina",451,"",NA,NA,NA,NA
"555",555,40,"Zostera marina",196,"",NA,NA,NA,NA
"556",556,41,"Zostera marina",121,"",NA,NA,NA,NA
"557",557,41,"Zostera marina",180,"",NA,NA,NA,NA
"558",558,41,"Zostera marina",367,"",NA,NA,NA,NA
"559",559,41,"Zostera marina",294,"",NA,NA,NA,NA
"560",560,41,"Zostera marina",134,"",NA,NA,NA,NA
"561",561,41,"Zostera marina",105,"",NA,NA,NA,NA
"562",562,41,"Zostera marina",337,"",NA,NA,NA,NA
"563",563,41,"Zostera marina",250,"",NA,NA,NA,NA
"564",564,41,"Zostera marina",295,"",NA,NA,NA,NA
"565",565,41,"Zostera marina",415,"",NA,NA,NA,NA
"566",566,41,"Zostera marina",281,"",NA,NA,NA,NA
"567",567,41,"Zostera marina",187,"",NA,NA,NA,NA
"568",568,41,"Zostera marina",134,"",NA,NA,NA,NA
"569",569,41,"Zostera marina",387,"",NA,NA,NA,NA
"570",570,41,"Zostera marina",267,"",NA,NA,NA,NA
"571",571,42,"Zostera marina",355,"",NA,NA,NA,NA
"572",572,42,"Zostera marina",270,"",NA,NA,NA,NA
"573",573,42,"Zostera marina",104,"",NA,NA,NA,NA
"574",574,42,"Zostera marina",334,"",NA,NA,NA,NA
"575",575,42,"Zostera marina",379,"",NA,NA,NA,NA
"576",576,42,"Zostera marina",95,"",NA,NA,NA,NA
"577",577,42,"Zostera marina",322,"",NA,NA,NA,NA
"578",578,42,"Zostera marina",126,"",NA,NA,NA,NA
"579",579,42,"Zostera marina",306,"",NA,NA,NA,NA
"580",580,42,"Zostera marina",169,"",NA,NA,NA,NA
"581",581,42,"Zostera marina",492,"",NA,NA,NA,NA
"582",582,42,"Zostera marina",91,"",NA,NA,NA,NA
"583",583,42,"Zostera marina",482,"",NA,NA,NA,NA
"584",584,42,"Zostera marina",403,"",NA,NA,NA,NA
"585",585,42,"Zostera marina",404,"",NA,NA,NA,NA
"586",586,42,"Zostera marina",332,"",NA,NA,NA,NA
"587",587,43,"Zostera marina",371,"",NA,NA,NA,NA
"588",588,43,"Zostera marina",421,"",NA,NA,NA,NA
"589",589,43,"Zostera marina",334,"",NA,NA,NA,NA
"590",590,43,"Zostera marina",109,"",NA,NA,NA,NA
"591",591,43,"Zostera marina",447,"",NA,NA,NA,NA
"592",592,43,"Zostera marina",454,"",NA,NA,NA,NA
"593",593,43,"Zostera marina",430,"",NA,NA,NA,NA
"594",594,43,"Zostera marina",132,"",NA,NA,NA,NA
"595",595,43,"Zostera marina",376,"",NA,NA,NA,NA
"596",596,43,"Zostera marina",409,"",NA,NA,NA,NA
"597",597,43,"Zostera marina",90,"",NA,NA,NA,NA
"598",598,43,"Zostera marina",414,"",NA,NA,NA,NA
"599",599,43,"Zostera marina",140,"",NA,NA,NA,NA
"600",600,43,"Zostera marina",354,"",NA,NA,NA,NA
"601",601,43,"Zostera marina",287,"",NA,NA,NA,NA
"602",602,44,"Zostera marina",415,"",NA,NA,NA,NA
"603",603,44,"Zostera marina",405,"",NA,NA,NA,NA
"604",604,44,"Zostera marina",352,"",NA,NA,NA,NA
"605",605,44,"Zostera marina",376,"",NA,NA,NA,NA
"606",606,44,"Zostera marina",384,"",NA,NA,NA,NA
"607",607,44,"Zostera marina",161,"",NA,NA,NA,NA
"608",608,44,"Zostera marina",434,"",NA,NA,NA,NA
"609",609,44,"Zostera marina",196,"",NA,NA,NA,NA
"610",610,44,"Zostera marina",362,"",NA,NA,NA,NA
"611",611,44,"Zostera marina",160,"",NA,NA,NA,NA
"612",612,44,"Zostera marina",600,"",NA,NA,NA,NA
"613",613,44,"Zostera marina",395,"",NA,NA,NA,NA
"614",614,44,"Zostera marina",200,"",NA,NA,NA,NA
"615",615,44,"Zostera marina",394,"",NA,NA,NA,NA
"616",616,44,"Zostera marina",207,"",NA,NA,NA,NA
"617",617,45,"Zostera marina",171,"",NA,NA,NA,NA
"618",618,45,"Zostera marina",139,"",NA,NA,NA,NA
"619",619,45,"Zostera marina",445,"",NA,NA,NA,NA
"620",620,45,"Zostera marina",182,"",NA,NA,NA,NA
"621",621,45,"Zostera marina",190,"",NA,NA,NA,NA
"622",622,45,"Zostera marina",491,"",NA,NA,NA,NA
"623",623,45,"Zostera marina",402,"",NA,NA,NA,NA
"624",624,45,"Zostera marina",306,"",NA,NA,NA,NA
"625",625,45,"Zostera marina",323,"",NA,NA,NA,NA
"626",626,45,"Zostera marina",391,"",NA,NA,NA,NA
"627",627,45,"Zostera marina",264,"",NA,NA,NA,NA
"628",628,45,"Zostera marina",441,"",NA,NA,NA,NA
"629",629,45,"Zostera marina",355,"",NA,NA,NA,NA
"630",630,45,"Zostera marina",399,"",NA,NA,NA,NA
"631",631,45,"Zostera marina",386,"",NA,NA,NA,NA
"632",632,46,"Zostera marina",239,"",NA,NA,NA,NA
"633",633,46,"Zostera marina",343,"",NA,NA,NA,NA
"634",634,46,"Zostera marina",194,"",NA,NA,NA,NA
"635",635,46,"Zostera marina",383,"",NA,NA,NA,NA
"636",636,46,"Zostera marina",162,"",NA,NA,NA,NA
"637",637,46,"Zostera marina",454,"",NA,NA,NA,NA
"638",638,46,"Zostera marina",170,"",NA,NA,NA,NA
"639",639,46,"Zostera marina",345,"",NA,NA,NA,NA
"640",640,46,"Zostera marina",477,"",NA,NA,NA,NA
"641",641,46,"Zostera marina",381,"",NA,NA,NA,NA
"642",642,46,"Zostera marina",254,"",NA,NA,NA,NA
"643",643,46,"Zostera marina",184,"",NA,NA,NA,NA
"644",644,46,"Zostera marina",235,"",NA,NA,NA,NA
"645",645,46,"Zostera marina",123,"",NA,NA,NA,NA
"646",646,46,"Zostera marina",251,"",NA,NA,NA,NA
"647",647,47,"Zostera marina",355,"",NA,NA,NA,NA
"648",648,47,"Zostera marina",433,"",NA,NA,NA,NA
"649",649,47,"Zostera marina",241,"",NA,NA,NA,NA
"650",650,47,"Zostera marina",242,"",NA,NA,NA,NA
"651",651,47,"Zostera marina",400,"",NA,NA,NA,NA
"652",652,47,"Zostera marina",376,"",NA,NA,NA,NA
"653",653,47,"Zostera marina",252,"",NA,NA,NA,NA
"654",654,47,"Zostera marina",461,"",NA,NA,NA,NA
"655",655,47,"Zostera marina",359,"",NA,NA,NA,NA
"656",656,47,"Zostera marina",321,"",NA,NA,NA,NA
"657",657,47,"Zostera marina",302,"",NA,NA,NA,NA
"658",658,47,"Zostera marina",143,"",NA,NA,NA,NA
"659",659,47,"Zostera marina",169,"",NA,NA,NA,NA
"660",660,47,"Zostera marina",171,"",NA,NA,NA,NA
"661",661,47,"Zostera marina",232,"",NA,NA,NA,NA
"662",662,48,"Zostera marina",289,"",NA,NA,NA,NA
"663",663,48,"Zostera marina",224,"",NA,NA,NA,NA
"664",664,48,"Zostera marina",98,"",NA,NA,NA,NA
"665",665,48,"Zostera marina",288,"",NA,NA,NA,NA
"666",666,48,"Zostera marina",128,"",NA,NA,NA,NA
"667",667,48,"Zostera marina",367,"",NA,NA,NA,NA
"668",668,48,"Zostera marina",236,"",NA,NA,NA,NA
"669",669,48,"Zostera marina",273,"",NA,NA,NA,NA
"670",670,48,"Zostera marina",244,"",NA,NA,NA,NA
"671",671,48,"Zostera marina",279,"",NA,NA,NA,NA
"672",672,48,"Zostera marina",234,"",NA,NA,NA,NA
"673",673,48,"Zostera marina",291,"",NA,NA,NA,NA
"674",674,48,"Zostera marina",300,"",NA,NA,NA,NA
"675",675,48,"Zostera marina",94,"",NA,NA,NA,NA
"676",676,48,"Zostera marina",134,"",NA,NA,NA,NA
"677",677,49,"Zostera marina",218,"",NA,NA,NA,NA
"678",678,49,"Zostera marina",234,"",NA,NA,NA,NA
"679",679,49,"Zostera marina",334,"",NA,NA,NA,NA
"680",680,49,"Zostera marina",343,"",NA,NA,NA,NA
"681",681,49,"Zostera marina",203,"",NA,NA,NA,NA
"682",682,49,"Zostera marina",261,"",NA,NA,NA,NA
"683",683,49,"Zostera marina",202,"",NA,NA,NA,NA
"684",684,49,"Zostera marina",259,"",NA,NA,NA,NA
"685",685,49,"Zostera marina",384,"",NA,NA,NA,NA
"686",686,49,"Zostera marina",106,"",NA,NA,NA,NA
"687",687,49,"Zostera marina",169,"",NA,NA,NA,NA
"688",688,49,"Zostera marina",112,"",NA,NA,NA,NA
"689",689,49,"Zostera marina",287,"",NA,NA,NA,NA
"690",690,49,"Zostera marina",121,"",NA,NA,NA,NA
"691",691,49,"Zostera marina",274,"",NA,NA,NA,NA
"692",692,50,"Zostera marina",225,"",NA,NA,NA,NA
"693",693,50,"Zostera marina",412,"",NA,NA,NA,NA
"694",694,50,"Zostera marina",285,"",NA,NA,NA,NA
"695",695,50,"Zostera marina",297,"",NA,NA,NA,NA
"696",696,50,"Zostera marina",346,"",NA,NA,NA,NA
"697",697,50,"Zostera marina",137,"",NA,NA,NA,NA
"698",698,50,"Zostera marina",290,"",NA,NA,NA,NA
"699",699,50,"Zostera marina",118,"",NA,NA,NA,NA
"700",700,50,"Zostera marina",316,"",NA,NA,NA,NA
"701",701,50,"Zostera marina",184,"",NA,NA,NA,NA
"702",702,50,"Zostera marina",244,"",NA,NA,NA,NA
"703",703,50,"Zostera marina",373,"",NA,NA,NA,NA
"704",704,50,"Zostera marina",205,"",NA,NA,NA,NA
"705",705,50,"Zostera marina",336,"",NA,NA,NA,NA
"706",706,50,"Zostera marina",163,"",NA,NA,NA,NA
"707",707,51,"Zostera marina",377,"",NA,NA,NA,NA
"708",708,51,"Zostera marina",242,"",NA,NA,NA,NA
"709",709,51,"Zostera marina",470,"",NA,NA,NA,NA
"710",710,51,"Zostera marina",316,"",NA,NA,NA,NA
"711",711,51,"Zostera marina",303,"",NA,NA,NA,NA
"712",712,51,"Zostera marina",381,"",NA,NA,NA,NA
"713",713,51,"Zostera marina",326,"",NA,NA,NA,NA
"714",714,51,"Zostera marina",311,"",NA,NA,NA,NA
"715",715,51,"Zostera marina",186,"",NA,NA,NA,NA
"716",716,51,"Zostera marina",463,"",NA,NA,NA,NA
"717",717,51,"Zostera marina",321,"",NA,NA,NA,NA
"718",718,51,"Zostera marina",319,"",NA,NA,NA,NA
"719",719,51,"Zostera marina",261,"",NA,NA,NA,NA
"720",720,51,"Zostera marina",462,"",NA,NA,NA,NA
"721",721,51,"Zostera marina",299,"",NA,NA,NA,NA
"722",722,52,"Zostera marina",406,"",NA,NA,NA,NA
"723",723,52,"Zostera marina",417,"",NA,NA,NA,NA
"724",724,52,"Zostera marina",446,"",NA,NA,NA,NA
"725",725,52,"Zostera marina",480,"",NA,NA,NA,NA
"726",726,52,"Zostera marina",372,"",NA,NA,NA,NA
"727",727,52,"Zostera marina",317,"",NA,NA,NA,NA
"728",728,52,"Zostera marina",324,"",NA,NA,NA,NA
"729",729,52,"Zostera marina",356,"",NA,NA,NA,NA
"730",730,52,"Zostera marina",466,"",NA,NA,NA,NA
"731",731,52,"Zostera marina",454,"",NA,NA,NA,NA
"732",732,52,"Zostera marina",415,"",NA,NA,NA,NA
"733",733,52,"Zostera marina",393,"",NA,NA,NA,NA
"734",734,52,"Zostera marina",270,"",NA,NA,NA,NA
"735",735,52,"Zostera marina",386,"",NA,NA,NA,NA
"736",736,52,"Zostera marina",197,"",NA,NA,NA,NA
"737",737,53,"Zostera marina",353,"",NA,NA,NA,NA
"738",738,53,"Zostera marina",373,"",NA,NA,NA,NA
"739",739,53,"Zostera marina",431,"",NA,NA,NA,NA
"740",740,53,"Zostera marina",345,"",NA,NA,NA,NA
"741",741,53,"Zostera marina",286,"",NA,NA,NA,NA
"742",742,53,"Zostera marina",218,"",NA,NA,NA,NA
"743",743,53,"Zostera marina",312,"",NA,NA,NA,NA
"744",744,53,"Zostera marina",325,"",NA,NA,NA,NA
"745",745,53,"Zostera marina",423,"",NA,NA,NA,NA
"746",746,53,"Zostera marina",201,"",NA,NA,NA,NA
"747",747,53,"Zostera marina",431,"",NA,NA,NA,NA
"748",748,53,"Zostera marina",304,"",NA,NA,NA,NA
"749",749,53,"Zostera marina",395,"",NA,NA,NA,NA
"750",750,54,"Zostera marina",373,"",NA,NA,NA,NA
"751",751,54,"Zostera marina",352,"",NA,NA,NA,NA
"752",752,54,"Zostera marina",394,"",NA,NA,NA,NA
"753",753,54,"Zostera marina",426,"",NA,NA,NA,NA
"754",754,54,"Zostera marina",463,"",NA,NA,NA,NA
"755",755,54,"Zostera marina",335,"",NA,NA,NA,NA
"756",756,54,"Zostera marina",340,"",NA,NA,NA,NA
"757",757,54,"Zostera marina",411,"",NA,NA,NA,NA
"758",758,54,"Zostera marina",390,"",NA,NA,NA,NA
"759",759,54,"Zostera marina",322,"",NA,NA,NA,NA
"760",760,54,"Zostera marina",393,"",NA,NA,NA,NA
"761",761,54,"Zostera marina",166,"",NA,NA,NA,NA
"762",762,54,"Zostera marina",368,"",NA,NA,NA,NA
"763",763,54,"Zostera marina",480,"",NA,NA,NA,NA
"764",764,54,"Zostera marina",419,"",NA,NA,NA,NA
"765",765,55,"Zostera marina",424,"",NA,NA,NA,NA
"766",766,55,"Zostera marina",463,"",NA,NA,NA,NA
"767",767,55,"Zostera marina",408,"",NA,NA,NA,NA
"768",768,55,"Zostera marina",411,"",NA,NA,NA,NA
"769",769,55,"Zostera marina",183,"",NA,NA,NA,NA
"770",770,55,"Zostera marina",211,"",NA,NA,NA,NA
"771",771,55,"Zostera marina",437,"",NA,NA,NA,NA
"772",772,55,"Zostera marina",265,"",NA,NA,NA,NA
"773",773,55,"Zostera marina",204,"",NA,NA,NA,NA
"774",774,55,"Zostera marina",304,"",NA,NA,NA,NA
"775",775,55,"Zostera marina",225,"",NA,NA,NA,NA
"776",776,55,"Zostera marina",316,"",NA,NA,NA,NA
"777",777,55,"Zostera marina",242,"",NA,NA,NA,NA
"778",778,55,"Zostera marina",385,"",NA,NA,NA,NA
"779",779,55,"Zostera marina",177,"",NA,NA,NA,NA
"780",780,56,"Zostera marina",544,"",NA,NA,NA,NA
"781",781,56,"Zostera marina",467,"",NA,NA,NA,NA
"782",782,56,"Zostera marina",356,"",NA,NA,NA,NA
"783",783,56,"Zostera marina",430,"",NA,NA,NA,NA
"784",784,56,"Zostera marina",468,"",NA,NA,NA,NA
"785",785,56,"Zostera marina",452,"",NA,NA,NA,NA
"786",786,56,"Zostera marina",386,"",NA,NA,NA,NA
"787",787,56,"Zostera marina",434,"",NA,NA,NA,NA
"788",788,56,"Zostera marina",473,"",NA,NA,NA,NA
"789",789,56,"Zostera marina",492,"",NA,NA,NA,NA
"790",790,56,"Zostera marina",554,"",NA,NA,NA,NA
"791",791,56,"Zostera marina",398,"",NA,NA,NA,NA
"792",792,56,"Zostera marina",452,"",NA,NA,NA,NA
"793",793,56,"Zostera marina",451,"",NA,NA,NA,NA
"794",794,56,"Zostera marina",383,"",NA,NA,NA,NA
"795",795,57,"Zostera marina",500,"",NA,NA,NA,NA
"796",796,57,"Zostera marina",474,"",NA,NA,NA,NA
"797",797,57,"Zostera marina",545,"",NA,NA,NA,NA
"798",798,57,"Zostera marina",295,"",NA,NA,NA,NA
"799",799,57,"Zostera marina",405,"",NA,NA,NA,NA
"800",800,57,"Zostera marina",200,"",NA,NA,NA,NA
"801",801,57,"Zostera marina",405,"",NA,NA,NA,NA
"802",802,57,"Zostera marina",255,"",NA,NA,NA,NA
"803",803,57,"Zostera marina",385,"",NA,NA,NA,NA
"804",804,57,"Zostera marina",240,"",NA,NA,NA,NA
"805",805,57,"Zostera marina",295,"",NA,NA,NA,NA
"806",806,57,"Zostera marina",401,"",NA,NA,NA,NA
"807",807,57,"Zostera marina",435,"",NA,NA,NA,NA
"808",808,57,"Zostera marina",365,"",NA,NA,NA,NA
"809",809,57,"Zostera marina",265,"",NA,NA,NA,NA
"810",810,58,"Zostera marina",602,"",NA,NA,NA,NA
"811",811,58,"Zostera marina",403,"",NA,NA,NA,NA
"812",812,58,"Zostera marina",248,"",NA,NA,NA,NA
"813",813,58,"Zostera marina",583,"",NA,NA,NA,NA
"814",814,58,"Zostera marina",307,"",NA,NA,NA,NA
"815",815,58,"Zostera marina",272,"",NA,NA,NA,NA
"816",816,58,"Zostera marina",317,"",NA,NA,NA,NA
"817",817,58,"Zostera marina",601,"",NA,NA,NA,NA
"818",818,58,"Zostera marina",306,"",NA,NA,NA,NA
"819",819,58,"Zostera marina",749,"",NA,NA,NA,NA
"820",820,58,"Zostera marina",422,"",NA,NA,NA,NA
"821",821,58,"Zostera marina",537,"",NA,NA,NA,NA
"822",822,58,"Zostera marina",402,"",NA,NA,NA,NA
"823",823,58,"Zostera marina",521,"",NA,NA,NA,NA
"824",824,58,"Zostera marina",449,"",NA,NA,NA,NA
"825",825,59,"Zostera marina",574,"",NA,NA,NA,NA
"826",826,59,"Zostera marina",196,"",NA,NA,NA,NA
"827",827,59,"Zostera marina",421,"",NA,NA,NA,NA
"828",828,59,"Zostera marina",472,"",NA,NA,NA,NA
"829",829,59,"Zostera marina",169,"",NA,NA,NA,NA
"830",830,59,"Zostera marina",297,"",NA,NA,NA,NA
"831",831,59,"Zostera marina",609,"",NA,NA,NA,NA
"832",832,59,"Zostera marina",340,"",NA,NA,NA,NA
"833",833,59,"Zostera marina",686,"",NA,NA,NA,NA
"834",834,59,"Zostera marina",537,"",NA,NA,NA,NA
"835",835,59,"Zostera marina",601,"",NA,NA,NA,NA
"836",836,59,"Zostera marina",252,"",NA,NA,NA,NA
"837",837,59,"Zostera marina",514,"",NA,NA,NA,NA
"838",838,59,"Zostera marina",360,"",NA,NA,NA,NA
"839",839,59,"Zostera marina",605,"",NA,NA,NA,NA
"840",840,60,"Zostera marina",479,"",NA,NA,NA,NA
"841",841,60,"Zostera marina",574,"",NA,NA,NA,NA
"842",842,60,"Zostera marina",513,"",NA,NA,NA,NA
"843",843,60,"Zostera marina",553,"",NA,NA,NA,NA
"844",844,60,"Zostera marina",516,"",NA,NA,NA,NA
"845",845,60,"Zostera marina",798,"",NA,NA,NA,NA
"846",846,60,"Zostera marina",565,"",NA,NA,NA,NA
"847",847,60,"Zostera marina",437,"",NA,NA,NA,NA
"848",848,60,"Zostera marina",554,"",NA,NA,NA,NA
"849",849,60,"Zostera marina",421,"",NA,NA,NA,NA
"850",850,60,"Zostera marina",534,"",NA,NA,NA,NA
"851",851,60,"Zostera marina",544,"",NA,NA,NA,NA
"852",852,61,"Zostera marina",441,"",NA,NA,NA,NA
"853",853,61,"Zostera marina",245,"",NA,NA,NA,NA
"854",854,61,"Zostera marina",394,"",NA,NA,NA,NA
"855",855,61,"Zostera marina",332,"",NA,NA,NA,NA
"856",856,61,"Zostera marina",311,"",NA,NA,NA,NA
"857",857,61,"Zostera marina",465,"",NA,NA,NA,NA
"858",858,61,"Zostera marina",294,"",NA,NA,NA,NA
"859",859,61,"Zostera marina",390,"",NA,NA,NA,NA
"860",860,61,"Zostera marina",401,"",NA,NA,NA,NA
"861",861,61,"Zostera marina",413,"",NA,NA,NA,NA
"862",862,61,"Zostera marina",313,"",NA,NA,NA,NA
"863",863,61,"Zostera marina",388,"",NA,NA,NA,NA
"864",864,61,"Zostera marina",435,"",NA,NA,NA,NA
"865",865,61,"Zostera marina",374,"",NA,NA,NA,NA
"866",866,61,"Zostera marina",352,"",NA,NA,NA,NA
"867",867,62,"Zostera marina",397,"",NA,NA,NA,NA
"868",868,62,"Zostera marina",284,"",NA,NA,NA,NA
"869",869,62,"Zostera marina",508,"",NA,NA,NA,NA
"870",870,62,"Zostera marina",354,"",NA,NA,NA,NA
"871",871,62,"Zostera marina",356,"",NA,NA,NA,NA
"872",872,62,"Zostera marina",220,"",NA,NA,NA,NA
"873",873,62,"Zostera marina",442,"",NA,NA,NA,NA
"874",874,62,"Zostera marina",280,"",NA,NA,NA,NA
"875",875,62,"Zostera marina",199,"",NA,NA,NA,NA
"876",876,62,"Zostera marina",364,"",NA,NA,NA,NA
"877",877,62,"Zostera marina",466,"",NA,NA,NA,NA
"878",878,62,"Zostera marina",308,"",NA,NA,NA,NA
"879",879,62,"Zostera marina",428,"",NA,NA,NA,NA
"880",880,62,"Zostera marina",182,"",NA,NA,NA,NA
"881",881,62,"Zostera marina",300,"",NA,NA,NA,NA
"882",882,63,"Zostera marina",457,"",NA,NA,NA,NA
"883",883,63,"Zostera marina",179,"",NA,NA,NA,NA
"884",884,63,"Zostera marina",361,"",NA,NA,NA,NA
"885",885,63,"Zostera marina",364,"",NA,NA,NA,NA
"886",886,63,"Zostera marina",302,"",NA,NA,NA,NA
"887",887,63,"Zostera marina",367,"",NA,NA,NA,NA
"888",888,63,"Zostera marina",330,"",NA,NA,NA,NA
"889",889,63,"Zostera marina",342,"",NA,NA,NA,NA
"890",890,63,"Zostera marina",353,"",NA,NA,NA,NA
"891",891,63,"Zostera marina",380,"",NA,NA,NA,NA
"892",892,63,"Zostera marina",333,"",NA,NA,NA,NA
"893",893,63,"Zostera marina",341,"",NA,NA,NA,NA
"894",894,63,"Zostera marina",318,"",NA,NA,NA,NA
"895",895,63,"Zostera marina",338,"",NA,NA,NA,NA
"896",896,63,"Zostera marina",414,"",NA,NA,NA,NA
"897",897,64,"Zostera marina",432,"",NA,NA,NA,NA
"898",898,64,"Zostera marina",426,"",NA,NA,NA,NA
"899",899,64,"Zostera marina",443,"",NA,NA,NA,NA
"900",900,64,"Zostera marina",420,"",NA,NA,NA,NA
"901",901,64,"Zostera marina",395,"",NA,NA,NA,NA
"902",902,64,"Zostera marina",322,"",NA,NA,NA,NA
"903",903,64,"Zostera marina",403,"",NA,NA,NA,NA
"904",904,64,"Zostera marina",324,"",NA,NA,NA,NA
"905",905,64,"Zostera marina",384,"",NA,NA,NA,NA
"906",906,64,"Zostera marina",371,"",NA,NA,NA,NA
"907",907,64,"Zostera marina",375,"",NA,NA,NA,NA
"908",908,64,"Zostera marina",397,"",NA,NA,NA,NA
"909",909,64,"Zostera marina",202,"",NA,NA,NA,NA
"910",910,64,"Zostera marina",309,"",NA,NA,NA,NA
"911",911,64,"Zostera marina",290,"",NA,NA,NA,NA
"912",912,65,"Zostera marina",414,"",NA,NA,NA,NA
"913",913,65,"Zostera marina",340,"",NA,NA,NA,NA
"914",914,65,"Zostera marina",320,"",NA,NA,NA,NA
"915",915,65,"Zostera marina",441,"",NA,NA,NA,NA
"916",916,65,"Zostera marina",427,"",NA,NA,NA,NA
"917",917,65,"Zostera marina",417,"",NA,NA,NA,NA
"918",918,65,"Zostera marina",344,"",NA,NA,NA,NA
"919",919,65,"Zostera marina",296,"",NA,NA,NA,NA
"920",920,65,"Zostera marina",382,"",NA,NA,NA,NA
"921",921,65,"Zostera marina",477,"",NA,NA,NA,NA
"922",922,65,"Zostera marina",451,"",NA,NA,NA,NA
"923",923,65,"Zostera marina",373,"",NA,NA,NA,NA
"924",924,65,"Zostera marina",356,"",NA,NA,NA,NA
"925",925,65,"Zostera marina",240,"",NA,NA,NA,NA
"926",926,65,"Zostera marina",339,"",NA,NA,NA,NA
"927",927,66,"Zostera marina",374,"",NA,NA,NA,NA
"928",928,66,"Zostera marina",419,"",NA,NA,NA,NA
"929",929,66,"Zostera marina",396,"",NA,NA,NA,NA
"930",930,66,"Zostera marina",304,"",NA,NA,NA,NA
"931",931,66,"Zostera marina",326,"",NA,NA,NA,NA
"932",932,66,"Zostera marina",331,"",NA,NA,NA,NA
"933",933,66,"Zostera marina",362,"",NA,NA,NA,NA
"934",934,66,"Zostera marina",321,"",NA,NA,NA,NA
"935",935,66,"Zostera marina",332,"",NA,NA,NA,NA
"936",936,66,"Zostera marina",384,"",NA,NA,NA,NA
"937",937,66,"Zostera marina",390,"",NA,NA,NA,NA
"938",938,66,"Zostera marina",321,"",NA,NA,NA,NA
"939",939,66,"Zostera marina",291,"",NA,NA,NA,NA
"940",940,66,"Zostera marina",292,"",NA,NA,NA,NA
"941",941,66,"Zostera marina",339,"",NA,NA,NA,NA
"942",942,67,"Zostera marina",304,"",NA,NA,NA,NA
"943",943,67,"Zostera marina",372,"",NA,NA,NA,NA
"944",944,67,"Zostera marina",453,"",NA,NA,NA,NA
"945",945,67,"Zostera marina",434,"",NA,NA,NA,NA
"946",946,67,"Zostera marina",309,"",NA,NA,NA,NA
"947",947,67,"Zostera marina",407,"",NA,NA,NA,NA
"948",948,67,"Zostera marina",391,"",NA,NA,NA,NA
"949",949,67,"Zostera marina",294,"",NA,NA,NA,NA
"950",950,67,"Zostera marina",434,"",NA,NA,NA,NA
"951",951,67,"Zostera marina",314,"",NA,NA,NA,NA
"952",952,67,"Zostera marina",411,"",NA,NA,NA,NA
"953",953,67,"Zostera marina",422,"",NA,NA,NA,NA
"954",954,67,"Zostera marina",412,"",NA,NA,NA,NA
"955",955,67,"Zostera marina",263,"",NA,NA,NA,NA
"956",956,67,"Zostera marina",419,"",NA,NA,NA,NA
"957",957,68,"Zostera marina",501,"",NA,NA,NA,NA
"958",958,68,"Zostera marina",360,"",NA,NA,NA,NA
"959",959,68,"Zostera marina",369,"",NA,NA,NA,NA
"960",960,68,"Zostera marina",359,"",NA,NA,NA,NA
"961",961,68,"Zostera marina",442,"",NA,NA,NA,NA
"962",962,68,"Zostera marina",481,"",NA,NA,NA,NA
"963",963,68,"Zostera marina",434,"",NA,NA,NA,NA
"964",964,68,"Zostera marina",341,"",NA,NA,NA,NA
"965",965,68,"Zostera marina",331,"",NA,NA,NA,NA
"966",966,68,"Zostera marina",487,"",NA,NA,NA,NA
"967",967,68,"Zostera marina",363,"",NA,NA,NA,NA
"968",968,68,"Zostera marina",477,"",NA,NA,NA,NA
"969",969,68,"Zostera marina",335,"",NA,NA,NA,NA
"970",970,68,"Zostera marina",448,"",NA,NA,NA,NA
"971",971,68,"Zostera marina",365,"",NA,NA,NA,NA
"972",972,69,"Zostera marina",437,"",NA,NA,NA,NA
"973",973,69,"Zostera marina",344,"",NA,NA,NA,NA
"974",974,69,"Zostera marina",372,"",NA,NA,NA,NA
"975",975,69,"Zostera marina",126,"",NA,NA,NA,NA
"976",976,69,"Zostera marina",296,"",NA,NA,NA,NA
"977",977,69,"Zostera marina",161,"",NA,NA,NA,NA
"978",978,69,"Zostera marina",372,"",NA,NA,NA,NA
"979",979,69,"Zostera marina",337,"",NA,NA,NA,NA
"980",980,69,"Zostera marina",420,"",NA,NA,NA,NA
"981",981,69,"Zostera marina",374,"",NA,NA,NA,NA
"982",982,69,"Zostera marina",327,"",NA,NA,NA,NA
"983",983,69,"Zostera marina",276,"",NA,NA,NA,NA
"984",984,69,"Zostera marina",281,"",NA,NA,NA,NA
"985",985,69,"Zostera marina",447,"",NA,NA,NA,NA
"986",986,69,"Zostera marina",247,"",NA,NA,NA,NA
"987",987,70,"Zostera marina",362,"",NA,NA,NA,NA
"988",988,70,"Zostera marina",366,"",NA,NA,NA,NA
"989",989,70,"Zostera marina",427,"",NA,NA,NA,NA
"990",990,70,"Zostera marina",412,"",NA,NA,NA,NA
"991",991,70,"Zostera marina",157,"",NA,NA,NA,NA
"992",992,70,"Zostera marina",426,"",NA,NA,NA,NA
"993",993,70,"Zostera marina",456,"",NA,NA,NA,NA
"994",994,70,"Zostera marina",397,"",NA,NA,NA,NA
"995",995,70,"Zostera marina",231,"",NA,NA,NA,NA
"996",996,70,"Zostera marina",447,"",NA,NA,NA,NA
"997",997,70,"Zostera marina",418,"",NA,NA,NA,NA
"998",998,70,"Zostera marina",382,"",NA,NA,NA,NA
"999",999,70,"Zostera marina",342,"",NA,NA,NA,NA
"1000",1000,70,"Zostera marina",269,"",NA,NA,NA,NA
"1001",1001,70,"Zostera marina",352,"",NA,NA,NA,NA
"1002",1002,71,"Zostera marina",626,"",NA,NA,NA,NA
"1003",1003,71,"Zostera marina",333,"",NA,NA,NA,NA
"1004",1004,71,"Zostera marina",425,"",NA,NA,NA,NA
"1005",1005,71,"Zostera marina",579,"",NA,NA,NA,NA
"1006",1006,71,"Zostera marina",638,"",NA,NA,NA,NA
"1007",1007,71,"Zostera marina",392,"",NA,NA,NA,NA
"1008",1008,71,"Zostera marina",641,"",NA,NA,NA,NA
"1009",1009,71,"Zostera marina",425,"",NA,NA,NA,NA
"1010",1010,71,"Zostera marina",391,"",NA,NA,NA,NA
"1011",1011,71,"Zostera marina",405,"",NA,NA,NA,NA
"1012",1012,71,"Zostera marina",498,"",NA,NA,NA,NA
"1013",1013,71,"Zostera marina",365,"",NA,NA,NA,NA
"1014",1014,71,"Zostera marina",479,"",NA,NA,NA,NA
"1015",1015,71,"Zostera marina",225,"",NA,NA,NA,NA
"1016",1016,71,"Zostera marina",630,"",NA,NA,NA,NA
"1017",1017,72,"Zostera marina",646,"",NA,NA,NA,NA
"1018",1018,72,"Zostera marina",514,"",NA,NA,NA,NA
"1019",1019,72,"Zostera marina",577,"",NA,NA,NA,NA
"1020",1020,72,"Zostera marina",606,"",NA,NA,NA,NA
"1021",1021,72,"Zostera marina",552,"",NA,NA,NA,NA
"1022",1022,72,"Zostera marina",394,"",NA,NA,NA,NA
"1023",1023,72,"Zostera marina",577,"",NA,NA,NA,NA
"1024",1024,72,"Zostera marina",348,"",NA,NA,NA,NA
"1025",1025,72,"Zostera marina",167,"",NA,NA,NA,NA
"1026",1026,72,"Zostera marina",622,"",NA,NA,NA,NA
"1027",1027,72,"Zostera marina",521,"",NA,NA,NA,NA
"1028",1028,72,"Zostera marina",482,"",NA,NA,NA,NA
"1029",1029,72,"Zostera marina",365,"",NA,NA,NA,NA
"1030",1030,72,"Zostera marina",522,"",NA,NA,NA,NA
"1031",1031,72,"Zostera marina",534,"",NA,NA,NA,NA
"1032",1032,73,"Zostera marina",522,"",NA,NA,NA,NA
"1033",1033,73,"Zostera marina",321,"",NA,NA,NA,NA
"1034",1034,73,"Zostera marina",545,"",NA,NA,NA,NA
"1035",1035,73,"Zostera marina",352,"",NA,NA,NA,NA
"1036",1036,73,"Zostera marina",596,"",NA,NA,NA,NA
"1037",1037,73,"Zostera marina",545,"",NA,NA,NA,NA
"1038",1038,73,"Zostera marina",562,"",NA,NA,NA,NA
"1039",1039,73,"Zostera marina",642,"",NA,NA,NA,NA
"1040",1040,73,"Zostera marina",618,"",NA,NA,NA,NA
"1041",1041,73,"Zostera marina",583,"",NA,NA,NA,NA
"1042",1042,73,"Zostera marina",452,"",NA,NA,NA,NA
"1043",1043,73,"Zostera marina",443,"",NA,NA,NA,NA
"1044",1044,73,"Zostera marina",558,"",NA,NA,NA,NA
"1045",1045,73,"Zostera marina",458,"",NA,NA,NA,NA
"1046",1046,73,"Zostera marina",400,"",NA,NA,NA,NA
"1047",1047,74,"Zostera marina",663,"",NA,NA,NA,NA
"1048",1048,74,"Zostera marina",316,"",NA,NA,NA,NA
"1049",1049,74,"Zostera marina",705,"",NA,NA,NA,NA
"1050",1050,74,"Zostera marina",508,"",NA,NA,NA,NA
"1051",1051,74,"Zostera marina",659,"",NA,NA,NA,NA
"1052",1052,74,"Zostera marina",482,"",NA,NA,NA,NA
"1053",1053,74,"Zostera marina",524,"",NA,NA,NA,NA
"1054",1054,74,"Zostera marina",750,"",NA,NA,NA,NA
"1055",1055,74,"Zostera marina",467,"",NA,NA,NA,NA
"1056",1056,74,"Zostera marina",626,"",NA,NA,NA,NA
"1057",1057,74,"Zostera marina",438,"",NA,NA,NA,NA
"1058",1058,74,"Zostera marina",773,"",NA,NA,NA,NA
"1059",1059,74,"Zostera marina",583,"",NA,NA,NA,NA
"1060",1060,74,"Zostera marina",261,"",NA,NA,NA,NA
"1061",1061,74,"Zostera marina",516,"",NA,NA,NA,NA
"1062",1062,75,"Zostera marina",536,"",NA,NA,NA,NA
"1063",1063,75,"Zostera marina",485,"",NA,NA,NA,NA
"1064",1064,75,"Zostera marina",392,"",NA,NA,NA,NA
"1065",1065,75,"Zostera marina",451,"",NA,NA,NA,NA
"1066",1066,75,"Zostera marina",286,"",NA,NA,NA,NA
"1067",1067,75,"Zostera marina",540,"",NA,NA,NA,NA
"1068",1068,75,"Zostera marina",728,"",NA,NA,NA,NA
"1069",1069,75,"Zostera marina",527,"",NA,NA,NA,NA
"1070",1070,75,"Zostera marina",225,"",NA,NA,NA,NA
"1071",1071,75,"Zostera marina",627,"",NA,NA,NA,NA
"1072",1072,75,"Zostera marina",481,"",NA,NA,NA,NA
"1073",1073,75,"Zostera marina",419,"",NA,NA,NA,NA
"1074",1074,75,"Zostera marina",293,"",NA,NA,NA,NA
"1075",1075,75,"Zostera marina",515,"",NA,NA,NA,NA
"1076",1076,75,"Zostera marina",164,"",NA,NA,NA,NA
"1077",1077,76,"Zostera marina",535,"",NA,NA,NA,NA
"1078",1078,76,"Zostera marina",700,"",NA,NA,NA,NA
"1079",1079,76,"Zostera marina",805,"",NA,NA,NA,NA
"1080",1080,76,"Zostera marina",650,"",NA,NA,NA,NA
"1081",1081,76,"Zostera marina",660,"",NA,NA,NA,NA
"1082",1082,76,"Zostera marina",346,"",NA,NA,NA,NA
"1083",1083,76,"Zostera marina",290,"",NA,NA,NA,NA
"1084",1084,76,"Zostera marina",435,"",NA,NA,NA,NA
"1085",1085,76,"Zostera marina",544,"",NA,NA,NA,NA
"1086",1086,76,"Zostera marina",571,"",NA,NA,NA,NA
"1087",1087,76,"Zostera marina",136,"",NA,NA,NA,NA
"1088",1088,76,"Zostera marina",653,"",NA,NA,NA,NA
"1089",1089,76,"Zostera marina",287,"",NA,NA,NA,NA
"1090",1090,76,"Zostera marina",282,"",NA,NA,NA,NA
"1091",1091,76,"Zostera marina",690,"",NA,NA,NA,NA
"1092",1092,77,"Zostera marina",514,"",NA,NA,NA,NA
"1093",1093,77,"Zostera marina",649,"",NA,NA,NA,NA
"1094",1094,77,"Zostera marina",240,"",NA,NA,NA,NA
"1095",1095,77,"Zostera marina",790,"",NA,NA,NA,NA
"1096",1096,77,"Zostera marina",410,"",NA,NA,NA,NA
"1097",1097,77,"Zostera marina",328,"",NA,NA,NA,NA
"1098",1098,77,"Zostera marina",428,"",NA,NA,NA,NA
"1099",1099,77,"Zostera marina",357,"",NA,NA,NA,NA
"1100",1100,77,"Zostera marina",659,"",NA,NA,NA,NA
"1101",1101,77,"Zostera marina",548,"",NA,NA,NA,NA
"1102",1102,77,"Zostera marina",453,"",NA,NA,NA,NA
"1103",1103,77,"Zostera marina",762,"",NA,NA,NA,NA
"1104",1104,77,"Zostera marina",428,"",NA,NA,NA,NA
"1105",1105,77,"Zostera marina",279,"",NA,NA,NA,NA
"1106",1106,77,"Zostera marina",275,"",NA,NA,NA,NA
"1107",1107,78,"Zostera marina",693,"",NA,NA,NA,NA
"1108",1108,78,"Zostera marina",285,"",NA,NA,NA,NA
"1109",1109,78,"Zostera marina",257,"",NA,NA,NA,NA
"1110",1110,78,"Zostera marina",553,"",NA,NA,NA,NA
"1111",1111,78,"Zostera marina",750,"",NA,NA,NA,NA
"1112",1112,78,"Zostera marina",703,"",NA,NA,NA,NA
"1113",1113,78,"Zostera marina",481,"",NA,NA,NA,NA
"1114",1114,78,"Zostera marina",395,"",NA,NA,NA,NA
"1115",1115,78,"Zostera marina",526,"",NA,NA,NA,NA
"1116",1116,78,"Zostera marina",411,"",NA,NA,NA,NA
"1117",1117,78,"Zostera marina",568,"",NA,NA,NA,NA
"1118",1118,78,"Zostera marina",667,"",NA,NA,NA,NA
"1119",1119,78,"Zostera marina",405,"",NA,NA,NA,NA
"1120",1120,78,"Zostera marina",211,"",NA,NA,NA,NA
"1121",1121,78,"Zostera marina",190,"",NA,NA,NA,NA
"1122",1122,79,"Zostera marina",868,"",NA,NA,NA,NA
"1123",1123,79,"Zostera marina",903,"",NA,NA,NA,NA
"1124",1124,79,"Zostera marina",869,"",NA,NA,NA,NA
"1125",1125,79,"Zostera marina",535,"",NA,NA,NA,NA
"1126",1126,79,"Zostera marina",506,"",NA,NA,NA,NA
"1127",1127,79,"Zostera marina",424,"",NA,NA,NA,NA
"1128",1128,79,"Zostera marina",444,"",NA,NA,NA,NA
"1129",1129,79,"Zostera marina",395,"",NA,NA,NA,NA
"1130",1130,79,"Zostera marina",445,"",NA,NA,NA,NA
"1131",1131,79,"Zostera marina",539,"",NA,NA,NA,NA
"1132",1132,79,"Zostera marina",862,"",NA,NA,NA,NA
"1133",1133,79,"Zostera marina",536,"",NA,NA,NA,NA
"1134",1134,79,"Zostera marina",952,"",NA,NA,NA,NA
"1135",1135,79,"Zostera marina",665,"",NA,NA,NA,NA
"1136",1136,79,"Zostera marina",224,"",NA,NA,NA,NA
"1137",1137,80,"Zostera marina",385,"",NA,NA,NA,NA
"1138",1138,80,"Zostera marina",240,"",NA,NA,NA,NA
"1139",1139,80,"Zostera marina",213,"",NA,NA,NA,NA
"1140",1140,80,"Zostera marina",466,"",NA,NA,NA,NA
"1141",1141,80,"Zostera marina",159,"",NA,NA,NA,NA
"1142",1142,80,"Zostera marina",445,"",NA,NA,NA,NA
"1143",1143,80,"Zostera marina",562,"",NA,NA,NA,NA
"1144",1144,80,"Zostera marina",369,"",NA,NA,NA,NA
"1145",1145,80,"Zostera marina",467,"",NA,NA,NA,NA
"1146",1146,80,"Zostera marina",566,"",NA,NA,NA,NA
"1147",1147,80,"Zostera marina",483,"",NA,NA,NA,NA
"1148",1148,80,"Zostera marina",519,"",NA,NA,NA,NA
"1149",1149,80,"Zostera marina",497,"",NA,NA,NA,NA
"1150",1150,80,"Zostera marina",294,"",NA,NA,NA,NA
"1151",1151,80,"Zostera marina",249,"",NA,NA,NA,NA
"1152",1152,80,"Zostera marina",443,"",NA,NA,NA,NA
"1153",1153,80,"Zostera marina",447,"",NA,NA,NA,NA
"1154",1154,81,"Zostera marina",427,"",NA,NA,NA,NA
"1155",1155,81,"Zostera marina",488,"",NA,NA,NA,NA
"1156",1156,81,"Zostera marina",557,"",NA,NA,NA,NA
"1157",1157,81,"Zostera marina",417,"",NA,NA,NA,NA
"1158",1158,81,"Zostera marina",300,"",NA,NA,NA,NA
"1159",1159,81,"Zostera marina",184,"",NA,NA,NA,NA
"1160",1160,81,"Zostera marina",344,"",NA,NA,NA,NA
"1161",1161,81,"Zostera marina",202,"",NA,NA,NA,NA
"1162",1162,81,"Zostera marina",513,"",NA,NA,NA,NA
"1163",1163,81,"Zostera marina",342,"",NA,NA,NA,NA
"1164",1164,81,"Zostera marina",336,"",NA,NA,NA,NA
"1165",1165,81,"Zostera marina",182,"",NA,NA,NA,NA
"1166",1166,81,"Zostera marina",437,"",NA,NA,NA,NA
"1167",1167,81,"Zostera marina",513,"",NA,NA,NA,NA
"1168",1168,81,"Zostera marina",414,"",NA,NA,NA,NA
"1169",1169,82,"Zostera marina",573,"",NA,NA,NA,NA
"1170",1170,82,"Zostera marina",589,"",NA,NA,NA,NA
"1171",1171,82,"Zostera marina",581,"",NA,NA,NA,NA
"1172",1172,82,"Zostera marina",679,"",NA,NA,NA,NA
"1173",1173,82,"Zostera marina",456,"",NA,NA,NA,NA
"1174",1174,82,"Zostera marina",524,"",NA,NA,NA,NA
"1175",1175,82,"Zostera marina",649,"",NA,NA,NA,NA
"1176",1176,82,"Zostera marina",494,"",NA,NA,NA,NA
"1177",1177,82,"Zostera marina",748,"",NA,NA,NA,NA
"1178",1178,82,"Zostera marina",745,"",NA,NA,NA,NA
"1179",1179,82,"Zostera marina",753,"",NA,NA,NA,NA
"1180",1180,82,"Zostera marina",432,"",NA,NA,NA,NA
"1181",1181,82,"Zostera marina",662,"",NA,NA,NA,NA
"1182",1182,82,"Zostera marina",673,"",NA,NA,NA,NA
"1183",1183,82,"Zostera marina",677,"",NA,NA,NA,NA
"1184",1184,83,"Zostera marina",566,"",NA,NA,NA,NA
"1185",1185,83,"Zostera marina",399,"",NA,NA,NA,NA
"1186",1186,83,"Zostera marina",414,"",NA,NA,NA,NA
"1187",1187,83,"Zostera marina",599,"",NA,NA,NA,NA
"1188",1188,83,"Zostera marina",437,"",NA,NA,NA,NA
"1189",1189,83,"Zostera marina",375,"",NA,NA,NA,NA
"1190",1190,83,"Zostera marina",396,"",NA,NA,NA,NA
"1191",1191,83,"Zostera marina",556,"",NA,NA,NA,NA
"1192",1192,83,"Zostera marina",540,"",NA,NA,NA,NA
"1193",1193,83,"Zostera marina",230,"",NA,NA,NA,NA
"1194",1194,83,"Zostera marina",477,"",NA,NA,NA,NA
"1195",1195,83,"Zostera marina",372,"",NA,NA,NA,NA
"1196",1196,83,"Zostera marina",471,"",NA,NA,NA,NA
"1197",1197,83,"Zostera marina",650,"",NA,NA,NA,NA
"1198",1198,83,"Zostera marina",254,"",NA,NA,NA,NA
"1199",1199,84,"Zostera marina",721,"",NA,NA,NA,NA
"1200",1200,84,"Zostera marina",789,"",NA,NA,NA,NA
"1201",1201,84,"Zostera marina",579,"",NA,NA,NA,NA
"1202",1202,84,"Zostera marina",704,"",NA,NA,NA,NA
"1203",1203,84,"Zostera marina",235,"",NA,NA,NA,NA
"1204",1204,84,"Zostera marina",496,"",NA,NA,NA,NA
"1205",1205,84,"Zostera marina",614,"",NA,NA,NA,NA
"1206",1206,84,"Zostera marina",795,"",NA,NA,NA,NA
"1207",1207,84,"Zostera marina",655,"",NA,NA,NA,NA
"1208",1208,84,"Zostera marina",535,"",NA,NA,NA,NA
"1209",1209,84,"Zostera marina",390,"",NA,NA,NA,NA
"1210",1210,84,"Zostera marina",691,"",NA,NA,NA,NA
"1211",1211,84,"Zostera marina",236,"",NA,NA,NA,NA
"1212",1212,84,"Zostera marina",521,"",NA,NA,NA,NA
"1213",1213,84,"Zostera marina",446,"",NA,NA,NA,NA
"1214",1214,85,"Zostera marina",374,"",NA,NA,NA,NA
"1215",1215,85,"Zostera marina",622,"",NA,NA,NA,NA
"1216",1216,85,"Zostera marina",347,"",NA,NA,NA,NA
"1217",1217,85,"Zostera marina",354,"",NA,NA,NA,NA
"1218",1218,85,"Zostera marina",392,"",NA,NA,NA,NA
"1219",1219,85,"Zostera marina",391,"",NA,NA,NA,NA
"1220",1220,85,"Zostera marina",379,"",NA,NA,NA,NA
"1221",1221,85,"Zostera marina",344,"",NA,NA,NA,NA
"1222",1222,85,"Zostera marina",499,"",NA,NA,NA,NA
"1223",1223,85,"Zostera marina",632,"",NA,NA,NA,NA
"1224",1224,85,"Zostera marina",369,"",NA,NA,NA,NA
"1225",1225,85,"Zostera marina",504,"",NA,NA,NA,NA
"1226",1226,85,"Zostera marina",334,"",NA,NA,NA,NA
"1227",1227,85,"Zostera marina",355,"",NA,NA,NA,NA
"1228",1228,85,"Zostera marina",383,"",NA,NA,NA,NA
"1229",1229,86,"Zostera marina",531,"",NA,NA,NA,NA
"1230",1230,86,"Zostera marina",540,"",NA,NA,NA,NA
"1231",1231,86,"Zostera marina",563,"",NA,NA,NA,NA
"1232",1232,86,"Zostera marina",642,"",NA,NA,NA,NA
"1233",1233,86,"Zostera marina",712,"",NA,NA,NA,NA
"1234",1234,86,"Zostera marina",591,"",NA,NA,NA,NA
"1235",1235,86,"Zostera marina",557,"",NA,NA,NA,NA
"1236",1236,86,"Zostera marina",652,"",NA,NA,NA,NA
"1237",1237,86,"Zostera marina",472,"",NA,NA,NA,NA
"1238",1238,86,"Zostera marina",432,"",NA,NA,NA,NA
"1239",1239,86,"Zostera marina",352,"",NA,NA,NA,NA
"1240",1240,86,"Zostera marina",509,"",NA,NA,NA,NA
"1241",1241,86,"Zostera marina",193,"",NA,NA,NA,NA
"1242",1242,86,"Zostera marina",461,"",NA,NA,NA,NA
"1243",1243,86,"Zostera marina",291,"",NA,NA,NA,NA
"1244",1244,87,"Zostera marina",212,"",NA,NA,NA,NA
"1245",1245,87,"Zostera marina",263,"",NA,NA,NA,NA
"1246",1246,87,"Zostera marina",320,"",NA,NA,NA,NA
"1247",1247,87,"Zostera marina",371,"",NA,NA,NA,NA
"1248",1248,87,"Zostera marina",591,"",NA,NA,NA,NA
"1249",1249,87,"Zostera marina",444,"",NA,NA,NA,NA
"1250",1250,87,"Zostera marina",508,"",NA,NA,NA,NA
"1251",1251,87,"Zostera marina",598,"",NA,NA,NA,NA
"1252",1252,87,"Zostera marina",381,"",NA,NA,NA,NA
"1253",1253,87,"Zostera marina",685,"",NA,NA,NA,NA
"1254",1254,87,"Zostera marina",451,"",NA,NA,NA,NA
"1255",1255,87,"Zostera marina",572,"",NA,NA,NA,NA
"1256",1256,87,"Zostera marina",313,"",NA,NA,NA,NA
"1257",1257,87,"Zostera marina",372,"",NA,NA,NA,NA
"1258",1258,87,"Zostera marina",229,"",NA,NA,NA,NA
"1259",1259,88,"Zostera marina",424,"",NA,NA,NA,NA
"1260",1260,88,"Zostera marina",711,"",NA,NA,NA,NA
"1261",1261,88,"Zostera marina",301,"",NA,NA,NA,NA
"1262",1262,88,"Zostera marina",542,"",NA,NA,NA,NA
"1263",1263,88,"Zostera marina",589,"",NA,NA,NA,NA
"1264",1264,88,"Zostera marina",462,"",NA,NA,NA,NA
"1265",1265,88,"Zostera marina",321,"",NA,NA,NA,NA
"1266",1266,88,"Zostera marina",382,"",NA,NA,NA,NA
"1267",1267,88,"Zostera marina",669,"",NA,NA,NA,NA
"1268",1268,88,"Zostera marina",472,"",NA,NA,NA,NA
"1269",1269,88,"Zostera marina",420,"",NA,NA,NA,NA
"1270",1270,88,"Zostera marina",708,"",NA,NA,NA,NA
"1271",1271,88,"Zostera marina",566,"",NA,NA,NA,NA
"1272",1272,88,"Zostera marina",337,"",NA,NA,NA,NA
"1273",1273,88,"Zostera marina",428,"",NA,NA,NA,NA
"1274",1274,89,"Zostera marina",698,"",NA,NA,NA,NA
"1275",1275,89,"Zostera marina",782,"",NA,NA,NA,NA
"1276",1276,89,"Zostera marina",721,"",NA,NA,NA,NA
"1277",1277,89,"Zostera marina",647,"",NA,NA,NA,NA
"1278",1278,89,"Zostera marina",770,"",NA,NA,NA,NA
"1279",1279,89,"Zostera marina",812,"",NA,NA,NA,NA
"1280",1280,89,"Zostera marina",742,"",NA,NA,NA,NA
"1281",1281,89,"Zostera marina",823,"",NA,NA,NA,NA
"1282",1282,89,"Zostera marina",708,"",NA,NA,NA,NA
"1283",1283,89,"Zostera marina",613,"",NA,NA,NA,NA
"1284",1284,89,"Zostera marina",843,"",NA,NA,NA,NA
"1285",1285,89,"Zostera marina",687,"",NA,NA,NA,NA
"1286",1286,89,"Zostera marina",714,"",NA,NA,NA,NA
"1287",1287,89,"Zostera marina",697,"",NA,NA,NA,NA
"1288",1288,89,"Zostera marina",310,"",NA,NA,NA,NA
"1289",1289,90,"Zostera marina",812,"",NA,NA,NA,NA
"1290",1290,90,"Zostera marina",732,"",NA,NA,NA,NA
"1291",1291,90,"Zostera marina",586,"",NA,NA,NA,NA
"1292",1292,90,"Zostera marina",472,"",NA,NA,NA,NA
"1293",1293,90,"Zostera marina",402,"",NA,NA,NA,NA
"1294",1294,90,"Zostera marina",332,"",NA,NA,NA,NA
"1295",1295,90,"Zostera marina",293,"",NA,NA,NA,NA
"1296",1296,90,"Zostera marina",248,"",NA,NA,NA,NA
"1297",1297,90,"Zostera marina",231,"",NA,NA,NA,NA
"1298",1298,90,"Zostera marina",239,"",NA,NA,NA,NA
"1299",1299,90,"Zostera marina",474,"",NA,NA,NA,NA
"1300",1300,90,"Zostera marina",113,"",NA,NA,NA,NA
"1301",1301,90,"Zostera marina",328,"",NA,NA,NA,NA
"1302",1302,90,"Zostera marina",737,"",NA,NA,NA,NA
"1303",1303,90,"Zostera marina",393,"",NA,NA,NA,NA
"1304",1304,91,"Zostera marina",250,"",NA,NA,NA,NA
"1305",1305,91,"Zostera marina",142,"",NA,NA,NA,NA
"1306",1306,91,"Zostera marina",133,"",NA,NA,NA,NA
"1307",1307,91,"Zostera marina",306,"",NA,NA,NA,NA
"1308",1308,91,"Zostera marina",292,"",NA,NA,NA,NA
"1309",1309,91,"Zostera marina",258,"",NA,NA,NA,NA
"1310",1310,91,"Zostera marina",211,"",NA,NA,NA,NA
"1311",1311,91,"Zostera marina",189,"",NA,NA,NA,NA
"1312",1312,91,"Zostera marina",269,"",NA,NA,NA,NA
"1313",1313,91,"Zostera marina",126,"",NA,NA,NA,NA
"1314",1314,91,"Zostera marina",178,"",NA,NA,NA,NA
"1315",1315,91,"Zostera marina",156,"",NA,NA,NA,NA
"1316",1316,91,"Zostera marina",306,"",NA,NA,NA,NA
"1317",1317,91,"Zostera marina",218,"",NA,NA,NA,NA
"1318",1318,91,"Zostera marina",230,"",NA,NA,NA,NA
"1319",1319,92,"Zostera marina",161,"",NA,NA,NA,NA
"1320",1320,92,"Zostera marina",596,"",NA,NA,NA,NA
"1321",1321,92,"Zostera marina",140,"",NA,NA,NA,NA
"1322",1322,92,"Zostera marina",543,"",NA,NA,NA,NA
"1323",1323,92,"Zostera marina",218,"",NA,NA,NA,NA
"1324",1324,92,"Zostera marina",364,"",NA,NA,NA,NA
"1325",1325,92,"Zostera marina",425,"",NA,NA,NA,NA
"1326",1326,92,"Zostera marina",130,"",NA,NA,NA,NA
"1327",1327,92,"Zostera marina",516,"",NA,NA,NA,NA
"1328",1328,92,"Zostera marina",524,"",NA,NA,NA,NA
"1329",1329,92,"Zostera marina",266,"",NA,NA,NA,NA
"1330",1330,92,"Zostera marina",362,"",NA,NA,NA,NA
"1331",1331,92,"Zostera marina",325,"",NA,NA,NA,NA
"1332",1332,92,"Zostera marina",171,"",NA,NA,NA,NA
"1333",1333,92,"Zostera marina",369,"",NA,NA,NA,NA
"1334",1334,93,"Zostera marina",128,"",NA,NA,NA,NA
"1335",1335,93,"Zostera marina",429,"",NA,NA,NA,NA
"1336",1336,93,"Zostera marina",354,"",NA,NA,NA,NA
"1337",1337,93,"Zostera marina",275,"",NA,NA,NA,NA
"1338",1338,93,"Zostera marina",214,"",NA,NA,NA,NA
"1339",1339,93,"Zostera marina",483,"",NA,NA,NA,NA
"1340",1340,93,"Zostera marina",513,"",NA,NA,NA,NA
"1341",1341,93,"Zostera marina",188,"",NA,NA,NA,NA
"1342",1342,93,"Zostera marina",583,"",NA,NA,NA,NA
"1343",1343,93,"Zostera marina",420,"",NA,NA,NA,NA
"1344",1344,93,"Zostera marina",479,"",NA,NA,NA,NA
"1345",1345,93,"Zostera marina",351,"",NA,NA,NA,NA
"1346",1346,93,"Zostera marina",157,"",NA,NA,NA,NA
"1347",1347,93,"Zostera marina",307,"",NA,NA,NA,NA
"1348",1348,93,"Zostera marina",548,"",NA,NA,NA,NA
"1349",1349,94,"Zostera marina",180,"",NA,NA,NA,NA
"1350",1350,94,"Zostera marina",267,"",NA,NA,NA,NA
"1351",1351,94,"Zostera marina",304,"",NA,NA,NA,NA
"1352",1352,94,"Zostera marina",324,"",NA,NA,NA,NA
"1353",1353,94,"Zostera marina",256,"",NA,NA,NA,NA
"1354",1354,94,"Zostera marina",233,"",NA,NA,NA,NA
"1355",1355,94,"Zostera marina",273,"",NA,NA,NA,NA
"1356",1356,94,"Zostera marina",220,"",NA,NA,NA,NA
"1357",1357,94,"Zostera marina",184,"",NA,NA,NA,NA
"1358",1358,94,"Zostera marina",279,"",NA,NA,NA,NA
"1359",1359,94,"Zostera marina",90,"",NA,NA,NA,NA
"1360",1360,94,"Zostera marina",163,"",NA,NA,NA,NA
"1361",1361,94,"Zostera marina",279,"",NA,NA,NA,NA
"1362",1362,94,"Zostera marina",164,"",NA,NA,NA,NA
"1363",1363,94,"Zostera marina",123,"",NA,NA,NA,NA
"1364",1364,95,"Zostera marina",298,"",NA,NA,NA,NA
"1365",1365,95,"Zostera marina",259,"",NA,NA,NA,NA
"1366",1366,95,"Zostera marina",246,"",NA,NA,NA,NA
"1367",1367,95,"Zostera marina",69,"",NA,NA,NA,NA
"1368",1368,95,"Zostera marina",270,"",NA,NA,NA,NA
"1369",1369,95,"Zostera marina",178,"",NA,NA,NA,NA
"1370",1370,95,"Zostera marina",226,"",NA,NA,NA,NA
"1371",1371,95,"Zostera marina",155,"",NA,NA,NA,NA
"1372",1372,95,"Zostera marina",216,"",NA,NA,NA,NA
"1373",1373,95,"Zostera marina",337,"",NA,NA,NA,NA
"1374",1374,95,"Zostera marina",345,"",NA,NA,NA,NA
"1375",1375,95,"Zostera marina",309,"",NA,NA,NA,NA
"1376",1376,95,"Zostera marina",272,"",NA,NA,NA,NA
"1377",1377,95,"Zostera marina",212,"",NA,NA,NA,NA
"1378",1378,95,"Zostera marina",138,"",NA,NA,NA,NA
"1379",1379,95,"Zostera marina",306,"",NA,NA,NA,NA
"1380",1380,96,"Zostera marina",201,"",NA,NA,NA,NA
"1381",1381,96,"Zostera marina",299,"",NA,NA,NA,NA
"1382",1382,96,"Zostera marina",63,"",NA,NA,NA,NA
"1383",1383,96,"Zostera marina",245,"",NA,NA,NA,NA
"1384",1384,96,"Zostera marina",155,"",NA,NA,NA,NA
"1385",1385,96,"Zostera marina",315,"",NA,NA,NA,NA
"1386",1386,96,"Zostera marina",90,"",NA,NA,NA,NA
"1387",1387,96,"Zostera marina",150,"",NA,NA,NA,NA
"1388",1388,96,"Zostera marina",63,"",NA,NA,NA,NA
"1389",1389,96,"Zostera marina",205,"",NA,NA,NA,NA
"1390",1390,96,"Zostera marina",185,"",NA,NA,NA,NA
"1391",1391,96,"Zostera marina",233,"",NA,NA,NA,NA
"1392",1392,96,"Zostera marina",292,"",NA,NA,NA,NA
"1393",1393,96,"Zostera marina",198,"",NA,NA,NA,NA
"1394",1394,96,"Zostera marina",175,"",NA,NA,NA,NA
"1395",1395,97,"Zostera marina",334,"",NA,NA,NA,NA
"1396",1396,97,"Zostera marina",214,"",NA,NA,NA,NA
"1397",1397,97,"Zostera marina",229,"",NA,NA,NA,NA
"1398",1398,97,"Zostera marina",201,"",NA,NA,NA,NA
"1399",1399,97,"Zostera marina",170,"",NA,NA,NA,NA
"1400",1400,97,"Zostera marina",323,"",NA,NA,NA,NA
"1401",1401,97,"Zostera marina",288,"",NA,NA,NA,NA
"1402",1402,97,"Zostera marina",165,"",NA,NA,NA,NA
"1403",1403,97,"Zostera marina",295,"",NA,NA,NA,NA
"1404",1404,97,"Zostera marina",215,"",NA,NA,NA,NA
"1405",1405,97,"Zostera marina",356,"",NA,NA,NA,NA
"1406",1406,97,"Zostera marina",264,"",NA,NA,NA,NA
"1407",1407,97,"Zostera marina",246,"",NA,NA,NA,NA
"1408",1408,97,"Zostera marina",262,"",NA,NA,NA,NA
"1409",1409,97,"Zostera marina",296,"",NA,NA,NA,NA
"1410",1410,98,"Zostera marina",171,"",NA,NA,NA,NA
"1411",1411,98,"Zostera marina",323,"",NA,NA,NA,NA
"1412",1412,98,"Zostera marina",210,"",NA,NA,NA,NA
"1413",1413,98,"Zostera marina",286,"",NA,NA,NA,NA
"1414",1414,98,"Zostera marina",324,"",NA,NA,NA,NA
"1415",1415,98,"Zostera marina",453,"",NA,NA,NA,NA
"1416",1416,98,"Zostera marina",364,"",NA,NA,NA,NA
"1417",1417,98,"Zostera marina",325,"",NA,NA,NA,NA
"1418",1418,98,"Zostera marina",152,"",NA,NA,NA,NA
"1419",1419,98,"Zostera marina",260,"",NA,NA,NA,NA
"1420",1420,98,"Zostera marina",332,"",NA,NA,NA,NA
"1421",1421,98,"Zostera marina",249,"",NA,NA,NA,NA
"1422",1422,98,"Zostera marina",304,"",NA,NA,NA,NA
"1423",1423,98,"Zostera marina",280,"",NA,NA,NA,NA
"1424",1424,98,"Zostera marina",284,"",NA,NA,NA,NA
"1425",1425,99,"Zostera marina",348,"",NA,NA,NA,NA
"1426",1426,99,"Zostera marina",192,"",NA,NA,NA,NA
"1427",1427,99,"Zostera marina",238,"",NA,NA,NA,NA
"1428",1428,99,"Zostera marina",282,"",NA,NA,NA,NA
"1429",1429,99,"Zostera marina",285,"",NA,NA,NA,NA
"1430",1430,99,"Zostera marina",235,"",NA,NA,NA,NA
"1431",1431,99,"Zostera marina",287,"",NA,NA,NA,NA
"1432",1432,99,"Zostera marina",270,"",NA,NA,NA,NA
"1433",1433,99,"Zostera marina",291,"",NA,NA,NA,NA
"1434",1434,99,"Zostera marina",81,"",NA,NA,NA,NA
"1435",1435,99,"Zostera marina",347,"",NA,NA,NA,NA
"1436",1436,99,"Zostera marina",208,"",NA,NA,NA,NA
"1437",1437,99,"Zostera marina",270,"",NA,NA,NA,NA
"1438",1438,99,"Zostera marina",203,"",NA,NA,NA,NA
"1439",1439,99,"Zostera marina",205,"",NA,NA,NA,NA
"1440",1440,100,"Zostera marina",356,"",NA,NA,NA,NA
"1441",1441,100,"Zostera marina",156,"",NA,NA,NA,NA
"1442",1442,100,"Zostera marina",171,"",NA,NA,NA,NA
"1443",1443,100,"Zostera marina",341,"",NA,NA,NA,NA
"1444",1444,100,"Zostera marina",126,"",NA,NA,NA,NA
"1445",1445,100,"Zostera marina",210,"",NA,NA,NA,NA
"1446",1446,100,"Zostera marina",315,"",NA,NA,NA,NA
"1447",1447,100,"Zostera marina",382,"",NA,NA,NA,NA
"1448",1448,100,"Zostera marina",405,"",NA,NA,NA,NA
"1449",1449,100,"Zostera marina",91,"",NA,NA,NA,NA
"1450",1450,100,"Zostera marina",516,"",NA,NA,NA,NA
"1451",1451,100,"Zostera marina",417,"",NA,NA,NA,NA
"1452",1452,100,"Zostera marina",240,"",NA,NA,NA,NA
"1453",1453,100,"Zostera marina",338,"",NA,NA,NA,NA
"1454",1454,100,"Zostera marina",342,"",NA,NA,NA,NA
"1455",1455,101,"Zostera marina",334,"",NA,NA,NA,NA
"1456",1456,101,"Zostera marina",478,"",NA,NA,NA,NA
"1457",1457,101,"Zostera marina",375,"",NA,NA,NA,NA
"1458",1458,101,"Zostera marina",424,"",NA,NA,NA,NA
"1459",1459,101,"Zostera marina",452,"",NA,NA,NA,NA
"1460",1460,101,"Zostera marina",136,"",NA,NA,NA,NA
"1461",1461,101,"Zostera marina",342,"",NA,NA,NA,NA
"1462",1462,101,"Zostera marina",259,"",NA,NA,NA,NA
"1463",1463,101,"Zostera marina",457,"",NA,NA,NA,NA
"1464",1464,101,"Zostera marina",304,"",NA,NA,NA,NA
"1465",1465,101,"Zostera marina",369,"",NA,NA,NA,NA
"1466",1466,101,"Zostera marina",349,"",NA,NA,NA,NA
"1467",1467,101,"Zostera marina",299,"",NA,NA,NA,NA
"1468",1468,101,"Zostera marina",372,"",NA,NA,NA,NA
"1469",1469,101,"Zostera marina",206,"",NA,NA,NA,NA
"1470",1470,102,"Zostera marina",417,"",NA,NA,NA,NA
"1471",1471,102,"Zostera marina",456,"",NA,NA,NA,NA
"1472",1472,102,"Zostera marina",445,"",NA,NA,NA,NA
"1473",1473,102,"Zostera marina",376,"",NA,NA,NA,NA
"1474",1474,102,"Zostera marina",239,"",NA,NA,NA,NA
"1475",1475,102,"Zostera marina",447,"",NA,NA,NA,NA
"1476",1476,102,"Zostera marina",325,"",NA,NA,NA,NA
"1477",1477,102,"Zostera marina",452,"",NA,NA,NA,NA
"1478",1478,102,"Zostera marina",406,"",NA,NA,NA,NA
"1479",1479,102,"Zostera marina",429,"",NA,NA,NA,NA
"1480",1480,102,"Zostera marina",192,"",NA,NA,NA,NA
"1481",1481,102,"Zostera marina",408,"",NA,NA,NA,NA
"1482",1482,102,"Zostera marina",399,"",NA,NA,NA,NA
"1483",1483,102,"Zostera marina",410,"",NA,NA,NA,NA
"1484",1484,102,"Zostera marina",279,"",NA,NA,NA,NA
"1485",1485,103,"Zostera marina",344,"",NA,NA,NA,NA
"1486",1486,103,"Zostera marina",389,"",NA,NA,NA,NA
"1487",1487,103,"Zostera marina",344,"",NA,NA,NA,NA
"1488",1488,103,"Zostera marina",369,"",NA,NA,NA,NA
"1489",1489,103,"Zostera marina",327,"",NA,NA,NA,NA
"1490",1490,103,"Zostera marina",306,"",NA,NA,NA,NA
"1491",1491,103,"Zostera marina",366,"",NA,NA,NA,NA
"1492",1492,103,"Zostera marina",254,"",NA,NA,NA,NA
"1493",1493,103,"Zostera marina",284,"",NA,NA,NA,NA
"1494",1494,103,"Zostera marina",360,"",NA,NA,NA,NA
"1495",1495,103,"Zostera marina",185,"",NA,NA,NA,NA
"1496",1496,103,"Zostera marina",241,"",NA,NA,NA,NA
"1497",1497,103,"Zostera marina",261,"",NA,NA,NA,NA
"1498",1498,103,"Zostera marina",262,"",NA,NA,NA,NA
"1499",1499,103,"Zostera marina",275,"",NA,NA,NA,NA
"1500",1500,104,"Zostera marina",387,"",NA,NA,NA,NA
"1501",1501,104,"Zostera marina",424,"",NA,NA,NA,NA
"1502",1502,104,"Zostera marina",247,"",NA,NA,NA,NA
"1503",1503,104,"Zostera marina",289,"",NA,NA,NA,NA
"1504",1504,104,"Zostera marina",304,"",NA,NA,NA,NA
"1505",1505,104,"Zostera marina",319,"",NA,NA,NA,NA
"1506",1506,104,"Zostera marina",406,"",NA,NA,NA,NA
"1507",1507,104,"Zostera marina",264,"",NA,NA,NA,NA
"1508",1508,104,"Zostera marina",246,"",NA,NA,NA,NA
"1509",1509,104,"Zostera marina",335,"",NA,NA,NA,NA
"1510",1510,104,"Zostera marina",311,"",NA,NA,NA,NA
"1511",1511,104,"Zostera marina",294,"",NA,NA,NA,NA
"1512",1512,104,"Zostera marina",247,"",NA,NA,NA,NA
"1513",1513,104,"Zostera marina",292,"",NA,NA,NA,NA
"1514",1514,104,"Zostera marina",279,"",NA,NA,NA,NA
"1515",1515,105,"Zostera marina",317,"",NA,NA,NA,NA
"1516",1516,105,"Zostera marina",346,"",NA,NA,NA,NA
"1517",1517,105,"Zostera marina",328,"",NA,NA,NA,NA
"1518",1518,105,"Zostera marina",371,"",NA,NA,NA,NA
"1519",1519,105,"Zostera marina",379,"",NA,NA,NA,NA
"1520",1520,105,"Zostera marina",373,"",NA,NA,NA,NA
"1521",1521,105,"Zostera marina",371,"",NA,NA,NA,NA
"1522",1522,105,"Zostera marina",279,"",NA,NA,NA,NA
"1523",1523,105,"Zostera marina",317,"",NA,NA,NA,NA
"1524",1524,105,"Zostera marina",376,"",NA,NA,NA,NA
"1525",1525,105,"Zostera marina",380,"",NA,NA,NA,NA
"1526",1526,105,"Zostera marina",282,"",NA,NA,NA,NA
"1527",1527,105,"Zostera marina",434,"",NA,NA,NA,NA
"1528",1528,105,"Zostera marina",300,"",NA,NA,NA,NA
"1529",1529,105,"Zostera marina",403,"",NA,NA,NA,NA
"1530",1530,106,"Saccharina spp",939,"",NA,NA,NA,NA
"1531",1531,106,"Saccharina spp",328,"",NA,NA,NA,NA
"1532",1532,106,"Saccharina spp",304,"",NA,NA,NA,NA
"1533",1533,106,"Saccharina spp",336,"",NA,NA,NA,NA
"1534",1534,106,"Stephanocystis",270,"",NA,NA,NA,NA
"1535",1535,106,"Chorda filum",748,"",NA,NA,NA,NA
"1536",1536,106,"Chorda filum",727,"",NA,NA,NA,NA
"1537",1537,106,"Chorda filum",397,"",NA,NA,NA,NA
"1538",1538,106,"Chorda filum",1004,"",NA,NA,NA,NA
"1539",1539,106,"Chorda filum",866,"",NA,NA,NA,NA
"1540",1540,107,"Saccharina spp",374,"",NA,NA,NA,NA
"1541",1541,107,"Saccharina spp",117,"",NA,NA,NA,NA
"1542",1542,107,"Saccharina spp",205,"",NA,NA,NA,NA
"1543",1543,107,"Saccharina spp",173,"",NA,NA,NA,NA
"1544",1544,107,"Chorda filum",1401,"",NA,NA,NA,NA
"1545",1545,107,"Chorda filum",1434,"",NA,NA,NA,NA
"1546",1546,107,"Chorda filum",592,"",NA,NA,NA,NA
"1547",1547,107,"Chorda filum",698,"",NA,NA,NA,NA
"1548",1548,107,"Chorda filum",1022,"",NA,NA,NA,NA
"1549",1549,108,"Chorda filum",633,"",NA,NA,NA,NA
"1550",1550,108,"Chorda filum",1511,"",NA,NA,NA,NA
"1551",1551,108,"Chorda filum",535,"",NA,NA,NA,NA
"1552",1552,108,"Chorda filum",1056,"",NA,NA,NA,NA
"1553",1559,109,"Chorda filum",785,"",NA,NA,NA,NA
"1554",1560,109,"Chorda filum",550,"",NA,NA,NA,NA
"1555",1561,109,"Chorda filum",483,"",NA,NA,NA,NA
"1556",1562,109,"Chorda filum",1074,"",NA,NA,NA,NA
"1557",1563,110,"Saccharina spp",684,"",NA,NA,NA,NA
"1558",1564,110,"Saccharina spp",454,"",NA,NA,NA,NA
"1559",1565,110,"Saccharina spp",236,"",NA,NA,NA,NA
"1560",1566,110,"Saccharina spp",201,"",NA,NA,NA,NA
"1561",1567,110,"Saccharina spp",385,"",NA,NA,NA,NA
"1562",1568,110,"Chorda filum",1170,"",NA,NA,NA,NA
"1563",1569,110,"Chorda filum",745,"",NA,NA,NA,NA
"1564",1570,110,"Chorda filum",902,"",NA,NA,NA,NA
"1565",1571,110,"Chorda filum",889,"",NA,NA,NA,NA
"1566",1572,111,"Zostera marina",661,"",NA,NA,NA,NA
"1567",1573,111,"Zostera marina",389,"",NA,NA,NA,NA
"1568",1574,111,"Zostera marina",604,"",NA,NA,NA,NA
"1569",1575,111,"Zostera marina",402,"",NA,NA,NA,NA
"1570",1576,111,"Zostera marina",511,"",NA,NA,NA,NA
"1571",1577,111,"Zostera marina",866,"",NA,NA,NA,NA
"1572",1578,111,"Zostera marina",403,"",NA,NA,NA,NA
"1573",1579,111,"Zostera marina",424,"",NA,NA,NA,NA
"1574",1580,111,"Zostera marina",347,"",NA,NA,NA,NA
"1575",1581,111,"Zostera marina",345,"",NA,NA,NA,NA
"1576",1582,111,"Zostera marina",559,"",NA,NA,NA,NA
"1577",1588,111,"Fucus distichus",72,"",NA,NA,NA,NA
"1578",1589,111,"Fucus distichus",143,"",NA,NA,NA,NA
"1579",1590,111,"Fucus distichus",83,"",NA,NA,NA,NA
"1580",1591,111,"Fucus distichus",91,"",NA,NA,NA,NA
"1581",1592,111,"Neorhodomela aculeata",126,"",NA,NA,NA,NA
"1582",1593,111,"Neorhodomela aculeata",119,"",NA,NA,NA,NA
"1583",1594,111,"Neorhodomela aculeata",70,"",NA,NA,NA,NA
"1584",1595,111,"Neorhodomela aculeata",105,"",NA,NA,NA,NA
"1585",1596,111,"Neorhodomela aculeata",113,"",NA,NA,NA,NA
"1586",1597,111,"Neorhodomela aculeata",59,"",NA,NA,NA,NA
"1587",1598,112,"Fucus distichus",118,"",NA,NA,NA,NA
"1588",1599,112,"Fucus distichus",57,"",NA,NA,NA,NA
"1589",1600,112,"Fucus distichus",76,"",NA,NA,NA,NA
"1590",1605,112,"Zostera marina",528,"",NA,NA,NA,NA
"1591",1606,113,"Fucus distichus",93,"",NA,NA,NA,NA
"1592",1607,113,"Fucus distichus",81,"",NA,NA,NA,NA
"1593",1608,113,"Fucus distichus",74,"",NA,NA,NA,NA
"1594",1609,113,"Neorhodomela aculeata",132,"",NA,NA,NA,NA
"1595",1610,113,"Neorhodomela aculeata",84,"",NA,NA,NA,NA
"1596",1611,113,"Neorhodomela aculeata",102,"",NA,NA,NA,NA
"1597",1615,113,"Zostera marina",557,"",NA,NA,NA,NA
"1598",1616,113,"Zostera marina",634,"",NA,NA,NA,NA
"1599",1617,113,"Zostera marina",562,"",NA,NA,NA,NA
"1600",1618,113,"Zostera marina",442,"",NA,NA,NA,NA
"1601",1619,114,"Fucus distichus",90,"",NA,NA,NA,NA
"1602",1620,114,"Fucus distichus",93,"",NA,NA,NA,NA
"1603",1621,114,"Fucus distichus",125,"",NA,NA,NA,NA
"1604",1622,114,"Laminaria saccharina",192,"This name is currently regarded as a synonym of Saccharina latissima",NA,NA,NA,NA
"1605",1623,114,"Neorhodomela aculeata",208,"",NA,NA,NA,NA
"1606",1624,114,"Neorhodomela aculeata",135,"",NA,NA,NA,NA
"1607",1625,114,"Neorhodomela aculeata",139,"",NA,NA,NA,NA
"1608",1626,114,"Neorhodomela aculeata",134,"",NA,NA,NA,NA
"1609",1627,114,"Neorhodomela aculeata",214,"",NA,NA,NA,NA
"1610",1628,114,"Zostera marina",695,"",NA,NA,NA,NA
"1611",1629,114,"Zostera marina",561,"",NA,NA,NA,NA
"1612",1630,114,"Zostera marina",390,"",NA,NA,NA,NA
"1613",1631,114,"Zostera marina",620,"",NA,NA,NA,NA
"1614",1639,115,"Fucus distichus",92,"",NA,NA,NA,NA
"1615",1640,115,"Fucus distichus",146,"",NA,NA,NA,NA
"1616",1641,115,"Fucus distichus",79,"",NA,NA,NA,NA
"1617",1642,115,"Fucus distichus",91,"",NA,NA,NA,NA
"1618",1643,115,"Fucus distichus",89,"",NA,NA,NA,NA
"1619",1644,115,"Fucus distichus",103,"",NA,NA,NA,NA
"1620",1645,115,"Fucus distichus",52,"",NA,NA,NA,NA
"1621",1646,115,"Laminaria saccharina",132,"This name is currently regarded as a synonym of Saccharina latissima",NA,NA,NA,NA
"1622",1647,115,"Laminaria saccharina",184,"This name is currently regarded as a synonym of Saccharina latissima",NA,NA,NA,NA
"1623",1653,115,"Zostera marina",710,"",NA,NA,NA,NA
"1624",1654,115,"Zostera marina",657,"",NA,NA,NA,NA
"1625",1655,115,"Zostera marina",689,"",NA,NA,NA,NA
"1626",1656,115,"Zostera marina",501,"",NA,NA,NA,NA
"1627",1657,115,"Zostera marina",381,"",NA,NA,NA,NA
"1628",1658,116,"Saccharina latissima",183,"",NA,NA,NA,NA
"1629",1659,116,"Saccharina groenlandica",861,"",NA,NA,NA,NA
"1630",1660,116,"Ulva spp",75,"",NA,NA,NA,NA
"1631",1661,116,"Ulva spp",92,"",NA,NA,NA,NA
"1632",1662,116,"Fucus distichus",132,"",NA,NA,NA,NA
"1633",1663,116,"Fucus distichus",174,"",NA,NA,NA,NA
"1634",1664,116,"Fucus distichus",137,"",NA,NA,NA,NA
"1635",1665,116,"Fucus distichus",269,"",NA,NA,NA,NA
"1636",1666,116,"Fucus distichus",276,"",NA,NA,NA,NA
"1637",1667,116,"Neorhodomela aculeata",194,"",NA,NA,NA,NA
"1638",1668,116,"Neorhodomela aculeata",191,"",NA,NA,NA,NA
"1639",1669,116,"Neorhodomela aculeata",56,"",NA,NA,NA,NA
"1640",1670,116,"Neorhodomela aculeata",143,"",NA,NA,NA,NA
"1641",1671,116,"Neorhodomela aculeata",63,"",NA,NA,NA,NA
"1642",1672,116,"Constantinia spp",104,"",NA,NA,NA,NA
"1643",1673,116,"Palmaria spp",42,"",NA,NA,NA,NA
"1644",1674,116,"Palmaria spp",48,"",NA,NA,NA,NA
"1645",1675,116,"Palmaria spp",51,"",NA,NA,NA,NA
"1646",1676,117,"Neorhodomela aculeata",291,"",NA,NA,NA,NA
"1647",1677,117,"Ulva spp",355,"",NA,NA,NA,NA
"1648",1678,117,"Ulva spp",197,"",NA,NA,NA,NA
"1649",1679,117,"Ulva spp",244,"",NA,NA,NA,NA
"1650",1680,117,"Ulva spp",424,"",NA,NA,NA,NA
"1651",1681,117,"Ulva spp",367,"",NA,NA,NA,NA
"1652",1682,117,"Fucus distichus",283,"",NA,NA,NA,NA
"1653",1683,117,"Fucus distichus",285,"",NA,NA,NA,NA
"1654",1684,117,"Fucus distichus",214,"",NA,NA,NA,NA
"1655",1685,117,"Fucus distichus",206,"",NA,NA,NA,NA
"1656",1686,117,"Fucus distichus",169,"",NA,NA,NA,NA
"1657",1687,117,"Laminaria yezoensis",717,"",NA,NA,NA,NA
"1658",1688,117,"Saccharina groenlandica",729,"",NA,NA,NA,NA
"1659",1689,117,"Palmaria spp",112,"",NA,NA,NA,NA
"1660",1690,117,"Palmaria spp",184,"",NA,NA,NA,NA
"1661",1691,117,"Palmaria spp",72,"",NA,NA,NA,NA
"1662",1692,117,"Palmaria spp",85,"",NA,NA,NA,NA
"1663",1693,117,"Palmaria spp",63,"",NA,NA,NA,NA
"1664",1694,117,"Analipus japonicus",76,"",NA,NA,NA,NA
"1665",1695,117,"Analipus japonicus",101,"",NA,NA,NA,NA
"1666",1696,118,"Fucus distichus",185,"",NA,NA,NA,NA
"1667",1697,118,"Fucus distichus",278,"",NA,NA,NA,NA
"1668",1698,118,"Fucus distichus",283,"",NA,NA,NA,NA
"1669",1699,118,"Sargassum spp",604,"",NA,NA,NA,NA
"1670",1700,118,"Saccharina latissima",1090,"",NA,NA,NA,NA
"1671",1701,118,"Saccharina latissima",593,"",NA,NA,NA,NA
"1672",1702,118,"Saccharina latissima",158,"",NA,NA,NA,NA
"1673",1703,118,"Saccharina latissima",225,"",NA,NA,NA,NA
"1674",1704,118,"Saccharina latissima",301,"",NA,NA,NA,NA
"1675",1705,118,"Saccharina latissima",300,"",NA,NA,NA,NA
"1676",1706,118,"Palmaria spp",96,"",NA,NA,NA,NA
"1677",1707,118,"Palmaria spp",70,"",NA,NA,NA,NA
"1678",1708,118,"Palmaria spp",103,"",NA,NA,NA,NA
"1679",1709,118,"Palmaria spp",56,"",NA,NA,NA,NA
"1680",1710,118,"Palmaria spp",82,"",NA,NA,NA,NA
"1681",1711,118,"Palmaria spp",55,"",NA,NA,NA,NA
"1682",1712,118,"Ulva spp",300,"",NA,NA,NA,NA
"1683",1713,118,"Ulva spp",605,"",NA,NA,NA,NA
"1684",1714,118,"Ulva spp",143,"",NA,NA,NA,NA
"1685",1715,118,"Ulva spp",163,"",NA,NA,NA,NA
"1686",1716,118,"Desmarestia spp",401,"",NA,NA,NA,NA
"1687",1717,118,"Desmarestia spp",422,"",NA,NA,NA,NA
"1688",1718,118,"Neorhodomela aculeata",85,"",NA,NA,NA,NA
"1689",1719,118,"Neorhodomela aculeata",80,"",NA,NA,NA,NA
"1690",1720,118,"Neorhodomela aculeata",85,"",NA,NA,NA,NA
"1691",1721,118,"Neorhodomela aculeata",55,"",NA,NA,NA,NA
"1692",1722,118,"Odonthalia spp",217,"",NA,NA,NA,NA
"1693",1723,118,"Saccharina latissima",567,"",NA,NA,NA,NA
"1694",1724,118,"Saccharina latissima",275,"",NA,NA,NA,NA
"1695",1725,118,"Saccharina latissima",119,"",NA,NA,NA,NA
"1696",1726,119,"Fucus distichus",239,"",NA,NA,NA,NA
"1697",1727,119,"Fucus distichus",295,"",NA,NA,NA,NA
"1698",1728,119,"Fucus distichus",164,"",NA,NA,NA,NA
"1699",1729,119,"Petalonia fascia",159,"",NA,NA,NA,NA
"1700",1730,119,"Petalonia fascia",121,"",NA,NA,NA,NA
"1701",1731,119,"Saccharina latissima",121,"",NA,NA,NA,NA
"1702",1732,119,"Saccharina latissima",102,"",NA,NA,NA,NA
"1703",1733,119,"Saccharina latissima",165,"",NA,NA,NA,NA
"1704",1734,119,"Saccharina latissima",325,"",NA,NA,NA,NA
"1705",1735,119,"Saccharina latissima",298,"",NA,NA,NA,NA
"1706",1736,119,"Palmaria spp",178,"",NA,NA,NA,NA
"1707",1737,119,"Palmaria spp",192,"",NA,NA,NA,NA
"1708",1738,119,"Palmaria spp",101,"",NA,NA,NA,NA
"1709",1739,119,"Palmaria spp",138,"",NA,NA,NA,NA
"1710",1740,119,"Palmaria spp",89,"",NA,NA,NA,NA
"1711",1741,119,"Ulva lactuca",119,"",NA,NA,NA,NA
"1712",1742,119,"Ulva lactuca",115,"",NA,NA,NA,NA
"1713",1743,119,"Ulva lactuca",325,"",NA,NA,NA,NA
"1714",1744,119,"Ulva lactuca",309,"",NA,NA,NA,NA
"1715",1745,119,"Ulva lactuca",158,"",NA,NA,NA,NA
"1716",1746,119,"Saccharina groenlandica",152,"",NA,NA,NA,NA
"1717",1747,119,"Saccharina groenlandica",183,"",NA,NA,NA,NA
"1718",1748,120,"Ulva spp",262,"",NA,NA,NA,NA
"1719",1749,120,"Ulva spp",559,"",NA,NA,NA,NA
"1720",1750,120,"Ulva spp",549,"",NA,NA,NA,NA
"1721",1751,120,"Ulva spp",446,"",NA,NA,NA,NA
"1722",1752,120,"Laminaria yezoensis",549,"",NA,NA,NA,NA
"1723",1753,120,"Palmaria spp",81,"",NA,NA,NA,NA
"1724",1754,120,"Palmaria spp",69,"",NA,NA,NA,NA
"1725",1755,120,"Palmaria spp",125,"",NA,NA,NA,NA
"1726",1756,120,"Palmaria spp",84,"",NA,NA,NA,NA
"1727",1757,120,"Saccharina latissima",1448,"",NA,NA,NA,NA
"1728",1758,120,"Saccharina groenlandica",291,"",NA,NA,NA,NA
"1729",1759,120,"Sargassum spp",524,"",NA,NA,NA,NA
"1730",1760,120,"Sargassum spp",71,"",NA,NA,NA,NA
"1731",1761,120,"Fucus distichus",204,"",NA,NA,NA,NA
"1732",1762,120,"Neorhodomela aculeata",89,"",NA,NA,NA,NA
"1733",1763,120,"Neorhodomela aculeata",42,"",NA,NA,NA,NA
"1734",1764,121,"Saccharina spp",208,"",NA,NA,NA,NA
"1735",1765,121,"Saccharina spp",277,"",NA,NA,NA,NA
"1736",1766,121,"Saccharina spp",140,"",NA,NA,NA,NA
"1737",1767,121,"Saccharina spp",174,"",NA,NA,NA,NA
"1738",1768,121,"Saccharina spp",129,"",NA,NA,NA,NA
"1739",1769,121,"Neorhodomela aculeata",308,"",NA,NA,NA,NA
"1740",1770,121,"Neorhodomela aculeata",124,"",NA,NA,NA,NA
"1741",1771,121,"Neorhodomela aculeata",327,"",NA,NA,NA,NA
"1742",1772,121,"Neorhodomela aculeata",177,"",NA,NA,NA,NA
"1743",1773,121,"Neorhodomela aculeata",78,"",NA,NA,NA,NA
"1744",1774,121,"Sparlingia pertusa",114,"",NA,NA,NA,NA
"1745",1775,121,"Sparlingia pertusa",74,"",NA,NA,NA,NA
"1746",1776,121,"Sparlingia pertusa",145,"",NA,NA,NA,NA
"1747",1777,121,"Sparlingia pertusa",73,"",NA,NA,NA,NA
"1748",1778,121,"Sparlingia pertusa",182,"",NA,NA,NA,NA
"1749",1779,121,"Ulva spp",97,"",NA,NA,NA,NA
"1750",1780,121,"Ulva spp",135,"",NA,NA,NA,NA
"1751",1781,121,"Ulva spp",75,"",NA,NA,NA,NA
"1752",1782,121,"Ulva spp",140,"",NA,NA,NA,NA
"1753",1783,121,"Ulva spp",91,"",NA,NA,NA,NA
"1754",1784,121,"Polyneura latissima",137,"",NA,NA,NA,NA
"1755",1785,121,"Polyneura latissima",125,"",NA,NA,NA,NA
"1756",1786,121,"Polyneura latissima",151,"",NA,NA,NA,NA
"1757",1787,121,"Polyneura latissima",70,"",NA,NA,NA,NA
"1758",1788,121,"Polyneura latissima",67,"",NA,NA,NA,NA
"1759",1789,121,"Corallina vancouveriensis",37,"",NA,NA,NA,NA
"1760",1790,121,"Corallina vancouveriensis",21,"",NA,NA,NA,NA
"1761",1791,121,"Corallina vancouveriensis",42,"",NA,NA,NA,NA
"1762",1792,121,"Corallina vancouveriensis",34,"",NA,NA,NA,NA
"1763",1793,121,"Corallina vancouveriensis",32,"",NA,NA,NA,NA
"1764",1794,121,"Palmaria callophyllis",95,"",NA,NA,NA,NA
"1765",1795,121,"Palmaria callophyllis",85,"",NA,NA,NA,NA
"1766",1796,121,"Palmaria callophyllis",65,"",NA,NA,NA,NA
"1767",1797,121,"Palmaria callophyllis",44,"",NA,NA,NA,NA
"1768",1798,121,"Palmaria callophyllis",40,"",NA,NA,NA,NA
"1769",1799,121,"Odonthalia spp",136,"",NA,NA,NA,NA
"1770",1800,121,"Odonthalia spp",126,"",NA,NA,NA,NA
"1771",1801,121,"Odonthalia spp",95,"",NA,NA,NA,NA
"1772",1802,121,"Odonthalia spp",81,"",NA,NA,NA,NA
"1773",1803,121,"Odonthalia spp",155,"",NA,NA,NA,NA
"1774",1804,121,"Odonthalia spp",145,"",NA,NA,NA,NA
"1775",1805,121,"Odonthalia spp",140,"",NA,NA,NA,NA
"1776",1806,121,"Odonthalia spp",84,"",NA,NA,NA,NA
"1777",1807,121,"Odonthalia spp",200,"",NA,NA,NA,NA
"1778",1808,121,"Odonthalia spp",158,"",NA,NA,NA,NA
"1779",1809,121,"Farlowia mollis",48,"",NA,NA,NA,NA
"1780",1810,121,"Farlowia mollis",45,"",NA,NA,NA,NA
"1781",1811,121,"Farlowia mollis",32,"",NA,NA,NA,NA
"1782",1812,121,"Farlowia mollis",43,"",NA,NA,NA,NA
"1783",1813,121,"Farlowia mollis",40,"",NA,NA,NA,NA
"1784",1814,122,"Saccharina spp",570,"",NA,NA,NA,NA
"1785",1815,122,"Saccharina spp",680,"",NA,NA,NA,NA
"1786",1816,122,"Saccharina spp",1150,"",NA,NA,NA,NA
"1787",1817,122,"Saccharina spp",1413,"",NA,NA,NA,NA
"1788",1818,122,"Saccharina spp",415,"",NA,NA,NA,NA
"1789",1819,123,"Saccharina latissima",125,"",NA,NA,NA,NA
"1790",1820,123,"Sargassum muticum",186,"",NA,NA,NA,NA
"1791",1821,123,"Sargassum muticum",157,"",NA,NA,NA,NA
"1792",1822,123,"Sargassum muticum",120,"",NA,NA,NA,NA
"1793",1823,123,"Sargassum muticum",190,"",NA,NA,NA,NA
"1794",1824,123,"Sargassum muticum",127,"",NA,NA,NA,NA
"1795",1825,123,"Palmaria mollis",75,"",NA,NA,NA,NA
"1796",1826,123,"Palmaria mollis",51,"",NA,NA,NA,NA
"1797",1827,123,"Palmaria mollis",93,"",NA,NA,NA,NA
"1798",1828,123,"Palmaria mollis",50,"",NA,NA,NA,NA
"1799",1829,123,"Sparlingia pertusa",106,"",NA,NA,NA,NA
"1800",1830,123,"Sparlingia pertusa",95,"",NA,NA,NA,NA
"1801",1831,123,"Farlowia mollis",39,"",NA,NA,NA,NA
"1802",1832,123,"Farlowia mollis",43,"",NA,NA,NA,NA
"1803",1833,123,"Farlowia mollis",26,"",NA,NA,NA,NA
"1804",1834,123,"Cumanthamnion decipiens",70,"",NA,NA,NA,NA
"1805",1835,123,"Cumanthamnion decipiens",107,"",NA,NA,NA,NA
"1806",1836,123,"Cumanthamnion decipiens",93,"",NA,NA,NA,NA
"1807",1837,123,"Cumanthamnion decipiens",58,"",NA,NA,NA,NA
"1808",1838,123,"Cumanthamnion decipiens",77,"",NA,NA,NA,NA
"1809",1839,124,"Saccharina spp",850,"",NA,NA,NA,NA
"1810",1840,124,"Neorhodomela aculeata",72,"",NA,NA,NA,NA
"1811",1841,124,"Neorhodomela aculeata",360,"",NA,NA,NA,NA
"1812",1842,124,"Neorhodomela aculeata",195,"",NA,NA,NA,NA
"1813",1843,124,"Sargassum muticum",324,"",NA,NA,NA,NA
"1814",1844,124,"Sargassum muticum",171,"",NA,NA,NA,NA
"1815",1845,124,"Sargassum muticum",274,"",NA,NA,NA,NA
"1816",1846,124,"Sargassum muticum",258,"",NA,NA,NA,NA
"1817",1847,124,"Sargassum muticum",296,"",NA,NA,NA,NA
"1818",1848,124,"Sargassum muticum",257,"",NA,NA,NA,NA
"1819",1849,124,"Sargassum muticum",167,"",NA,NA,NA,NA
"1820",1850,124,"Sargassum muticum",223,"",NA,NA,NA,NA
"1821",1851,124,"Sargassum muticum",207,"",NA,NA,NA,NA
"1822",1852,124,"Odonthalia spp",131,"",NA,NA,NA,NA
"1823",1853,124,"Odonthalia spp",88,"",NA,NA,NA,NA
"1824",1854,124,"Odonthalia spp",99,"",NA,NA,NA,NA
"1825",1855,124,"Odonthalia spp",62,"",NA,NA,NA,NA
"1826",1856,124,"Odonthalia spp",110,"",NA,NA,NA,NA
"1827",1857,124,"Odonthalia spp",76,"",NA,NA,NA,NA
"1828",1858,124,"Sparlingia pertusa",115,"",NA,NA,NA,NA
"1829",1859,124,"Sparlingia pertusa",166,"",NA,NA,NA,NA
"1830",1860,124,"Sparlingia pertusa",104,"",NA,NA,NA,NA
"1831",1861,124,"Sparlingia pertusa",71,"",NA,NA,NA,NA
"1832",1862,124,"Polyneura latissima",61,"",NA,NA,NA,NA
"1833",1863,124,"Polyneura latissima",91,"",NA,NA,NA,NA
"1834",1864,124,"Polyneura latissima",86,"",NA,NA,NA,NA
"1835",1865,124,"Polyneura latissima",44,"",NA,NA,NA,NA
"1836",1866,125,"Saccharina spp",1110,"",NA,NA,NA,NA
"1837",1867,125,"Saccharina spp",550,"",NA,NA,NA,NA
"1838",1868,125,"Neorhodomela aculeata",135,"",NA,NA,NA,NA
"1839",1869,125,"Neorhodomela aculeata",36,"",NA,NA,NA,NA
"1840",1870,125,"Neorhodomela aculeata",72,"",NA,NA,NA,NA
"1841",1553,109,"Phyllospadix serratus",301,"",NA,0.743738319290077,0.652815159621159,0.847325126305937
"1842",1554,109,"Phyllospadix serratus",505,"",NA,1.46046374947332,1.34288027142935,1.58834291403759
"1843",1555,109,"Phyllospadix serratus",421,"",NA,1.15199965553509,1.04300379142588,1.27238579309353
"1844",1556,109,"Phyllospadix serratus",315,"",NA,0.789167135429221,0.695692973707599,0.895200600233919
"1845",1557,109,"Phyllospadix serratus",354,"",NA,0.918922550280949,0.818999577594805,1.03103673862041
"1846",1558,109,"Phyllospadix serratus",434,"",NA,1.19860705629156,1.0881052406691,1.32033081148336
"1847",1583,111,"Phyllospadix serratus",598,"",NA,1.820651255597,1.69563092334816,1.95488944490448
"1848",1584,111,"Phyllospadix serratus",653,"",NA,2.04202100293474,1.91277961108969,2.1799948892445
"1849",1585,111,"Phyllospadix serratus",779,"",NA,2.57032640455456,2.42877570477049,2.72012677538483
"1850",1586,111,"Phyllospadix serratus",421,"",NA,1.15199965553509,1.04300379142588,1.27238579309353
"1851",1587,111,"Phyllospadix serratus",538,"",NA,1.58614360960941,1.46577048745814,1.71640210512604
"1852",1601,112,"Phyllospadix serratus",571,"",NA,1.71419128664937,1.59122124429088,1.84666448978572
"1853",1602,112,"Phyllospadix serratus",580,"",NA,1.74951145156892,1.62585374938419,1.88257419852806
"1854",1603,112,"Phyllospadix serratus",564,"",NA,1.68683673152817,1.56440627979178,1.81884859169151
"1855",1604,112,"Phyllospadix serratus",609,"",NA,1.86444855897174,1.73859794512432,1.99940902886735
"1856",1612,113,"Phyllospadix serratus",692,"",NA,2.20249563688409,2.07000008627518,2.34347189773428
"1857",1613,113,"Phyllospadix serratus",557,"",NA,1.65958523849161,1.53769958761058,1.79113214701385
"1858",1614,113,"Phyllospadix serratus",651,"",NA,2.03386841138396,1.90478582495454,2.17169860287269
"1859",1632,114,"Phyllospadix serratus",551,"",NA,1.63630952630729,1.51489571835184,1.7674542435152
"1860",1633,114,"Phyllospadix serratus",844,"",NA,2.85350431175686,2.70267403902215,3.01275208909804
"1861",1634,114,"Phyllospadix serratus",710,"",NA,2.27750350586968,2.14337371177911,2.42002698397527
"1862",1635,114,"Phyllospadix serratus",701,"",NA,2.23992634944414,2.10662612616774,2.38166136297821
"1863",1636,114,"Phyllospadix serratus",687,"",NA,2.18176456050127,2.04970611760065,2.32233126328928
"1864",1637,114,"Phyllospadix serratus",451,"",NA,1.26019750307772,1.14783430739839,1.38356009794028
"1865",1638,114,"Phyllospadix serratus",630,"",NA,1.94872903988809,1.82128181802249,2.08509459289857
"1866",1648,115,"Phyllospadix serratus",540,"",NA,1.59383768748724,1.47330265554065,1.72423402924124
"1867",1649,115,"Phyllospadix serratus",645,"",NA,2.00945638502509,1.88084665509407,2.14686027294243
"1868",1650,115,"Phyllospadix serratus",632,"",NA,1.95680086008947,1.82920000427565,2.09330286305306
"1869",1651,115,"Phyllospadix serratus",565,"",NA,1.69073823593886,1.56823040324447,1.82281619878786
"1870",1652,115,"Phyllospadix serratus",682,"",NA,2.16107932132069,2.02945138080806,2.30124450243314
