"","plant_ID","quadrat_ID","species","length_mm","weight_g","notes"
"1",1,1,"Zostera marina",441,NA,""
"2",2,1,"Zostera marina",608,NA,""
"3",3,1,"Zostera marina",432,NA,""
"4",4,1,"Zostera marina",651,NA,""
"5",5,1,"Zostera marina",385,NA,""
"6",6,1,"Zostera marina",438,NA,""
"7",7,1,"Zostera marina",554,NA,""
"8",8,1,"Zostera marina",633,NA,""
"9",9,1,"Zostera marina",634,NA,""
"10",10,1,"Zostera marina",626,NA,""
"11",11,1,"Zostera marina",592,NA,""
"12",12,1,"Zostera marina",384,NA,""
"13",13,1,"Zostera marina",328,NA,""
"14",14,1,"Zostera marina",671,NA,""
"15",15,1,"Zostera marina",206,NA,""
"16",16,2,"Zostera marina",214,NA,""
"17",17,2,"Zostera marina",306,NA,""
"18",18,2,"Zostera marina",316,NA,""
"19",19,2,"Zostera marina",334,NA,""
"20",20,2,"Zostera marina",414,NA,""
"21",21,2,"Zostera marina",397,NA,""
"22",22,2,"Zostera marina",399,NA,""
"23",23,2,"Zostera marina",434,NA,""
"24",24,2,"Zostera marina",500,NA,""
"25",25,2,"Zostera marina",500,NA,""
"26",26,2,"Zostera marina",430,NA,""
"27",27,2,"Zostera marina",319,NA,""
"28",28,2,"Zostera marina",452,NA,""
"29",29,2,"Zostera marina",368,NA,""
"30",30,2,"Zostera marina",450,NA,""
"31",31,3,"Zostera marina",410,NA,""
"32",32,3,"Zostera marina",616,NA,""
"33",33,3,"Zostera marina",518,NA,""
"34",34,3,"Zostera marina",512,NA,""
"35",35,3,"Zostera marina",477,NA,""
"36",36,3,"Zostera marina",535,NA,""
"37",37,3,"Zostera marina",354,NA,""
"38",38,3,"Zostera marina",382,NA,""
"39",39,3,"Zostera marina",314,NA,""
"40",40,3,"Zostera marina",440,NA,""
"41",41,3,"Zostera marina",260,NA,""
"42",42,3,"Zostera marina",324,NA,""
"43",43,3,"Zostera marina",298,NA,""
"44",44,3,"Zostera marina",285,NA,""
"45",45,3,"Zostera marina",426,NA,""
"46",46,4,"Zostera marina",702,NA,""
"47",47,4,"Zostera marina",506,NA,""
"48",48,4,"Zostera marina",645,NA,""
"49",49,4,"Zostera marina",696,NA,""
"50",50,4,"Zostera marina",594,NA,""
"51",51,4,"Zostera marina",604,NA,""
"52",52,4,"Zostera marina",467,NA,""
"53",53,4,"Zostera marina",619,NA,""
"54",54,4,"Zostera marina",780,NA,""
"55",55,4,"Zostera marina",343,NA,""
"56",56,4,"Zostera marina",486,NA,""
"57",57,4,"Zostera marina",642,NA,""
"58",58,4,"Zostera marina",680,NA,""
"59",59,4,"Zostera marina",654,NA,""
"60",60,4,"Zostera marina",382,NA,""
"61",61,5,"Zostera marina",468,NA,""
"62",62,5,"Zostera marina",471,NA,""
"63",63,5,"Zostera marina",482,NA,""
"64",64,5,"Zostera marina",377,NA,""
"65",65,5,"Zostera marina",440,NA,""
"66",66,5,"Zostera marina",342,NA,""
"67",67,5,"Zostera marina",254,NA,""
"68",68,5,"Zostera marina",515,NA,""
"69",69,5,"Zostera marina",278,NA,""
"70",70,5,"Zostera marina",453,NA,""
"71",71,5,"Zostera marina",312,NA,""
"72",72,5,"Zostera marina",308,NA,""
"73",73,5,"Zostera marina",408,NA,""
"74",74,5,"Zostera marina",239,NA,""
"75",75,5,"Zostera marina",460,NA,""
"76",76,7,"Saccharina groenlandica",1200,293.9,""
"77",77,7,"Saccharina groenlandica",990,357.3,""
"78",78,8,"Neorhodomela larix",64,NA,""
"79",79,8,"Neorhodomela larix",72,NA,""
"80",80,8,"Neorhodomela larix",101,NA,""
"81",81,8,"Neorhodomela larix",52,NA,""
"82",82,8,"Neorhodomela larix",61,NA,""
"83",83,8,"Neorhodomela oregana",160,NA,""
"84",84,8,"Neorhodomela oregana",91,NA,""
"85",85,8,"Neorhodomela oregana",100,NA,""
"86",86,8,"Sargassum muticum",267,NA,""
"87",87,8,"Sargassum muticum",401,NA,""
"88",88,8,"Sargassum muticum",90,NA,""
"89",89,8,"Sargassum muticum",150,NA,""
"90",90,8,"Sargassum muticum",110,NA,""
"91",91,9,"Saccharina groenlandica",850,230.3,""
"92",92,9,"Saccharina groenlandica",210,15,""
"93",93,9,"Saccharina groenlandica",432,76,""
"94",94,9,"Saccharina groenlandica",910,248.8,""
"95",95,9,"Sargassum muticum",226,NA,""
"96",96,9,"Sargassum muticum",175,NA,""
"97",97,9,"Sargassum muticum",293,NA,""
"98",98,10,"Saccharina groenlandica",750,152.6,""
"99",99,10,"Saccharina groenlandica",112,9.6,""
"100",100,10,"Saccharina groenlandica",902,294.6,""
"101",101,10,"Sargassum muticum",176,NA,""
"102",102,10,"Sargassum muticum",95,NA,""
"103",103,10,"Sargassum muticum",360,NA,""
"104",104,10,"Sargassum muticum",200,NA,""
"105",105,10,"Sargassum muticum",220,NA,""
"106",106,11,"Zostera marina",398,NA,""
"107",107,11,"Zostera marina",530,NA,""
"108",108,11,"Zostera marina",291,NA,""
"109",109,11,"Phyllospadix serrulatus",920,NA,""
"110",110,11,"Phyllospadix serrulatus",805,NA,""
"111",111,11,"Phyllospadix serrulatus",830,NA,""
"112",112,11,"Phyllospadix serrulatus",880,NA,""
"113",113,11,"Phyllospadix serrulatus",824,NA,""
"114",114,11,"Phyllospadix serrulatus",762,NA,""
"115",115,11,"Phyllospadix serrulatus",798,NA,""
"116",116,11,"Phyllospadix serrulatus",891,NA,""
"117",117,11,"Phyllospadix serrulatus",760,NA,""
"118",118,11,"Phyllospadix serrulatus",956,NA,""
"119",119,11,"Phyllospadix serrulatus",870,NA,""
"120",120,11,"Phyllospadix serrulatus",926,NA,""
"121",121,11,"Phyllospadix serrulatus",859,NA,""
"122",122,11,"Phyllospadix serrulatus",842,NA,""
"123",123,12,"Phyllospadix serrulatus",737,NA,""
"124",124,12,"Phyllospadix serrulatus",670,NA,""
"125",125,12,"Phyllospadix serrulatus",482,NA,""
"126",126,12,"Phyllospadix serrulatus",941,NA,""
"127",127,12,"Phyllospadix serrulatus",790,NA,""
"128",128,12,"Phyllospadix serrulatus",801,NA,""
"129",129,12,"Phyllospadix serrulatus",805,NA,""
"130",130,12,"Phyllospadix serrulatus",970,NA,""
"131",131,12,"Phyllospadix serrulatus",668,NA,""
"132",132,12,"Phyllospadix serrulatus",346,NA,""
"133",133,12,"Phyllospadix serrulatus",1003,NA,""
"134",134,12,"Phyllospadix serrulatus",902,NA,""
"135",135,12,"Phyllospadix serrulatus",801,NA,""
"136",136,12,"Phyllospadix serrulatus",597,NA,""
"137",137,12,"Phyllospadix serrulatus",652,NA,""
"138",138,13,"Zostera marina",442,NA,""
"139",139,13,"Zostera marina",229,NA,""
"140",140,13,"Zostera marina",337,NA,""
"141",141,13,"Zostera marina",182,NA,""
"142",142,13,"Zostera marina",506,NA,""
"143",143,13,"Zostera marina",512,NA,""
"144",144,13,"Zostera marina",162,NA,""
"145",145,13,"Zostera marina",444,NA,""
"146",146,13,"Zostera marina",448,NA,""
"147",147,13,"Zostera marina",256,NA,""
"148",148,13,"Zostera marina",467,NA,""
"149",149,13,"Zostera marina",253,NA,""
"150",150,13,"Zostera marina",387,NA,""
"151",151,13,"Zostera marina",443,NA,""
"152",152,13,"Zostera marina",705,NA,""
"153",153,14,"Zostera marina",646,NA,""
"154",154,14,"Zostera marina",357,NA,""
"155",155,14,"Zostera marina",810,NA,""
"156",156,14,"Zostera marina",646,NA,""
"157",157,14,"Zostera marina",845,NA,""
"158",158,14,"Zostera marina",681,NA,""
"159",159,14,"Zostera marina",877,NA,""
"160",160,14,"Zostera marina",221,NA,""
"161",161,14,"Zostera marina",625,NA,""
"162",162,14,"Zostera marina",628,NA,""
"163",163,14,"Zostera marina",731,NA,""
"164",164,14,"Zostera marina",854,NA,""
"165",165,14,"Zostera marina",496,NA,""
"166",166,14,"Zostera marina",640,NA,""
"167",167,14,"Zostera marina",516,NA,""
"168",168,15,"Zostera marina",584,NA,""
"169",169,15,"Zostera marina",516,NA,""
"170",170,15,"Zostera marina",870,NA,""
"171",171,15,"Zostera marina",604,NA,""
"172",172,15,"Zostera marina",592,NA,""
"173",173,15,"Zostera marina",205,NA,""
"174",174,15,"Zostera marina",666,NA,""
"175",175,15,"Zostera marina",764,NA,""
"176",176,15,"Zostera marina",555,NA,""
"177",177,15,"Zostera marina",400,NA,""
"178",178,15,"Zostera marina",833,NA,""
"179",179,15,"Zostera marina",770,NA,""
"180",180,15,"Zostera marina",523,NA,""
"181",181,15,"Zostera marina",682,NA,""
"182",182,15,"Zostera marina",721,NA,""
"183",183,16,"Saccharina latissima",1564,143.5,""
"184",184,17,"Saccharina latissima",1256,112.3,""
"185",185,17,"Saccharina latissima",1262,190.3,""
"186",186,17,"Saccharina latissima",1001,117.7,""
"187",187,17,"Saccharina latissima",152,3.7,""
"188",188,17,"Saccharina latissima",250,6,""
"189",189,17,"Saccharina latissima",2141,379.7,""
"190",190,18,"Stephanocystis geminata",870,80.1,""
"191",191,18,"Stephanocystis geminata",314,6.3,""
"192",192,18,"Stephanocystis geminata",250,3.7,""
"193",193,18,"Stephanocystis geminata",492,18.8,""
"194",194,18,"Stephanocystis geminata",712,40.4,""
"195",195,18,"Zostera marina",619,3.3,"one blade including roots"
"196",196,19,"Stephanocystis geminata",1108,140.7,""
"197",197,19,"Stephanocystis geminata",534,37.1,""
"198",198,19,"Stephanocystis geminata",1170,114.5,""
"199",199,19,"Stephanocystis geminata",1362,218.7,""
"200",200,19,"Stephanocystis geminata",345,4.8,""
"201",201,20,"Phyllospadix serrulatus",821,NA,""
"202",202,20,"Phyllospadix serrulatus",1040,NA,""
"203",203,20,"Phyllospadix serrulatus",365,NA,""
"204",204,20,"Phyllospadix serrulatus",854,NA,""
"205",205,20,"Phyllospadix serrulatus",1044,NA,""
"206",206,20,"Phyllospadix serrulatus",1410,NA,""
"207",207,20,"Phyllospadix serrulatus",1080,NA,""
"208",208,20,"Phyllospadix serrulatus",1013,NA,""
"209",209,20,"Phyllospadix serrulatus",918,NA,""
"210",210,20,"Phyllospadix serrulatus",905,NA,""
"211",211,20,"Phyllospadix serrulatus",630,NA,""
"212",212,20,"Phyllospadix serrulatus",896,NA,""
"213",213,20,"Phyllospadix serrulatus",1130,NA,""
"214",214,20,"Phyllospadix serrulatus",837,NA,""
"215",215,20,"Phyllospadix serrulatus",480,NA,""
"216",216,20,"Neorhodomela aculeata",365,64.6,""
"217",217,20,"Neorhodomela aculeata",230,14.1,""
"218",218,20,"Neorhodomela aculeata",401,55,""
"219",219,20,"Neorhodomela aculeata",380,40.1,""
"220",220,20,"Neorhodomela aculeata",292,43.7,""
"221",221,20,"Neorhodomela aculeata",305,32.4,""
"222",222,20,"Neorhodomela aculeata",230,14.4,""
"223",223,20,"Neorhodomela aculeata",334,31.8,""
"224",224,21,"Zostera marina",723,NA,""
"225",225,21,"Zostera marina",701,NA,""
"226",226,21,"Zostera marina",510,NA,""
"227",227,21,"Zostera marina",792,NA,""
"228",228,21,"Zostera marina",769,NA,""
"229",229,21,"Zostera marina",637,NA,""
"230",230,21,"Zostera marina",848,NA,""
"231",231,21,"Zostera marina",736,NA,""
"232",232,21,"Zostera marina",605,NA,""
"233",233,21,"Zostera marina",850,NA,""
"234",234,21,"Zostera marina",705,NA,""
"235",235,21,"Zostera marina",612,NA,""
"236",236,21,"Zostera marina",563,NA,""
"237",237,21,"Zostera marina",574,NA,""
"238",238,21,"Zostera marina",431,NA,""
"239",239,22,"Zostera marina",304,NA,""
"240",240,22,"Zostera marina",549,NA,""
"241",241,22,"Zostera marina",195,NA,""
"242",242,22,"Zostera marina",238,NA,""
"243",243,22,"Zostera marina",455,NA,""
"244",244,22,"Zostera marina",644,NA,""
"245",245,22,"Zostera marina",654,NA,""
"246",246,22,"Zostera marina",380,NA,""
"247",247,22,"Zostera marina",195,NA,""
"248",248,22,"Zostera marina",634,NA,""
"249",249,22,"Zostera marina",516,NA,""
"250",250,22,"Zostera marina",384,NA,""
"251",251,22,"Zostera marina",621,NA,""
"252",252,22,"Zostera marina",440,NA,""
"253",253,22,"Zostera marina",181,NA,""
"254",254,23,"Zostera marina",621,NA,""
"255",255,23,"Zostera marina",672,NA,""
"256",256,23,"Zostera marina",736,NA,""
"257",257,23,"Zostera marina",608,NA,""
"258",258,23,"Zostera marina",537,NA,""
"259",259,23,"Zostera marina",559,NA,""
"260",260,23,"Zostera marina",638,NA,""
"261",261,23,"Zostera marina",481,NA,""
"262",262,23,"Zostera marina",672,NA,""
"263",263,23,"Zostera marina",230,NA,""
"264",264,23,"Zostera marina",660,NA,""
"265",265,23,"Zostera marina",488,NA,""
"266",266,23,"Zostera marina",623,NA,""
"267",267,23,"Zostera marina",471,NA,""
"268",268,23,"Zostera marina",744,NA,""
"269",269,24,"Zostera marina",315,NA,""
"270",270,24,"Zostera marina",319,NA,""
"271",271,24,"Zostera marina",478,NA,""
"272",272,24,"Zostera marina",426,NA,""
"273",273,24,"Zostera marina",363,NA,""
"274",274,24,"Zostera marina",359,NA,""
"275",275,24,"Zostera marina",396,NA,""
"276",276,24,"Zostera marina",622,NA,""
"277",277,24,"Zostera marina",325,NA,""
"278",278,24,"Zostera marina",485,NA,""
"279",279,24,"Zostera marina",320,NA,""
"280",280,24,"Zostera marina",385,NA,""
"281",281,24,"Zostera marina",416,NA,""
"282",282,24,"Zostera marina",308,NA,""
"283",283,24,"Zostera marina",240,NA,""
"284",284,25,"Zostera marina",730,NA,""
"285",285,25,"Zostera marina",956,NA,""
"286",286,25,"Zostera marina",912,NA,""
"287",287,25,"Zostera marina",327,NA,""
"288",288,25,"Zostera marina",700,NA,""
"289",289,25,"Zostera marina",809,NA,""
"290",290,25,"Zostera marina",820,NA,""
"291",291,25,"Zostera marina",691,NA,""
"292",292,25,"Zostera marina",370,NA,""
"293",293,25,"Zostera marina",589,NA,""
"294",294,25,"Zostera marina",679,NA,""
"295",295,25,"Zostera marina",760,NA,""
"296",296,25,"Zostera marina",529,NA,""
"297",297,25,"Zostera marina",420,NA,""
"298",298,25,"Zostera marina",698,NA,""
"299",299,26,"Zostera marina",390,NA,""
"300",300,26,"Zostera marina",501,NA,""
"301",301,26,"Zostera marina",536,NA,""
"302",302,26,"Zostera marina",355,NA,""
"303",303,26,"Zostera marina",539,NA,""
"304",304,26,"Zostera marina",368,NA,""
"305",305,26,"Zostera marina",604,NA,""
"306",306,26,"Zostera marina",408,NA,""
"307",307,26,"Zostera marina",635,NA,""
"308",308,26,"Zostera marina",561,NA,""
"309",309,26,"Zostera marina",526,NA,""
"310",310,26,"Zostera marina",535,NA,""
"311",311,26,"Zostera marina",497,NA,""
"312",312,26,"Zostera marina",183,NA,""
"313",313,26,"Zostera marina",666,NA,""
"314",314,26,"Zostera marina",457,NA,""
"315",315,26,"Zostera marina",492,NA,""
"316",316,26,"Phyllospadix serrulatus",888,NA,""
"317",317,26,"Phyllospadix serrulatus",355,NA,""
"318",318,26,"Phyllospadix serrulatus",992,NA,""
"319",319,26,"Phyllospadix serrulatus",700,NA,""
"320",320,26,"Phyllospadix serrulatus",1100,NA,""
"321",321,26,"Phyllospadix serrulatus",673,NA,""
"322",322,26,"Phyllospadix serrulatus",840,NA,""
"323",323,26,"Phyllospadix serrulatus",1145,NA,""
"324",324,26,"Phyllospadix serrulatus",562,NA,""
"325",325,26,"Phyllospadix serrulatus",381,NA,""
"326",326,26,"Phyllospadix serrulatus",1052,NA,""
"327",327,26,"Phyllospadix serrulatus",852,NA,""
"328",328,26,"Phyllospadix serrulatus",664,NA,""
"329",329,26,"Phyllospadix serrulatus",1071,NA,""
"330",330,26,"Phyllospadix serrulatus",1078,NA,""
"331",331,27,"Zostera marina",510,NA,""
"332",332,27,"Zostera marina",518,NA,""
"333",333,27,"Zostera marina",239,NA,""
"334",334,27,"Zostera marina",578,NA,""
"335",335,27,"Zostera marina",486,NA,""
"336",336,27,"Zostera marina",516,NA,""
"337",337,27,"Zostera marina",492,NA,""
"338",338,27,"Zostera marina",306,NA,""
"339",339,27,"Zostera marina",321,NA,""
"340",340,27,"Zostera marina",366,NA,""
"341",341,27,"Zostera marina",476,NA,""
"342",342,27,"Zostera marina",362,NA,""
"343",343,27,"Zostera marina",480,NA,""
"344",344,27,"Zostera marina",480,NA,""
"345",345,27,"Zostera marina",162,NA,""
"346",346,28,"Zostera marina",412,NA,""
"347",347,28,"Zostera marina",452,NA,""
"348",348,28,"Zostera marina",412,NA,""
"349",349,28,"Zostera marina",294,NA,""
"350",350,28,"Zostera marina",360,NA,""
"351",351,28,"Zostera marina",358,NA,""
"352",352,28,"Zostera marina",522,NA,""
"353",353,28,"Zostera marina",390,NA,""
"354",354,28,"Zostera marina",432,NA,""
"355",355,28,"Zostera marina",480,NA,""
"356",356,28,"Zostera marina",172,NA,""
"357",357,28,"Zostera marina",310,NA,""
"358",358,28,"Zostera marina",187,NA,""
"359",359,28,"Zostera marina",100,NA,""
"360",360,28,"Zostera marina",135,NA,""
"361",361,29,"Zostera marina",557,NA,""
"362",362,29,"Zostera marina",610,NA,""
"363",363,29,"Zostera marina",524,NA,""
"364",364,29,"Zostera marina",285,NA,""
"365",365,29,"Zostera marina",491,NA,""
"366",366,29,"Zostera marina",292,NA,""
"367",367,29,"Zostera marina",565,NA,""
"368",368,29,"Zostera marina",302,NA,""
"369",369,29,"Zostera marina",565,NA,""
"370",370,29,"Zostera marina",542,NA,""
"371",371,29,"Zostera marina",551,NA,""
"372",372,29,"Zostera marina",294,NA,""
"373",373,29,"Zostera marina",678,NA,""
"374",374,29,"Zostera marina",612,NA,""
"375",375,29,"Zostera marina",622,NA,""
"376",376,29,"Zostera marina",372,NA,""
"377",377,30,"Zostera marina",460,NA,""
"378",378,30,"Zostera marina",382,NA,""
"379",379,30,"Zostera marina",307,NA,""
"380",380,30,"Zostera marina",275,NA,""
"381",381,30,"Zostera marina",470,NA,""
"382",382,30,"Zostera marina",474,NA,""
"383",383,30,"Zostera marina",378,NA,""
"384",384,30,"Zostera marina",452,NA,""
"385",385,30,"Zostera marina",245,NA,""
"386",386,30,"Zostera marina",332,NA,""
"387",387,30,"Zostera marina",427,NA,""
"388",388,30,"Zostera marina",512,NA,""
"389",389,30,"Zostera marina",377,NA,""
"390",390,30,"Zostera marina",378,NA,""
"391",391,30,"Zostera marina",424,NA,""
"392",392,30,"Phyllospadix serrulatus",625,NA,""
"393",393,30,"Phyllospadix serrulatus",722,NA,""
"394",394,30,"Phyllospadix serrulatus",1005,NA,""
"395",395,31,"Zostera marina",450,NA,""
"396",396,31,"Zostera marina",474,NA,""
"397",397,31,"Zostera marina",189,NA,""
"398",398,31,"Zostera marina",691,NA,""
"399",399,31,"Zostera marina",750,NA,""
"400",400,31,"Zostera marina",553,NA,""
"401",401,31,"Zostera marina",714,NA,""
"402",402,31,"Zostera marina",224,NA,""
"403",403,31,"Zostera marina",297,NA,""
"404",404,31,"Zostera marina",623,NA,""
"405",405,31,"Zostera marina",481,NA,""
"406",406,31,"Zostera marina",635,NA,""
"407",407,31,"Zostera marina",622,NA,""
"408",408,31,"Zostera marina",595,NA,""
"409",409,31,"Zostera marina",676,NA,""
"410",410,32,"Zostera marina",529,NA,""
"411",411,32,"Zostera marina",459,NA,""
"412",412,32,"Zostera marina",672,NA,""
"413",413,32,"Zostera marina",495,NA,""
"414",414,32,"Zostera marina",520,NA,""
"415",415,32,"Zostera marina",626,NA,""
"416",416,32,"Zostera marina",647,NA,""
"417",417,32,"Zostera marina",737,NA,""
"418",418,32,"Zostera marina",541,NA,""
"419",419,32,"Zostera marina",469,NA,""
"420",420,32,"Zostera marina",615,NA,""
"421",421,32,"Zostera marina",480,NA,""
"422",422,32,"Zostera marina",368,NA,""
"423",423,32,"Zostera marina",458,NA,""
"424",424,32,"Zostera marina",760,NA,""
"425",425,33,"Zostera marina",770,NA,""
"426",426,33,"Zostera marina",513,NA,""
"427",427,33,"Zostera marina",619,NA,""
"428",428,33,"Zostera marina",688,NA,""
"429",429,33,"Zostera marina",649,NA,""
"430",430,33,"Zostera marina",421,NA,""
"431",431,33,"Zostera marina",702,NA,""
"432",432,33,"Zostera marina",690,NA,""
"433",433,33,"Zostera marina",632,NA,""
"434",434,33,"Zostera marina",617,NA,""
"435",435,33,"Zostera marina",681,NA,""
"436",436,33,"Zostera marina",216,NA,""
"437",437,33,"Zostera marina",558,NA,""
"438",438,33,"Zostera marina",523,NA,""
"439",439,33,"Zostera marina",359,NA,""
"440",440,33,"Zostera marina",543,NA,""
"441",441,34,"Zostera marina",452,NA,""
"442",442,34,"Zostera marina",568,NA,""
"443",443,34,"Zostera marina",537,NA,""
"444",444,34,"Zostera marina",605,NA,""
"445",445,34,"Zostera marina",731,NA,""
"446",446,34,"Zostera marina",245,NA,""
"447",447,34,"Zostera marina",451,NA,""
"448",448,34,"Zostera marina",827,NA,""
"449",449,34,"Zostera marina",576,NA,""
"450",450,34,"Zostera marina",775,NA,""
"451",451,34,"Zostera marina",801,NA,""
"452",452,34,"Zostera marina",365,NA,""
"453",453,34,"Zostera marina",791,NA,""
"454",454,34,"Zostera marina",344,NA,""
"455",455,34,"Zostera marina",745,NA,""
"456",456,35,"Zostera marina",913,NA,""
"457",457,35,"Zostera marina",626,NA,""
"458",458,35,"Zostera marina",790,NA,""
"459",459,35,"Zostera marina",813,NA,""
"460",460,35,"Zostera marina",832,NA,""
"461",461,35,"Zostera marina",624,NA,""
"462",462,35,"Zostera marina",603,NA,""
"463",463,35,"Zostera marina",711,NA,""
"464",464,35,"Zostera marina",791,NA,""
"465",465,35,"Zostera marina",629,NA,""
"466",466,35,"Zostera marina",497,NA,""
"467",467,35,"Zostera marina",709,NA,""
"468",468,35,"Zostera marina",500,NA,""
"469",469,35,"Zostera marina",756,NA,""
"470",470,35,"Zostera marina",745,NA,""
"471",471,36,"Zostera marina",826,NA,""
"472",472,36,"Zostera marina",466,NA,""
"473",473,36,"Zostera marina",231,NA,""
"474",474,36,"Zostera marina",470,NA,""
"475",475,36,"Zostera marina",690,NA,""
"476",476,36,"Zostera marina",685,NA,""
"477",477,36,"Zostera marina",967,NA,""
"478",478,36,"Zostera marina",941,NA,""
"479",479,36,"Zostera marina",866,NA,""
"480",480,36,"Zostera marina",769,NA,""
"481",481,36,"Zostera marina",971,NA,""
"482",482,36,"Zostera marina",336,NA,""
"483",483,36,"Zostera marina",396,NA,""
"484",484,36,"Zostera marina",352,NA,""
"485",485,36,"Zostera marina",830,NA,""
"486",486,36,"Zostera marina",620,NA,""
"487",487,36,"Saccharina groenlandica",934,233.7,""
"488",488,36,"Saccharina groenlandica",916,506.9,""
"489",489,37,"Zostera marina",270,NA,""
"490",490,37,"Zostera marina",1269,NA,""
"491",491,37,"Zostera marina",445,NA,""
"492",492,37,"Zostera marina",794,NA,""
"493",493,37,"Zostera marina",720,NA,""
"494",494,38,"Zostera marina",700,NA,""
"495",495,38,"Zostera marina",696,NA,""
"496",496,38,"Zostera marina",636,NA,""
"497",497,38,"Zostera marina",794,NA,""
"498",498,38,"Zostera marina",796,NA,""
"499",499,38,"Stephanocystis geminata",700,35.6,""
"500",500,40,"Saccharina groenlandica",374,33.8,""
"501",501,41,"Zostera marina",512,NA,""
"502",502,41,"Zostera marina",765,NA,""
"503",503,41,"Zostera marina",837,NA,""
"504",504,41,"Zostera marina",534,NA,""
"505",505,41,"Zostera marina",764,NA,""
"506",506,41,"Zostera marina",277,NA,""
"507",507,41,"Zostera marina",715,NA,""
"508",508,41,"Zostera marina",563,NA,""
"509",509,41,"Zostera marina",741,NA,""
"510",510,41,"Zostera marina",425,NA,""
"511",511,41,"Zostera marina",810,NA,""
"512",512,41,"Zostera marina",314,NA,""
"513",513,41,"Zostera marina",833,NA,""
"514",514,41,"Zostera marina",667,NA,""
"515",515,41,"Zostera marina",870,NA,""
"516",516,42,"Zostera marina",634,NA,""
"517",517,42,"Zostera marina",761,NA,""
"518",518,42,"Zostera marina",595,NA,""
"519",519,42,"Zostera marina",441,NA,""
"520",520,42,"Zostera marina",580,NA,""
"521",521,42,"Zostera marina",688,NA,""
"522",522,42,"Zostera marina",908,NA,""
"523",523,42,"Zostera marina",581,NA,""
"524",524,42,"Zostera marina",801,NA,""
"525",525,42,"Zostera marina",735,NA,""
"526",526,42,"Zostera marina",592,NA,""
"527",527,42,"Zostera marina",564,NA,""
"528",528,42,"Zostera marina",456,NA,""
"529",529,42,"Zostera marina",705,NA,""
"530",530,42,"Zostera marina",662,NA,""
"531",531,43,"Zostera marina",850,NA,""
"532",532,43,"Zostera marina",563,NA,""
"533",533,43,"Zostera marina",700,NA,""
"534",534,43,"Zostera marina",419,NA,""
"535",535,43,"Zostera marina",573,NA,""
"536",536,43,"Zostera marina",332,NA,""
"537",537,43,"Zostera marina",479,NA,""
"538",538,43,"Zostera marina",780,NA,""
"539",539,43,"Zostera marina",430,NA,""
"540",540,43,"Zostera marina",382,NA,""
"541",541,43,"Zostera marina",420,NA,""
"542",542,43,"Zostera marina",349,NA,""
"543",543,43,"Zostera marina",852,NA,""
"544",544,43,"Zostera marina",596,NA,""
"545",545,43,"Zostera marina",828,NA,""
"546",546,44,"Zostera marina",212,NA,""
"547",547,44,"Zostera marina",376,NA,""
"548",548,44,"Zostera marina",301,NA,""
"549",549,44,"Zostera marina",470,NA,""
"550",550,44,"Zostera marina",275,NA,""
"551",551,44,"Zostera marina",444,NA,""
"552",552,44,"Zostera marina",560,NA,""
"553",553,44,"Zostera marina",429,NA,""
"554",554,44,"Zostera marina",330,NA,""
"555",555,44,"Zostera marina",361,NA,""
"556",556,44,"Zostera marina",409,NA,""
"557",557,44,"Zostera marina",312,NA,""
"558",558,44,"Zostera marina",420,NA,""
"559",559,44,"Zostera marina",354,NA,""
"560",560,44,"Zostera marina",215,NA,""
"561",561,45,"Zostera marina",830,NA,""
"562",562,45,"Zostera marina",283,NA,""
"563",563,45,"Zostera marina",232,NA,""
"564",564,45,"Zostera marina",200,NA,""
"565",565,45,"Zostera marina",818,NA,""
"566",566,45,"Zostera marina",663,NA,""
"567",567,45,"Zostera marina",612,NA,""
"568",568,45,"Zostera marina",726,NA,""
"569",569,45,"Zostera marina",426,NA,""
"570",570,45,"Zostera marina",646,NA,""
"571",571,45,"Zostera marina",728,NA,""
"572",572,45,"Zostera marina",764,NA,""
"573",573,45,"Zostera marina",492,NA,""
"574",574,45,"Zostera marina",539,NA,""
"575",575,45,"Zostera marina",558,NA,""
"576",576,46,"Saccharina latissima",560,321.5,""
"577",577,46,"Saccharina latissima",580,58.8,""
"578",578,47,"Saccharina latissima",712,144.9,""
"579",579,47,"Saccharina latissima",400,76.3,""
"580",580,47,"Neorhodomela aculeata",335,NA,""
"581",581,47,"Neorhodomela aculeata",191,NA,""
"582",582,47,"Neorhodomela aculeata",200,NA,""
"583",583,47,"Neorhodomela aculeata",298,NA,""
"584",584,47,"Neorhodomela aculeata",224,NA,""
"585",585,48,"Saccharina latissima",384,34.9,""
"586",586,48,"Saccharina latissima",484,86.7,""
"587",587,48,"Saccharina latissima",92,1,""
"588",588,48,"Saccharina latissima",332,20.9,""
"589",589,48,"Saccharina latissima",340,44.2,""
"590",590,48,"Saccharina latissima",412,52.4,""
"591",591,49,"Saccharina groenlandica",462,58.7,""
"592",592,49,"Saccharina groenlandica",1130,451,""
"593",593,50,"Saccharina latissima",782,113.3,""
"594",594,50,"Saccharina latissima",172,10.2,""
"595",595,50,"Saccharina latissima",102,2.8,""
"596",596,50,"Saccharina latissima",100,3.7,""
"597",597,51,"Zostera marina",444,NA,""
"598",598,51,"Zostera marina",814,NA,""
"599",599,51,"Zostera marina",437,NA,""
"600",600,51,"Zostera marina",558,NA,""
"601",601,51,"Zostera marina",631,NA,""
"602",602,51,"Zostera marina",315,NA,""
"603",603,51,"Zostera marina",581,NA,""
"604",604,51,"Zostera marina",466,NA,""
"605",605,51,"Zostera marina",614,NA,""
"606",606,51,"Zostera marina",624,NA,""
"607",607,51,"Zostera marina",269,NA,""
"608",608,51,"Zostera marina",241,NA,""
"609",609,51,"Zostera marina",675,NA,""
"610",610,51,"Zostera marina",514,NA,""
"611",611,51,"Zostera marina",310,NA,""
"612",612,52,"Zostera marina",380,NA,""
"613",613,52,"Zostera marina",126,NA,""
"614",614,52,"Zostera marina",404,NA,""
"615",615,52,"Zostera marina",406,NA,""
"616",616,52,"Zostera marina",308,NA,""
"617",617,52,"Zostera marina",363,NA,""
"618",618,52,"Zostera marina",660,NA,""
"619",619,52,"Zostera marina",291,NA,""
"620",620,52,"Zostera marina",405,NA,""
"621",621,52,"Zostera marina",273,NA,""
"622",622,52,"Zostera marina",275,NA,""
"623",623,52,"Zostera marina",613,NA,""
"624",624,52,"Zostera marina",411,NA,""
"625",625,52,"Zostera marina",381,NA,""
"626",626,52,"Zostera marina",165,NA,""
"627",627,53,"Zostera marina",756,NA,""
"628",628,53,"Zostera marina",359,NA,""
"629",629,53,"Zostera marina",690,NA,""
"630",630,53,"Zostera marina",782,NA,""
"631",631,53,"Zostera marina",721,NA,""
"632",632,53,"Zostera marina",657,NA,""
"633",633,53,"Zostera marina",762,NA,""
"634",634,53,"Zostera marina",816,NA,""
"635",635,53,"Zostera marina",505,NA,""
"636",636,53,"Zostera marina",281,NA,""
"637",637,53,"Zostera marina",516,NA,""
"638",638,53,"Zostera marina",667,NA,""
"639",639,53,"Zostera marina",542,NA,""
"640",640,53,"Zostera marina",506,NA,""
"641",641,53,"Zostera marina",460,NA,""
"642",642,54,"Zostera marina",320,NA,""
"643",643,54,"Zostera marina",450,NA,""
"644",644,54,"Zostera marina",389,NA,""
"645",645,54,"Zostera marina",510,NA,""
"646",646,54,"Zostera marina",525,NA,""
"647",647,54,"Zostera marina",569,NA,""
"648",648,54,"Zostera marina",276,NA,""
"649",649,54,"Zostera marina",403,NA,""
"650",650,54,"Zostera marina",462,NA,""
"651",651,54,"Zostera marina",420,NA,""
"652",652,54,"Zostera marina",542,NA,""
"653",653,54,"Zostera marina",162,NA,""
"654",654,54,"Zostera marina",268,NA,""
"655",655,54,"Zostera marina",573,NA,""
"656",656,54,"Zostera marina",372,NA,""
"657",657,55,"Zostera marina",522,NA,""
"658",658,55,"Zostera marina",460,NA,""
"659",659,55,"Zostera marina",421,NA,""
"660",660,55,"Zostera marina",652,NA,""
"661",661,55,"Zostera marina",351,NA,""
"662",662,55,"Zostera marina",222,NA,""
"663",663,55,"Zostera marina",520,NA,""
"664",664,55,"Zostera marina",785,NA,""
"665",665,55,"Zostera marina",637,NA,""
"666",666,55,"Zostera marina",478,NA,""
"667",667,55,"Zostera marina",658,NA,""
"668",668,55,"Zostera marina",326,NA,""
"669",669,55,"Zostera marina",374,NA,""
"670",670,55,"Zostera marina",245,NA,""
"671",671,55,"Zostera marina",632,NA,""
"672",672,56,"Saccharina groenlandica",630,223.5,""
"673",673,56,"Saccharina groenlandica",828,219.5,""
"674",674,56,"Saccharina groenlandica",650,95.8,""
"675",675,56,"Saccharina groenlandica",80,8.6,""
"676",676,56,"Zostera marina",510,0.9,""
"677",677,56,"Mazzaella splendens",198,12.7,""
"678",678,56,"Mazzaella splendens",256,10.4,""
"679",679,57,"Saccharina latissima",308,17.5,""
"680",680,58,"Saccharina groenlandica",200,49.3,""
"681",681,58,"Zostera marina",404,NA,""
"682",682,58,"Zostera marina",230,NA,""
"683",683,58,"Zostera marina",122,NA,""
"684",684,58,"Zostera marina",468,NA,""
"685",685,58,"Zostera marina",208,NA,""
"686",686,58,"Zostera marina",200,NA,""
"687",687,58,"Zostera marina",452,NA,""
"688",688,58,"Zostera marina",366,NA,""
"689",689,58,"Zostera marina",218,NA,""
"690",690,58,"Zostera marina",414,NA,""
"691",691,58,"Zostera marina",292,NA,""
"692",692,58,"Zostera marina",212,NA,""
"693",693,58,"Zostera marina",206,NA,""
"694",694,58,"Zostera marina",142,NA,""
"695",695,59,"Saccharina groenlandica",880,440.5,""
"696",696,59,"Mazzaella splendens",148,4.8,""
"697",697,60,"Macrocystis pyrifera",570,97.9,""
"698",698,61,"Zostera marina",566,NA,""
"699",699,61,"Zostera marina",445,NA,""
"700",700,61,"Zostera marina",323,NA,""
"701",701,61,"Zostera marina",307,NA,""
"702",702,61,"Zostera marina",282,NA,""
"703",703,61,"Zostera marina",356,NA,""
"704",704,61,"Zostera marina",139,NA,""
"705",705,61,"Zostera marina",315,NA,""
"706",706,61,"Zostera marina",516,NA,""
"707",707,61,"Zostera marina",240,NA,""
"708",708,61,"Zostera marina",213,NA,""
"709",709,61,"Zostera marina",466,NA,""
"710",710,61,"Zostera marina",506,NA,""
"711",711,61,"Zostera marina",225,NA,""
"712",712,61,"Zostera marina",373,NA,""
"713",713,62,"Zostera marina",212,NA,""
"714",714,62,"Zostera marina",356,NA,""
"715",715,62,"Zostera marina",285,NA,""
"716",716,62,"Zostera marina",307,NA,""
"717",717,62,"Zostera marina",361,NA,""
"718",718,62,"Zostera marina",272,NA,""
"719",719,62,"Zostera marina",256,NA,""
"720",720,62,"Zostera marina",159,NA,""
"721",721,62,"Zostera marina",191,NA,""
"722",722,62,"Zostera marina",247,NA,""
"723",723,62,"Zostera marina",322,NA,""
"724",724,62,"Zostera marina",335,NA,""
"725",725,62,"Zostera marina",231,NA,""
"726",726,62,"Zostera marina",381,NA,""
"727",727,62,"Zostera marina",465,NA,""
"728",728,63,"Zostera marina",303,NA,""
"729",729,63,"Zostera marina",410,NA,""
"730",730,63,"Zostera marina",381,NA,""
"731",731,63,"Zostera marina",185,NA,""
"732",732,63,"Zostera marina",496,NA,""
"733",733,63,"Zostera marina",305,NA,""
"734",734,63,"Zostera marina",342,NA,""
"735",735,63,"Zostera marina",515,NA,""
"736",736,63,"Zostera marina",161,NA,""
"737",737,63,"Zostera marina",334,NA,""
"738",738,63,"Zostera marina",373,NA,""
"739",739,63,"Zostera marina",335,NA,""
"740",740,63,"Zostera marina",301,NA,""
"741",741,63,"Zostera marina",310,NA,""
"742",742,63,"Zostera marina",320,NA,""
"743",743,63,"Zostera marina",513,NA,""
"744",744,63,"Zostera marina",289,NA,""
"745",745,63,"Zostera marina",319,NA,""
"746",746,63,"Zostera marina",294,NA,""
"747",747,64,"Zostera marina",216,NA,""
"748",748,64,"Zostera marina",286,NA,""
"749",749,64,"Zostera marina",330,NA,""
"750",750,64,"Zostera marina",310,NA,""
"751",751,64,"Zostera marina",227,NA,""
"752",752,64,"Zostera marina",295,NA,""
"753",753,64,"Zostera marina",140,NA,""
"754",754,64,"Zostera marina",291,NA,""
"755",755,64,"Zostera marina",403,NA,""
"756",756,64,"Zostera marina",315,NA,""
"757",757,64,"Zostera marina",227,NA,""
"758",758,64,"Zostera marina",209,NA,""
"759",759,64,"Zostera marina",276,NA,""
"760",760,64,"Zostera marina",319,NA,""
"761",761,64,"Zostera marina",331,NA,""
"762",762,65,"Zostera marina",432,NA,""
"763",763,65,"Zostera marina",250,NA,""
"764",764,65,"Zostera marina",401,NA,""
"765",765,65,"Zostera marina",249,NA,""
"766",766,65,"Zostera marina",390,NA,""
"767",767,65,"Zostera marina",408,NA,""
"768",768,65,"Zostera marina",183,NA,""
"769",769,65,"Zostera marina",400,NA,""
"770",770,65,"Zostera marina",397,NA,""
"771",771,65,"Zostera marina",221,NA,""
"772",772,65,"Zostera marina",321,NA,""
"773",773,65,"Zostera marina",277,NA,""
"774",774,65,"Zostera marina",365,NA,""
"775",775,65,"Zostera marina",406,NA,""
"776",776,65,"Zostera marina",332,NA,""
"777",777,66,"Saccharina groenlandica",970,641.1,""
"778",778,66,"Saccharina groenlandica",352,25.7,""
"779",779,66,"Saccharina groenlandica",1000,356,""
"780",780,67,"Saccharina groenlandica",592,78.5,""
"781",781,68,"Saccharina groenlandica",1260,854.8,""
"782",782,68,"Saccharina groenlandica",808,233,""
"783",783,68,"Constantinea rosa-marina",152,16.5,""
"784",784,68,"Constantinea rosa-marina",136,4.1,""
"785",785,68,"Constantinea rosa-marina",110,2.5,""
"786",786,68,"Constantinea rosa-marina",61,1.5,""
"787",787,69,"Saccharina groenlandica",842,224,""
"788",788,69,"Saccharina groenlandica",554,127,""
"789",789,69,"Saccharina groenlandica",300,25.6,""
"790",790,69,"Constantinea rosa-marina",34,0.4,""
"791",791,69,"Constantinea rosa-marina",146,12.4,""
"792",792,70,"Saccharina groenlandica",842,127.9,""
"793",793,70,"Saccharina groenlandica",658,199.5,""
"794",794,70,"Saccharina groenlandica",330,44.2,""
"795",795,71,"Zostera marina",579,NA,""
"796",796,71,"Zostera marina",636,NA,""
"797",797,71,"Zostera marina",350,NA,""
"798",798,71,"Zostera marina",422,NA,""
"799",799,71,"Zostera marina",735,NA,""
"800",800,71,"Zostera marina",575,NA,""
"801",801,71,"Zostera marina",664,NA,""
"802",802,71,"Zostera marina",620,NA,""
"803",803,71,"Zostera marina",266,NA,""
"804",804,71,"Zostera marina",592,NA,""
"805",805,71,"Zostera marina",645,NA,""
"806",806,71,"Zostera marina",356,NA,""
"807",807,71,"Zostera marina",699,NA,""
"808",808,71,"Zostera marina",684,NA,""
"809",809,71,"Zostera marina",683,NA,""
"810",810,72,"Zostera marina",336,NA,""
"811",811,72,"Zostera marina",745,NA,""
"812",812,72,"Zostera marina",671,NA,""
"813",813,72,"Zostera marina",775,NA,""
"814",814,72,"Zostera marina",572,NA,""
"815",815,72,"Zostera marina",540,NA,""
"816",816,72,"Zostera marina",748,NA,""
"817",817,72,"Zostera marina",780,NA,""
"818",818,72,"Zostera marina",494,NA,""
"819",819,72,"Zostera marina",294,NA,""
"820",820,72,"Zostera marina",194,NA,""
"821",821,72,"Zostera marina",478,NA,""
"822",822,72,"Zostera marina",715,NA,""
"823",823,72,"Zostera marina",700,NA,""
"824",824,72,"Zostera marina",620,NA,""
"825",825,73,"Zostera marina",858,NA,""
"826",826,73,"Zostera marina",715,NA,""
"827",827,73,"Zostera marina",734,NA,""
"828",828,73,"Zostera marina",712,NA,""
"829",829,73,"Zostera marina",721,NA,""
"830",830,73,"Zostera marina",620,NA,""
"831",831,73,"Zostera marina",706,NA,""
"832",832,73,"Zostera marina",774,NA,""
"833",833,73,"Zostera marina",833,NA,""
"834",834,73,"Zostera marina",786,NA,""
"835",835,73,"Zostera marina",665,NA,""
"836",836,73,"Zostera marina",665,NA,""
"837",837,73,"Zostera marina",682,NA,""
"838",838,73,"Zostera marina",445,NA,""
"839",839,73,"Zostera marina",715,NA,""
"840",840,74,"Zostera marina",692,NA,""
"841",841,74,"Zostera marina",935,NA,""
"842",842,74,"Zostera marina",1010,NA,""
"843",843,74,"Zostera marina",716,NA,""
"844",844,74,"Zostera marina",700,NA,""
"845",845,74,"Zostera marina",925,NA,""
"846",846,74,"Zostera marina",700,NA,""
"847",849,74,"Zostera marina",690,NA,""
"848",850,74,"Zostera marina",608,NA,""
"849",851,74,"Zostera marina",731,NA,""
"850",852,74,"Zostera marina",718,NA,""
"851",853,74,"Zostera marina",971,NA,""
"852",854,74,"Zostera marina",705,NA,""
"853",855,74,"Zostera marina",225,NA,""
"854",856,74,"Zostera marina",710,NA,""
"855",857,75,"Zostera marina",903,NA,""
"856",858,75,"Zostera marina",712,NA,""
"857",859,75,"Zostera marina",703,NA,""
"858",860,75,"Zostera marina",480,NA,""
"859",861,75,"Zostera marina",530,NA,""
"860",862,75,"Zostera marina",463,NA,""
"861",863,75,"Zostera marina",770,NA,""
"862",864,75,"Zostera marina",894,NA,""
"863",865,75,"Zostera marina",717,NA,""
"864",866,75,"Zostera marina",761,NA,""
"865",867,75,"Zostera marina",645,NA,""
"866",868,75,"Zostera marina",845,NA,""
"867",869,75,"Zostera marina",765,NA,""
"868",870,75,"Zostera marina",701,NA,""
"869",871,75,"Zostera marina",780,NA,""
"870",872,76,"Zostera marina",742,NA,""
"871",873,76,"Zostera marina",830,NA,""
"872",874,76,"Zostera marina",973,NA,""
"873",875,76,"Zostera marina",1163,NA,""
"874",876,76,"Zostera marina",982,NA,""
"875",877,76,"Zostera marina",758,NA,""
"876",878,76,"Zostera marina",1053,NA,""
"877",879,76,"Zostera marina",1116,NA,""
"878",880,76,"Zostera marina",974,NA,""
"879",881,76,"Zostera marina",957,NA,""
"880",882,76,"Zostera marina",960,NA,""
"881",883,76,"Zostera marina",632,NA,""
"882",884,76,"Zostera marina",435,NA,""
"883",885,76,"Zostera marina",280,NA,""
"884",886,76,"Zostera marina",751,NA,""
"885",887,77,"Zostera marina",321,NA,""
"886",888,77,"Zostera marina",471,NA,""
"887",889,77,"Zostera marina",536,NA,""
"888",890,77,"Zostera marina",704,NA,""
"889",891,77,"Zostera marina",685,NA,""
"890",892,77,"Zostera marina",725,NA,""
"891",893,77,"Zostera marina",598,NA,""
"892",894,77,"Zostera marina",698,NA,""
"893",895,77,"Zostera marina",603,NA,""
"894",896,77,"Zostera marina",651,NA,""
"895",897,77,"Zostera marina",582,NA,""
"896",898,77,"Zostera marina",372,NA,""
"897",899,77,"Zostera marina",611,NA,""
"898",900,77,"Zostera marina",458,NA,""
"899",901,77,"Zostera marina",725,NA,""
"900",902,78,"Zostera marina",459,NA,""
"901",903,78,"Zostera marina",746,NA,""
"902",904,78,"Zostera marina",717,NA,""
"903",905,78,"Zostera marina",475,NA,""
"904",906,78,"Zostera marina",692,NA,""
"905",907,78,"Zostera marina",591,NA,""
"906",908,78,"Zostera marina",522,NA,""
"907",909,78,"Zostera marina",664,NA,""
"908",910,78,"Zostera marina",346,NA,""
"909",911,78,"Zostera marina",676,NA,""
"910",912,78,"Zostera marina",541,NA,""
"911",913,78,"Zostera marina",408,NA,""
"912",914,78,"Zostera marina",679,NA,""
"913",915,78,"Zostera marina",556,NA,""
"914",916,78,"Zostera marina",327,NA,""
"915",917,79,"Zostera marina",1161,NA,""
"916",918,79,"Zostera marina",789,NA,""
"917",919,79,"Zostera marina",875,NA,""
"918",920,79,"Zostera marina",802,NA,""
"919",921,79,"Zostera marina",899,NA,""
"920",922,79,"Zostera marina",869,NA,""
"921",923,79,"Zostera marina",1149,NA,""
"922",924,79,"Zostera marina",917,NA,""
"923",925,79,"Zostera marina",995,NA,""
"924",926,79,"Zostera marina",961,NA,""
"925",927,79,"Zostera marina",1207,NA,""
"926",928,79,"Zostera marina",489,NA,""
"927",929,79,"Zostera marina",1010,NA,""
"928",930,79,"Zostera marina",1049,NA,""
"929",931,79,"Zostera marina",1056,NA,""
"930",932,80,"Zostera marina",481,NA,""
"931",933,80,"Zostera marina",710,NA,""
"932",934,80,"Zostera marina",377,NA,""
"933",935,80,"Zostera marina",529,NA,""
"934",936,80,"Zostera marina",597,NA,""
"935",937,80,"Zostera marina",564,NA,""
"936",938,80,"Zostera marina",766,NA,""
"937",939,80,"Zostera marina",792,NA,""
"938",940,80,"Zostera marina",827,NA,""
"939",941,80,"Zostera marina",705,NA,""
"940",942,80,"Zostera marina",576,NA,""
"941",943,80,"Zostera marina",412,NA,""
"942",944,80,"Zostera marina",817,NA,""
"943",945,80,"Zostera marina",761,NA,""
"944",946,80,"Zostera marina",802,NA,""
"945",947,81,"Zostera marina",841,NA,""
"946",948,81,"Zostera marina",568,NA,""
"947",949,81,"Zostera marina",505,NA,""
"948",950,81,"Zostera marina",439,NA,""
"949",951,81,"Zostera marina",325,NA,""
"950",952,81,"Zostera marina",539,NA,""
"951",953,81,"Zostera marina",467,NA,""
"952",954,81,"Zostera marina",390,NA,""
"953",955,81,"Zostera marina",747,NA,""
"954",956,81,"Zostera marina",793,NA,""
"955",957,81,"Zostera marina",410,NA,""
"956",958,81,"Zostera marina",550,NA,""
"957",959,81,"Zostera marina",488,NA,""
"958",960,81,"Zostera marina",743,NA,""
"959",961,81,"Zostera marina",769,NA,""
"960",962,82,"Zostera marina",786,NA,""
"961",963,82,"Zostera marina",641,NA,""
"962",964,82,"Zostera marina",763,NA,""
"963",965,82,"Zostera marina",519,NA,""
"964",966,82,"Zostera marina",778,NA,""
"965",967,82,"Zostera marina",273,NA,""
"966",968,82,"Zostera marina",620,NA,""
"967",969,82,"Zostera marina",547,NA,""
"968",970,82,"Zostera marina",338,NA,""
"969",971,82,"Zostera marina",527,NA,""
"970",972,82,"Zostera marina",530,NA,""
"971",973,82,"Zostera marina",603,NA,""
"972",974,82,"Zostera marina",293,NA,""
"973",975,82,"Zostera marina",701,NA,""
"974",976,82,"Zostera marina",553,NA,""
"975",977,83,"Zostera marina",568,NA,""
"976",978,83,"Zostera marina",475,NA,""
"977",979,83,"Zostera marina",196,NA,""
"978",980,83,"Zostera marina",285,NA,""
"979",981,83,"Zostera marina",373,NA,""
"980",982,83,"Zostera marina",344,NA,""
"981",983,83,"Zostera marina",558,NA,""
"982",984,83,"Zostera marina",578,NA,""
"983",985,83,"Zostera marina",380,NA,""
"984",986,83,"Zostera marina",277,NA,""
"985",987,83,"Zostera marina",469,NA,""
"986",988,83,"Zostera marina",357,NA,""
"987",989,83,"Zostera marina",280,NA,""
"988",990,83,"Zostera marina",499,NA,""
"989",991,83,"Zostera marina",401,NA,""
"990",992,84,"Zostera marina",465,NA,""
"991",993,84,"Zostera marina",776,NA,""
"992",994,84,"Zostera marina",461,NA,""
"993",995,84,"Zostera marina",801,NA,""
"994",996,84,"Zostera marina",690,NA,""
"995",997,84,"Zostera marina",897,NA,""
"996",998,84,"Zostera marina",818,NA,""
"997",999,84,"Zostera marina",787,NA,""
"998",1000,84,"Zostera marina",902,NA,""
"999",1001,84,"Zostera marina",664,NA,""
"1000",1002,84,"Zostera marina",651,NA,""
"1001",1003,84,"Zostera marina",532,NA,""
"1002",1004,84,"Zostera marina",595,NA,""
"1003",1005,84,"Zostera marina",808,NA,""
"1004",1006,84,"Zostera marina",699,NA,""
"1005",1007,85,"Zostera marina",643,NA,""
"1006",1008,85,"Zostera marina",773,NA,""
"1007",1009,85,"Zostera marina",786,NA,""
"1008",1010,85,"Zostera marina",425,NA,""
"1009",1011,85,"Zostera marina",392,NA,""
"1010",1012,85,"Zostera marina",624,NA,""
"1011",1013,85,"Zostera marina",355,NA,""
"1012",1014,85,"Zostera marina",742,NA,""
"1013",1015,85,"Zostera marina",324,NA,""
"1014",1016,85,"Zostera marina",425,NA,""
"1015",1017,85,"Zostera marina",367,NA,""
"1016",1018,85,"Zostera marina",385,NA,""
"1017",1019,85,"Zostera marina",740,NA,""
"1018",1020,85,"Zostera marina",364,NA,""
"1019",1021,85,"Zostera marina",605,NA,""
"1020",1022,86,"Zostera marina",397,NA,""
"1021",1023,86,"Zostera marina",361,NA,""
"1022",1024,86,"Zostera marina",302,NA,""
"1023",1025,86,"Zostera marina",287,NA,""
"1024",1026,86,"Zostera marina",404,NA,""
"1025",1027,86,"Zostera marina",360,NA,""
"1026",1028,86,"Zostera marina",347,NA,""
"1027",1029,86,"Zostera marina",300,NA,""
"1028",1030,86,"Zostera marina",473,NA,""
"1029",1031,86,"Zostera marina",317,NA,""
"1030",1032,86,"Zostera marina",316,NA,""
"1031",1033,86,"Zostera marina",393,NA,""
"1032",1034,86,"Zostera marina",382,NA,""
"1033",1035,86,"Zostera marina",239,NA,""
"1034",1036,86,"Zostera marina",346,NA,""
"1035",1037,87,"Zostera marina",407,NA,""
"1036",1038,87,"Zostera marina",336,NA,""
"1037",1039,87,"Zostera marina",331,NA,""
"1038",1040,87,"Zostera marina",357,NA,""
"1039",1041,87,"Zostera marina",269,NA,""
"1040",1042,87,"Zostera marina",389,NA,""
"1041",1043,87,"Zostera marina",412,NA,""
"1042",1044,87,"Zostera marina",371,NA,""
"1043",1045,87,"Zostera marina",431,NA,""
"1044",1046,87,"Zostera marina",303,NA,""
"1045",1047,87,"Zostera marina",437,NA,""
"1046",1048,87,"Zostera marina",394,NA,""
"1047",1049,87,"Zostera marina",445,NA,""
"1048",1050,87,"Zostera marina",496,NA,""
"1049",1051,87,"Zostera marina",386,NA,""
"1050",1052,88,"Zostera marina",169,NA,""
"1051",1053,88,"Zostera marina",230,NA,""
"1052",1054,88,"Zostera marina",262,NA,""
"1053",1055,88,"Zostera marina",319,NA,""
"1054",1056,88,"Zostera marina",381,NA,""
"1055",1057,88,"Zostera marina",220,NA,""
"1056",1058,88,"Zostera marina",407,NA,""
"1057",1059,88,"Zostera marina",305,NA,""
"1058",1060,88,"Zostera marina",355,NA,""
"1059",1061,88,"Zostera marina",350,NA,""
"1060",1062,88,"Zostera marina",457,NA,""
"1061",1063,88,"Zostera marina",508,NA,""
"1062",1064,88,"Zostera marina",529,NA,""
"1063",1065,88,"Zostera marina",411,NA,""
"1064",1066,88,"Zostera marina",348,NA,""
"1065",1067,89,"Zostera marina",390,NA,""
"1066",1068,89,"Zostera marina",507,NA,""
"1067",1069,89,"Zostera marina",451,NA,""
"1068",1070,89,"Zostera marina",398,NA,""
"1069",1071,89,"Zostera marina",351,NA,""
"1070",1072,89,"Zostera marina",477,NA,""
"1071",1073,89,"Zostera marina",559,NA,""
"1072",1074,89,"Zostera marina",469,NA,""
"1073",1075,89,"Zostera marina",432,NA,""
"1074",1076,89,"Zostera marina",411,NA,""
"1075",1077,89,"Zostera marina",242,NA,""
"1076",1078,89,"Zostera marina",159,NA,""
"1077",1079,89,"Zostera marina",338,NA,""
"1078",1080,89,"Zostera marina",315,NA,""
"1079",1081,89,"Zostera marina",488,NA,""
"1080",1082,90,"Zostera marina",402,NA,""
"1081",1083,90,"Zostera marina",381,NA,""
"1082",1084,90,"Zostera marina",162,NA,""
"1083",1085,90,"Zostera marina",172,NA,""
"1084",1086,90,"Zostera marina",393,NA,""
"1085",1087,90,"Zostera marina",320,NA,""
"1086",1088,90,"Zostera marina",235,NA,""
"1087",1089,90,"Zostera marina",279,NA,""
"1088",1090,90,"Zostera marina",272,NA,""
"1089",1091,90,"Zostera marina",211,NA,""
"1090",1092,90,"Zostera marina",342,NA,""
"1091",1093,90,"Zostera marina",217,NA,""
"1092",1094,90,"Zostera marina",432,NA,""
"1093",1095,90,"Zostera marina",363,NA,""
"1094",1096,90,"Zostera marina",387,NA,""
"1095",1097,91,"Saccharina latissima",1081,179.1,""
"1096",1098,93,"Saccharina latissima",721,183.3,""
"1097",1099,93,"Saccharina latissima",862,162.7,""
"1098",1100,93,"Saccharina latissima",390,27,""
"1099",1101,94,"Saccharina latissima",683,110.9,""
"1100",1102,94,"Saccharina latissima",758,101.6,""
"1101",1103,95,"Saccharina latissima",760,253.6,""
"1102",1104,96,"Zostera marina",345,NA,""
"1103",1105,96,"Zostera marina",573,NA,""
"1104",1106,96,"Zostera marina",306,NA,""
"1105",1107,96,"Zostera marina",382,NA,""
"1106",1108,96,"Zostera marina",435,NA,""
"1107",1109,96,"Zostera marina",676,NA,""
"1108",1110,96,"Zostera marina",618,NA,""
"1109",1111,96,"Zostera marina",382,NA,""
"1110",1112,96,"Zostera marina",692,NA,""
"1111",1113,96,"Zostera marina",580,NA,""
"1112",1114,96,"Zostera marina",406,NA,""
"1113",1115,96,"Zostera marina",531,NA,""
"1114",1116,96,"Zostera marina",355,NA,""
"1115",1117,96,"Zostera marina",462,NA,""
"1116",1118,96,"Zostera marina",646,NA,""
"1117",1119,97,"Zostera marina",368,NA,""
"1118",1120,97,"Zostera marina",1347,NA,""
"1119",1121,97,"Zostera marina",850,NA,""
"1120",1122,97,"Zostera marina",1162,NA,""
"1121",1123,97,"Zostera marina",830,NA,""
"1122",1124,97,"Zostera marina",647,NA,""
"1123",1125,97,"Zostera marina",1012,NA,""
"1124",1126,97,"Zostera marina",1074,NA,""
"1125",1127,97,"Zostera marina",434,NA,""
"1126",1128,97,"Zostera marina",990,NA,""
"1127",1129,97,"Zostera marina",989,NA,""
"1128",1130,97,"Zostera marina",431,NA,""
"1129",1131,97,"Zostera marina",838,NA,""
"1130",1132,97,"Zostera marina",1143,NA,""
"1131",1133,97,"Zostera marina",1188,NA,""
"1132",1134,98,"Zostera marina",789,NA,""
"1133",1135,98,"Zostera marina",406,NA,""
"1134",1136,98,"Zostera marina",810,NA,""
"1135",1137,98,"Zostera marina",1058,NA,""
"1136",1138,98,"Zostera marina",942,NA,""
"1137",1139,98,"Zostera marina",929,NA,""
"1138",1140,98,"Zostera marina",760,NA,""
"1139",1141,98,"Zostera marina",460,NA,""
"1140",1142,98,"Zostera marina",546,NA,""
"1141",1143,98,"Zostera marina",850,NA,""
"1142",1144,98,"Zostera marina",672,NA,""
"1143",1145,98,"Zostera marina",863,NA,""
"1144",1146,98,"Zostera marina",770,NA,""
"1145",1147,98,"Zostera marina",747,NA,""
"1146",1148,98,"Zostera marina",253,NA,""
"1147",1149,98,"Zostera marina",543,NA,""
"1148",1150,98,"Zostera marina",515,NA,""
"1149",1151,99,"Zostera marina",657,NA,""
"1150",1152,99,"Zostera marina",348,NA,""
"1151",1153,99,"Zostera marina",772,NA,""
"1152",1154,99,"Zostera marina",646,NA,""
"1153",1155,99,"Zostera marina",515,NA,""
"1154",1156,99,"Zostera marina",460,NA,""
"1155",1157,99,"Zostera marina",570,NA,""
"1156",1158,99,"Zostera marina",438,NA,""
"1157",1159,99,"Zostera marina",593,NA,""
"1158",1160,99,"Zostera marina",477,NA,""
"1159",1161,99,"Zostera marina",420,NA,""
"1160",1162,99,"Zostera marina",622,NA,""
"1161",1163,99,"Zostera marina",423,NA,""
"1162",1164,99,"Zostera marina",595,NA,""
"1163",1165,99,"Zostera marina",608,NA,""
"1164",1166,100,"Zostera marina",459,NA,""
"1165",1167,100,"Zostera marina",468,NA,""
"1166",1168,100,"Zostera marina",610,NA,""
"1167",1169,100,"Zostera marina",660,NA,""
"1168",1170,100,"Zostera marina",375,NA,""
"1169",1171,100,"Zostera marina",598,NA,""
"1170",1172,100,"Zostera marina",332,NA,""
"1171",1173,100,"Zostera marina",492,NA,""
"1172",1174,100,"Zostera marina",358,NA,""
"1173",1175,100,"Zostera marina",384,NA,""
"1174",1176,100,"Zostera marina",369,NA,""
"1175",1177,100,"Zostera marina",488,NA,""
"1176",1178,100,"Zostera marina",415,NA,""
"1177",1179,100,"Zostera marina",322,NA,""
"1178",1180,100,"Zostera marina",232,NA,""
"1179",1181,101,"Cymathaere triplicata",1050,201,""
"1180",1182,101,"Saccharina groenlandica",111,1.4,""
"1181",1183,101,"Saccharina groenlandica",1072,751.5,""
"1182",1184,102,"Cymathaere triplicata",551,72.6,"broken"
"1183",1185,102,"Saccharina latissima",406,26,""
"1184",1186,102,"Saccharina latissima",465,46.6,""
"1185",1187,102,"Saccharina latissima",265,7,""
"1186",1188,102,"Saccharina latissima",212,8.6,""
"1187",1189,102,"Saccharina latissima",149,5.3,""
"1188",1190,102,"Saccharina latissima",224,9.9,""
"1189",1191,102,"Saccharina latissima",89,1.4,""
"1190",1192,102,"Saccharina latissima",70,0.6,""
"1191",1193,102,"Saccharina latissima",108,1.3,""
"1192",1194,102,"Saccharina latissima",82,0.5,""
"1193",1195,102,"Costaria costata",110,3.2,""
"1194",1196,102,"Petalonia fascia",140,0.6,""
"1195",1197,102,"Petalonia fascia",60,0.6,""
"1196",1198,102,"Petalonia fascia",40,0.2,""
"1197",1199,103,"Costaria costata",252,51.2,"broken"
"1198",1200,103,"Costaria costata",275,37.8,"broken"
"1199",1201,103,"Saccharina latissima",251,37.2,""
"1200",1202,103,"Saccharina latissima",581,32,""
"1201",1203,104,"Saccharina latissima",158,4.1,""
"1202",1204,104,"Saccharina latissima",102,2.3,""
"1203",1205,104,"Saccharina latissima",103,1.3,""
"1204",1206,104,"Saccharina latissima",156,6.1,""
"1205",1207,104,"Saccharina latissima",137,1.8,""
"1206",1208,104,"Saccharina latissima",222,6.4,""
"1207",1209,104,"Saccharina latissima",81,0.5,""
"1208",1210,104,"Saccharina latissima",62,0.1,""
"1209",1211,104,"Saccharina latissima",81,0.9,""
"1210",1212,104,"Saccharina latissima",212,7.7,""
"1211",1213,104,"Saccharina latissima",196,7.9,""
"1212",1214,104,"Saccharina groenlandica",127,4.1,""
"1213",1215,104,"Saccharina groenlandica",122,1.6,""
"1214",1216,104,"Petalonia fascia",85,0.3,""
"1215",1217,104,"Petalonia fascia",44,0.1,""
"1216",1218,104,"Petalonia fascia",36,0.1,""
"1217",1219,104,"Petalonia fascia",33,0.1,""
"1218",1220,104,"Costaria costata",281,70.6,""
"1219",1221,104,"Petalonia fascia",43,0.1,""
"1220",1222,104,"Petalonia fascia",22,0.2,""
"1221",1223,105,"Saccharina latissima",174,3.9,""
"1222",1224,105,"Saccharina latissima",281,11.7,""
"1223",1225,105,"Saccharina latissima",150,3.8,""
"1224",1226,105,"Saccharina groenlandica",263,8.1,""
"1225",1227,105,"Saccharina latissima",249,4.9,""
"1226",1228,105,"Saccharina groenlandica",93,1.9,""
"1227",1229,105,"Saccharina latissima",329,10.7,""
"1228",1230,105,"Saccharina latissima",84,1.5,""
"1229",1231,105,"Saccharina latissima",126,1.6,""
"1230",1232,105,"Saccharina groenlandica",60,0.6,""
