site_name,bay_code,bay_sample,sample_date,quadrat_location_m,quadrat_no,primary_sediment,secondary_sediment,common_name,scientific_name,species_code,size_mm,samplers,notes,,,
Guktu Bay,GUKT,A,20210725,2,1,3,4,Butter clam,Saxidomus gigantea,CLAMBU,26.4," Carter, Emma",,,,
Guktu Bay,GUKT,A,20210725,2,1,3,4,Steamer clam,Protothaca staminea,CLAMST,24.9," Carter, Emma",,,,
Guktu Bay,GUKT,A,20210725,2,1,3,4,Steamer clam,Protothaca staminea,CLAMST,26.3," Carter, Emma",,,,
Guktu Bay,GUKT,A,20210725,2,1,3,4,Steamer clam,Protothaca staminea,CLAMST,20.4," Carter, Emma",,,,
Guktu Bay,GUKT,A,20210725,2,1,3,4,Steamer clam,Protothaca staminea,CLAMST,15.5," Carter, Emma",,,,
Guktu Bay,GUKT,A,20210725,2,1,3,4,Steamer clam,Protothaca staminea,CLAMST,18," Carter, Emma",,,,
Guktu Bay,GUKT,A,20210725,2,1,3,4,Steamer clam,Protothaca staminea,CLAMST,12.9," Carter, Emma",,,,
Guktu Bay,GUKT,A,20210725,2,1,3,4,Pointed macoma,Macoma inquinata,CLAMMP,26.4," Carter, Emma",,,,
Guktu Bay,GUKT,A,20210725,2,1,3,4,Pointed macoma,Macoma inquinata,CLAMMP,19.8," Carter, Emma",,,,
Guktu Bay,GUKT,A,20210725,2,1,3,4,Pointed macoma,Macoma inquinata,CLAMMP,17.9," Carter, Emma",,,,
Guktu Bay,GUKT,A,20210725,2,1,3,4,Pointed macoma,Macoma inquinata,CLAMMP,9.2," Carter, Emma",,,,
Guktu Bay,GUKT,A,20210725,16,2,3,7,Steamer clam,Protothaca staminea,CLAMST,35.8," Carter, Emma",,,,
Guktu Bay,GUKT,A,20210725,16,2,3,7,Steamer clam,Protothaca staminea,CLAMST,25.9," Carter, Emma",,,,
Guktu Bay,GUKT,A,20210725,16,2,3,7,Steamer clam,Protothaca staminea,CLAMST,21.1," Carter, Emma",,,,
Guktu Bay,GUKT,A,20210725,16,2,3,7,Steamer clam,Protothaca staminea,CLAMST,21.3," Carter, Emma",,,,
Guktu Bay,GUKT,A,20210725,16,2,3,7,Steamer clam,Protothaca staminea,CLAMST,16.8," Carter, Emma",,,,
Guktu Bay,GUKT,A,20210725,16,2,3,7,Steamer clam,Protothaca staminea,CLAMST,21.1," Carter, Emma",,,,
Guktu Bay,GUKT,A,20210725,16,2,3,7,Steamer clam,Protothaca staminea,CLAMST,24.4," Carter, Emma",,,,
Guktu Bay,GUKT,A,20210725,16,2,3,7,Steamer clam,Protothaca staminea,CLAMST,23.4," Carter, Emma",,,,
Guktu Bay,GUKT,A,20210725,16,2,3,7,Steamer clam,Protothaca staminea,CLAMST,26.1," Carter, Emma",,,,
Guktu Bay,GUKT,A,20210725,16,2,3,7,Steamer clam,Protothaca staminea,CLAMST,24.6," Carter, Emma",,,,
Guktu Bay,GUKT,A,20210725,16,2,3,7,Steamer clam,Protothaca staminea,CLAMST,23," Carter, Emma",,,,
Guktu Bay,GUKT,A,20210725,16,2,3,7,Pointed macoma,Macoma inquinata,CLAMMP,23.9," Carter, Emma",,,,
Guktu Bay,GUKT,A,20210725,16,2,3,7,Pointed macoma,Macoma inquinata,CLAMMP,22.8," Carter, Emma",,,,
Guktu Bay,GUKT,A,20210725,16,2,3,7,Pointed macoma,Macoma inquinata,CLAMMP,25.9," Carter, Emma",,,,
Guktu Bay,GUKT,A,20210725,27,3,3,7,Steamer clam,Protothaca staminea,CLAMST,22.3," Carter, Emma",,,,
Guktu Bay,GUKT,A,20210725,27,3,3,7,Steamer clam,Protothaca staminea,CLAMST,20," Carter, Emma",,,,
Guktu Bay,GUKT,A,20210725,27,3,3,7,Steamer clam,Protothaca staminea,CLAMST,14.5," Carter, Emma",,,,
Guktu Bay,GUKT,A,20210725,27,3,3,7,Steamer clam,Protothaca staminea,CLAMST,20," Carter, Emma",,,,
Guktu Bay,GUKT,A,20210725,27,3,3,7,Steamer clam,Protothaca staminea,CLAMST,23.6," Carter, Emma",,,,
Guktu Bay,GUKT,A,20210725,27,3,3,7,Steamer clam,Protothaca staminea,CLAMST,23.6," Carter, Emma",,,,
Guktu Bay,GUKT,A,20210725,27,3,3,7,Steamer clam,Protothaca staminea,CLAMST,19," Carter, Emma",,,,
Guktu Bay,GUKT,A,20210725,27,3,3,7,Steamer clam,Protothaca staminea,CLAMST,21.7," Carter, Emma",,,,
Guktu Bay,GUKT,A,20210725,27,3,3,7,Steamer clam,Protothaca staminea,CLAMST,27.5," Carter, Emma",,,,
Guktu Bay,GUKT,A,20210725,27,3,3,7,Steamer clam,Protothaca staminea,CLAMST,26.9," Carter, Emma",,,,
Guktu Bay,GUKT,A,20210725,27,3,3,7,Steamer clam,Protothaca staminea,CLAMST,22.3," Carter, Emma",,,,
Guktu Bay,GUKT,A,20210725,27,3,3,7,Steamer clam,Protothaca staminea,CLAMST,19.4," Carter, Emma",,,,
Guktu Bay,GUKT,A,20210725,27,3,3,7,Steamer clam,Protothaca staminea,CLAMST,20.9," Carter, Emma",,,,
Guktu Bay,GUKT,A,20210725,27,3,3,7,Steamer clam,Protothaca staminea,CLAMST,16.1," Carter, Emma",,,,
Guktu Bay,GUKT,A,20210725,27,3,3,7,Steamer clam,Protothaca staminea,CLAMST,14.9," Carter, Emma",,,,
Guktu Bay,GUKT,A,20210725,27,3,3,7,Steamer clam,Protothaca staminea,CLAMST,20.4," Carter, Emma",,,,
Guktu Bay,GUKT,A,20210725,27,3,3,7,Steamer clam,Protothaca staminea,CLAMST,16.6," Carter, Emma",,,,
Guktu Bay,GUKT,A,20210725,34,4,3,7,Steamer clam,Protothaca staminea,CLAMST,30.2," Carter, Emma",,,,
Guktu Bay,GUKT,A,20210725,34,4,3,7,Steamer clam,Protothaca staminea,CLAMST,20.5," Carter, Emma",,,,
Guktu Bay,GUKT,A,20210725,34,4,3,7,Steamer clam,Protothaca staminea,CLAMST,29.7," Carter, Emma",,,,
Guktu Bay,GUKT,A,20210725,34,4,3,7,Steamer clam,Protothaca staminea,CLAMST,18.1," Carter, Emma",,,,
Guktu Bay,GUKT,A,20210725,34,4,3,7,Steamer clam,Protothaca staminea,CLAMST,23.2," Carter, Emma",,,,
Guktu Bay,GUKT,A,20210725,34,4,3,7,Steamer clam,Protothaca staminea,CLAMST,21.5," Carter, Emma",,,,
Guktu Bay,GUKT,A,20210725,34,4,3,7,Steamer clam,Protothaca staminea,CLAMST,20.2," Carter, Emma",,,,
Guktu Bay,GUKT,A,20210725,34,4,3,7,Steamer clam,Protothaca staminea,CLAMST,24.7," Carter, Emma",,,,
Guktu Bay,GUKT,A,20210725,34,4,3,7,Steamer clam,Protothaca staminea,CLAMST,24.4," Carter, Emma",,,,
Guktu Bay,GUKT,A,20210725,34,4,3,7,Steamer clam,Protothaca staminea,CLAMST,30.6," Carter, Emma",,,,
Guktu Bay,GUKT,A,20210725,34,4,3,7,Steamer clam,Protothaca staminea,CLAMST,25.5," Carter, Emma",,,,
Guktu Bay,GUKT,A,20210725,34,4,3,7,Steamer clam,Protothaca staminea,CLAMST,20.4," Carter, Emma",,,,
Guktu Bay,GUKT,A,20210725,34,4,3,7,Steamer clam,Protothaca staminea,CLAMST,21.1," Carter, Emma",,,,
Guktu Bay,GUKT,A,20210725,34,4,3,7,Steamer clam,Protothaca staminea,CLAMST,31.4," Carter, Emma",,,,
Guktu Bay,GUKT,A,20210725,34,4,3,7,Steamer clam,Protothaca staminea,CLAMST,16.3," Carter, Emma",,,,
Guktu Bay,GUKT,A,20210725,34,4,3,7,Steamer clam,Protothaca staminea,CLAMST,23.2," Carter, Emma",,,,
Guktu Bay,GUKT,A,20210725,34,4,3,7,Steamer clam,Protothaca staminea,CLAMST,20," Carter, Emma",,,,
Guktu Bay,GUKT,A,20210725,34,4,3,7,Steamer clam,Protothaca staminea,CLAMST,26.7," Carter, Emma",,,,
Guktu Bay,GUKT,A,20210725,34,4,3,7,Steamer clam,Protothaca staminea,CLAMST,18.8," Carter, Emma",,,,
Guktu Bay,GUKT,A,20210725,34,4,3,7,Steamer clam,Protothaca staminea,CLAMST,22.5," Carter, Emma",,,,
Guktu Bay,GUKT,A,20210725,34,4,3,7,Pointed macoma,Macoma inquinata,CLAMMP,19," Carter, Emma",,,,
Guktu Bay,GUKT,A,20210725,34,4,3,7,Pointed macoma,Macoma inquinata,CLAMMP,20.8," Carter, Emma",,,,
Guktu Bay,GUKT,A,20210725,34,4,3,7,Pointed macoma,Macoma inquinata,CLAMMP,23.2," Carter, Emma",,,,
Guktu Bay,GUKT,A,20210725,34,4,3,7,Butter clam,Saxidomus gigantea,CLAMBU,18.8," Carter, Emma",,,,
Guktu Bay,GUKT,A,20210725,50,5,2,4,Steamer clam,Protothaca staminea,CLAMST,22," Carter, Emma",,,,
Guktu Bay,GUKT,A,20210725,50,5,2,4,Cockle,Clinocardium nutallii,CLAMCK,20.3," Carter, Emma",,,,
Guktu Bay,GUKT,A,20210725,50,5,2,4,Bentnose macoma,Macoma nasuta,CLAMMB,31.2," Carter, Emma",,,,
Guktu Bay,GUKT,A,20210725,50,5,2,4,Bentnose macoma,Macoma nasuta,CLAMMB,41.5," Carter, Emma",,,,
Guktu Bay,GUKT,A,20210725,50,5,2,4,Bentnose macoma,Macoma nasuta,CLAMMB,33," Carter, Emma",,,,
Guktu Bay,GUKT,A,20210725,50,5,2,4,Pointed macoma,Macoma inquinata,CLAMMP,41.1," Carter, Emma",,,,
Guktu Bay,GUKT,A,20210725,50,5,2,4,Pointed macoma,Macoma inquinata,CLAMMP,33.8," Carter, Emma",,,,
Guktu Bay,GUKT,A,20210725,50,5,2,4,Pointed macoma,Macoma inquinata,CLAMMP,30.4," Carter, Emma",,,,
Guktu Bay,GUKT,A,20210725,60,6,2,3,Cockle,Clinocardium nutallii,CLAMCK,19.8," Carter, Emma",,,,
Guktu Bay,GUKT,A,20210725,60,6,2,3,Bentnose macoma,Macoma nasuta,CLAMMB,30.4," Carter, Emma",,,,
Guktu Bay,GUKT,A,20210725,60,6,2,3,Bentnose macoma,Macoma nasuta,CLAMMB,33.3," Carter, Emma",,,,
Guktu Bay,GUKT,A,20210725,60,6,2,3,Pointed macoma,Macoma inquinata,CLAMMP,33.3," Carter, Emma",,,,
Guktu Bay,GUKT,A,20210725,60,6,2,3,Pointed macoma,Macoma inquinata,CLAMMP,33.8," Carter, Emma",,,,
Guktu Bay,GUKT,A,20210725,60,6,2,3,Pointed macoma,Macoma inquinata,CLAMMP,25.6," Carter, Emma",,,,
Guktu Bay,GUKT,A,20210725,67,7,3,4,Steamer clam,Protothaca staminea,CLAMST,32.3," Carter, Emma",,,,
Guktu Bay,GUKT,A,20210725,67,7,3,4,Steamer clam,Protothaca staminea,CLAMST,26.6," Carter, Emma",,,,
Guktu Bay,GUKT,A,20210725,67,7,3,4,Bentnose macoma,Macoma nasuta,CLAMMB,41.1," Carter, Emma",,,,
Guktu Bay,GUKT,A,20210725,67,7,3,4,Pointed macoma,Macoma inquinata,CLAMMP,43.9," Carter, Emma",,,,
Guktu Bay,GUKT,A,20210725,67,7,3,4,Pointed macoma,Macoma inquinata,CLAMMP,31.3," Carter, Emma",,,,
Guktu Bay,GUKT,A,20210725,67,7,3,4,Pointed macoma,Macoma inquinata,CLAMMP,37.4," Carter, Emma",,,,
Guktu Bay,GUKT,A,20210725,76,8,3,4,Steamer clam,Protothaca staminea,CLAMST,29.9," Carter, Emma",,,,
Guktu Bay,GUKT,A,20210725,76,8,3,4,Cockle,Clinocardium nutallii,CLAMCK,24.1," Carter, Emma",,,,
Guktu Bay,GUKT,A,20210725,76,8,3,4,Cockle,Clinocardium nutallii,CLAMCK,23.9," Carter, Emma",,,,
Guktu Bay,GUKT,A,20210725,76,8,3,4,Pointed macoma,Macoma inquinata,CLAMMP,33.6," Carter, Emma",,,,
Guktu Bay,GUKT,A,20210725,80,9,3,4,Bentnose macoma,Macoma nasuta,CLAMMB,33.7," Carter, Emma",,,,
Guktu Bay,GUKT,A,20210725,80,9,3,4,Bentnose macoma,Macoma nasuta,CLAMMB,41," Carter, Emma",,,,
Guktu Bay,GUKT,A,20210725,80,9,3,4,Pointed macoma,Macoma inquinata,CLAMMP,38.4," Carter, Emma",,,,
Guktu Bay,GUKT,A,20210725,80,9,3,4,Pointed macoma,Macoma inquinata,CLAMMP,36.6," Carter, Emma",,,,
Guktu Bay,GUKT,A,20210725,96,10,2,4,Bentnose macoma,Macoma nasuta,CLAMMB,34.6," Carter, Emma",,,,
Guktu Bay,GUKT,A,20210725,96,10,2,4,Bentnose macoma,Macoma nasuta,CLAMMB,36.2," Carter, Emma",,,,
Guktu Bay,GUKT,A,20210725,96,10,2,4,Pointed macoma,Macoma inquinata,CLAMMP,27.2," Carter, Emma",,,,
Guktu Bay,GUKT,A,20210725,96,10,2,4,Pointed macoma,Macoma inquinata,CLAMMP,26.2," Carter, Emma",,,,
Guktu Bay,GUKT,A,20210725,96,10,2,4,Geoduck,Panopea generosa,CLAMGD,69.4," Carter, Emma",estimate based on siphon,,,
Shinaku,SHIN,A,20210722,2,1,3,7,Butter clam,Saxidomus gigantea,CLAMBU,52.8,"Emma, Ginny",,,,
Shinaku,SHIN,A,20210722,2,1,3,7,Steamer clam,Protothaca staminea,CLAMST,24.7,"Emma, Ginny",,,,
Shinaku,SHIN,A,20210722,2,1,3,7,Steamer clam,Protothaca staminea,CLAMST,30.2,"Emma, Ginny",,,,
Shinaku,SHIN,A,20210722,2,1,3,7,Steamer clam,Protothaca staminea,CLAMST,34.9,"Emma, Ginny",,,,
Shinaku,SHIN,A,20210722,2,1,3,7,Steamer clam,Protothaca staminea,CLAMST,33.1,"Emma, Ginny",,,,
Shinaku,SHIN,A,20210722,2,1,3,7,Steamer clam,Protothaca staminea,CLAMST,24.7,"Emma, Ginny",,,,
Shinaku,SHIN,A,20210722,2,1,3,7,Steamer clam,Protothaca staminea,CLAMST,32,"Emma, Ginny",,,,
Shinaku,SHIN,A,20210722,2,1,3,7,Bentnose macoma,Macoma nasuta,CLAMMB,40.5,"Emma, Ginny",,,,
Shinaku,SHIN,A,20210722,2,1,3,7,Bentnose macoma,Macoma nasuta,CLAMMB,35.2,"Emma, Ginny",,,,
Shinaku,SHIN,A,20210722,16,2,3,7,NA,NA,NA,NA,"Emma, Ginny",no clams,,,
Shinaku,SHIN,A,20210722,27,3,3,7,Butter clam,Saxidomus gigantea,CLAMBU,39.5,"Emma, Ginny",estimate,,,
Shinaku,SHIN,A,20210722,27,3,3,7,Steamer clam,Protothaca staminea,CLAMST,30.8,"Emma, Ginny",,,,
Shinaku,SHIN,A,20210722,27,3,3,7,Steamer clam,Protothaca staminea,CLAMST,28,"Emma, Ginny",,,,
Shinaku,SHIN,A,20210722,27,3,3,7,Steamer clam,Protothaca staminea,CLAMST,33.4,"Emma, Ginny",,,,
Shinaku,SHIN,A,20210722,27,3,3,7,Bentnose macoma,Macoma nasuta,CLAMMB,50.1,"Emma, Ginny",,,,
Shinaku,SHIN,A,20210722,34,4,3,7,Steamer clam,Protothaca staminea,CLAMST,45,"Emma, Ginny",,,,
Shinaku,SHIN,A,20210722,34,4,3,7,Steamer clam,Protothaca staminea,CLAMST,34.7,"Emma, Ginny",,,,
Shinaku,SHIN,A,20210722,34,4,3,7,Steamer clam,Protothaca staminea,CLAMST,30,"Emma, Ginny",,,,
Shinaku,SHIN,A,20210722,34,4,3,7,Steamer clam,Protothaca staminea,CLAMST,36.4,"Emma, Ginny",,,,
Shinaku,SHIN,A,20210722,34,4,3,7,Steamer clam,Protothaca staminea,CLAMST,23.3,"Emma, Ginny",,,,
Shinaku,SHIN,A,20210722,34,4,3,7,Steamer clam,Protothaca staminea,CLAMST,36,"Emma, Ginny",,,,
Shinaku,SHIN,A,20210722,34,4,3,7,Steamer clam,Protothaca staminea,CLAMST,23.2,"Emma, Ginny",,,,
Shinaku,SHIN,A,20210722,34,4,3,7,Steamer clam,Protothaca staminea,CLAMST,14.1,"Emma, Ginny",,,,
Shinaku,SHIN,A,20210722,50,5,3,7,Steamer clam,Protothaca staminea,CLAMST,27.5,"Emma, Ginny",,,,
Shinaku,SHIN,A,20210722,50,5,3,7,Steamer clam,Protothaca staminea,CLAMST,28.4,"Emma, Ginny",,,,
Shinaku,SHIN,A,20210722,60,6,5,6,Butter clam,Saxidomus gigantea,CLAMBU,49.2,"Emma, Ginny",,,,
Shinaku,SHIN,A,20210722,60,6,5,6,Steamer clam,Protothaca staminea,CLAMST,38.2,"Emma, Ginny",,,,
Shinaku,SHIN,A,20210722,60,6,5,6,Steamer clam,Protothaca staminea,CLAMST,34,"Emma, Ginny",,,,
Shinaku,SHIN,A,20210722,60,6,5,6,Steamer clam,Protothaca staminea,CLAMST,33.6,"Emma, Ginny",,,,
Shinaku,SHIN,A,20210722,60,6,5,6,Bentnose macoma,Macoma nasuta,CLAMMB,49.2,"Emma, Ginny",,,,
Shinaku,SHIN,A,20210722,67,7,5,6,Pointed macoma,Macoma inquinata,CLAMMP,44.9,"Emma, Ginny",,,,
Shinaku,SHIN,A,20210722,76,8,5,6,Cockle,Clinocardium nutallii,CLAMCK,39.1,"Emma, Ginny",,,,
Shinaku,SHIN,A,20210722,76,8,5,6,Bentnose macoma,Macoma nasuta,CLAMMB,8.4,"Emma, Ginny",,,,
Shinaku,SHIN,A,20210722,80,9,5,6,Butter clam,Saxidomus gigantea,CLAMBU,57.5,"Emma, Ginny",,,,
Shinaku,SHIN,A,20210722,80,9,5,6,Steamer clam,Protothaca staminea,CLAMST,18.6,"Emma, Ginny",,,,
Shinaku,SHIN,A,20210722,80,9,5,6,Steamer clam,Protothaca staminea,CLAMST,42.9,"Emma, Ginny",,,,
Shinaku,SHIN,A,20210722,96,10,5,6,Steamer clam,Protothaca staminea,CLAMST,39.1,"Emma, Ginny",,,,
Shinaku,SHIN,A,20210722,96,10,5,6,Bentnose macoma,Macoma nasuta,CLAMMB,31.1,"Emma, Ginny",,,,
Shinaku,SHIN,A,20210722,96,10,5,6,Bentnose macoma,Macoma nasuta,CLAMMB,32,"Emma, Ginny",,,,
North Fish Egg Island,NEFI,A,20210721,2,1,3,3,Bentnose macoma,Macoma nasuta,CLAMMB,58.7,"Ginny, Jessica, Emma",,,,
North Fish Egg Island,NEFI,A,20210721,2,1,3,3,Pointed macoma,Macoma inquinata,CLAMMP,21.8,"Ginny, Jessica, Emma",,,,
North Fish Egg Island,NEFI,A,20210721,16,2,3,3,Butter clam,Saxidomus gigantea,CLAMBU,59.1,"Ginny, Jessica, Emma",,,,
North Fish Egg Island,NEFI,A,20210721,16,2,3,3,Bentnose macoma,Macoma nasuta,CLAMMB,24.4,"Ginny, Jessica, Emma",,,,
North Fish Egg Island,NEFI,A,20210721,16,2,3,3,Pointed macoma,Macoma inquinata,CLAMMP,48.7,"Ginny, Jessica, Emma",,,,
North Fish Egg Island,NEFI,A,20210721,27,3,3,3,Cockle,Clinocardium nutallii,CLAMCK,80,"Ginny, Jessica, Emma",,,,
North Fish Egg Island,NEFI,A,20210721,27,3,3,3,Bentnose macoma,Macoma nasuta,CLAMMB,39.4,"Ginny, Jessica, Emma",,,,
North Fish Egg Island,NEFI,A,20210721,27,3,3,3,Bentnose macoma,Macoma nasuta,CLAMMB,46.9,"Ginny, Jessica, Emma",,,,
North Fish Egg Island,NEFI,A,20210721,27,3,3,3,Bentnose macoma,Macoma nasuta,CLAMMB,18.7,"Ginny, Jessica, Emma",,,,
North Fish Egg Island,NEFI,A,20210721,27,3,3,3,Bentnose macoma,Macoma nasuta,CLAMMB,20.7,"Ginny, Jessica, Emma",,,,
North Fish Egg Island,NEFI,A,20210721,34,4,3,3,Cockle,Clinocardium nutallii,CLAMCK,35.9,"Ginny, Jessica, Emma",,,,
North Fish Egg Island,NEFI,A,20210721,34,4,3,3,Bentnose macoma,Macoma nasuta,CLAMMB,22.1,"Ginny, Jessica, Emma",,,,
North Fish Egg Island,NEFI,A,20210721,34,4,3,3,Bentnose macoma,Macoma nasuta,CLAMMB,26.1,"Ginny, Jessica, Emma",,,,
North Fish Egg Island,NEFI,A,20210721,34,4,3,3,Bentnose macoma,Macoma nasuta,CLAMMB,39.6,"Ginny, Jessica, Emma",,,,
North Fish Egg Island,NEFI,A,20210721,50,5,3,3,Steamer clam,Protothaca staminea,CLAMST,53.7,"Ginny, Jessica, Emma",,,,
North Fish Egg Island,NEFI,A,20210721,50,5,3,3,Steamer clam,Protothaca staminea,CLAMST,59.9,"Ginny, Jessica, Emma",,,,
North Fish Egg Island,NEFI,A,20210721,50,5,3,3,Steamer clam,Protothaca staminea,CLAMST,53,"Ginny, Jessica, Emma",estimate,,,
North Fish Egg Island,NEFI,A,20210721,50,5,3,3,Bentnose macoma,Macoma nasuta,CLAMMB,48.2,"Ginny, Jessica, Emma",,,,
North Fish Egg Island,NEFI,A,20210721,50,5,3,3,Bentnose macoma,Macoma nasuta,CLAMMB,19.4,"Ginny, Jessica, Emma",,,,
North Fish Egg Island,NEFI,A,20210721,50,5,3,3,Bentnose macoma,Macoma nasuta,CLAMMB,29.1,"Ginny, Jessica, Emma",,,,
North Fish Egg Island,NEFI,A,20210721,50,5,3,3,Bentnose macoma,Macoma nasuta,CLAMMB,32.8,"Ginny, Jessica, Emma",,,,
North Fish Egg Island,NEFI,A,20210721,50,5,3,3,Bentnose macoma,Macoma nasuta,CLAMMB,18.4,"Ginny, Jessica, Emma",,,,
North Fish Egg Island,NEFI,A,20210721,50,5,3,3,Bentnose macoma,Macoma nasuta,CLAMMB,22.4,"Ginny, Jessica, Emma",,,,
North Fish Egg Island,NEFI,A,20210721,60,6,3,3,Steamer clam,Protothaca staminea,CLAMST,30.5,"Ginny, Jessica, Emma",,,,
North Fish Egg Island,NEFI,A,20210721,60,6,3,3,Cockle,Clinocardium nutallii,CLAMCK,86.1,"Ginny, Jessica, Emma",,,,
North Fish Egg Island,NEFI,A,20210721,60,6,3,3,Bentnose macoma,Macoma nasuta,CLAMMB,46,"Ginny, Jessica, Emma",,,,
North Fish Egg Island,NEFI,A,20210721,60,6,3,3,Bentnose macoma,Macoma nasuta,CLAMMB,51.4,"Ginny, Jessica, Emma",,,,
North Fish Egg Island,NEFI,A,20210721,60,6,3,3,Bentnose macoma,Macoma nasuta,CLAMMB,30.8,"Ginny, Jessica, Emma",,,,
North Fish Egg Island,NEFI,A,20210721,60,6,3,3,Bentnose macoma,Macoma nasuta,CLAMMB,34,"Ginny, Jessica, Emma",,,,
North Fish Egg Island,NEFI,A,20210721,67,7,3,3,Steamer clam,Protothaca staminea,CLAMST,51.5,"Ginny, Jessica, Emma",,,,
North Fish Egg Island,NEFI,A,20210721,67,7,3,3,Bentnose macoma,Macoma nasuta,CLAMMB,54,"Ginny, Jessica, Emma",,,,
North Fish Egg Island,NEFI,A,20210721,67,7,3,3,Bentnose macoma,Macoma nasuta,CLAMMB,19,"Ginny, Jessica, Emma",,,,
North Fish Egg Island,NEFI,A,20210721,67,7,3,3,Bentnose macoma,Macoma nasuta,CLAMMB,29.9,"Ginny, Jessica, Emma",,,,
North Fish Egg Island,NEFI,A,20210721,76,8,3,6,Butter clam,Saxidomus gigantea,CLAMBU,45.1,"Ginny, Jessica, Emma",,,,
North Fish Egg Island,NEFI,A,20210721,76,8,3,6,Steamer clam,Protothaca staminea,CLAMST,61.5,"Ginny, Jessica, Emma",,,,
North Fish Egg Island,NEFI,A,20210721,76,8,3,6,Steamer clam,Protothaca staminea,CLAMST,33,"Ginny, Jessica, Emma",,,,
North Fish Egg Island,NEFI,A,20210721,76,8,3,6,Bentnose macoma,Macoma nasuta,CLAMMB,26.5,"Ginny, Jessica, Emma",,,,
North Fish Egg Island,NEFI,A,20210721,76,8,3,6,Bentnose macoma,Macoma nasuta,CLAMMB,20.3,"Ginny, Jessica, Emma",,,,
North Fish Egg Island,NEFI,A,20210721,76,8,3,6,Bentnose macoma,Macoma nasuta,CLAMMB,28,"Ginny, Jessica, Emma",,,,
North Fish Egg Island,NEFI,A,20210721,76,8,3,6,Bentnose macoma,Macoma nasuta,CLAMMB,25.6,"Ginny, Jessica, Emma",,,,
North Fish Egg Island,NEFI,A,20210721,80,9,3,3,Butter clam,Saxidomus gigantea,CLAMBU,56.3,"Ginny, Jessica, Emma",,,,
North Fish Egg Island,NEFI,A,20210721,80,9,3,3,Butter clam,Saxidomus gigantea,CLAMBU,61.1,"Ginny, Jessica, Emma",estimate,,,
North Fish Egg Island,NEFI,A,20210721,80,9,3,3,Steamer clam,Protothaca staminea,CLAMST,57.4,"Ginny, Jessica, Emma",,,,
North Fish Egg Island,NEFI,A,20210721,80,9,3,3,Steamer clam,Protothaca staminea,CLAMST,45.5,"Ginny, Jessica, Emma",,,,
North Fish Egg Island,NEFI,A,20210721,80,9,3,3,Steamer clam,Protothaca staminea,CLAMST,58.9,"Ginny, Jessica, Emma",,,,
North Fish Egg Island,NEFI,A,20210721,80,9,3,3,Steamer clam,Protothaca staminea,CLAMST,41,"Ginny, Jessica, Emma",,,,
North Fish Egg Island,NEFI,A,20210721,80,9,3,3,Steamer clam,Protothaca staminea,CLAMST,60.5,"Ginny, Jessica, Emma",,,,
North Fish Egg Island,NEFI,A,20210721,80,9,3,3,Steamer clam,Protothaca staminea,CLAMST,61.3,"Ginny, Jessica, Emma",,,,
North Fish Egg Island,NEFI,A,20210721,80,9,3,3,Bentnose macoma,Macoma nasuta,CLAMMB,49.6,"Ginny, Jessica, Emma",,,,
North Fish Egg Island,NEFI,A,20210721,80,9,3,3,Blunt gaper,Mya truncata,CLAMBL,50.3,"Ginny, Jessica, Emma",,,,
North Fish Egg Island,NEFI,A,20210721,96,10,3,7,Steamer clam,Protothaca staminea,CLAMST,58.2,"Ginny, Jessica, Emma",,,,
North Fish Egg Island,NEFI,A,20210721,96,10,3,7,Steamer clam,Protothaca staminea,CLAMST,51.6,"Ginny, Jessica, Emma",,,,
Natzuhini Bay,NATZ,A,20210723,2,1,3,7,Steamer clam,Protothaca staminea,CLAMST,44.2,"Carter, Emmett, Jessica",,,,
Natzuhini Bay,NATZ,A,20210723,2,1,3,7,Steamer clam,Protothaca staminea,CLAMST,46.7,"Carter, Emmett, Jessica",,,,
Natzuhini Bay,NATZ,A,20210723,2,1,3,7,Steamer clam,Protothaca staminea,CLAMST,50.9,"Carter, Emmett, Jessica",,,,
Natzuhini Bay,NATZ,A,20210723,2,1,3,7,Steamer clam,Protothaca staminea,CLAMST,52.5,"Carter, Emmett, Jessica",,,,
Natzuhini Bay,NATZ,A,20210723,2,1,3,7,Steamer clam,Protothaca staminea,CLAMST,54.3,"Carter, Emmett, Jessica",,,,
Natzuhini Bay,NATZ,A,20210723,2,1,3,7,Steamer clam,Protothaca staminea,CLAMST,55.7,"Carter, Emmett, Jessica",,,,
Natzuhini Bay,NATZ,A,20210723,2,1,3,7,Bentnose macoma,Macoma nasuta,CLAMMB,18,"Carter, Emmett, Jessica",,,,
Natzuhini Bay,NATZ,A,20210723,2,1,3,7,Bentnose macoma,Macoma nasuta,CLAMMB,23.8,"Carter, Emmett, Jessica",,,,
Natzuhini Bay,NATZ,A,20210723,2,1,3,7,Pointed macoma,Macoma inquinata,CLAMMP,28.2,"Carter, Emmett, Jessica",,,,
Natzuhini Bay,NATZ,A,20210723,16,2,3,7,Steamer clam,Protothaca staminea,CLAMST,50,"Carter, Emmett, Jessica",,,,
Natzuhini Bay,NATZ,A,20210723,16,2,3,7,Steamer clam,Protothaca staminea,CLAMST,50.2,"Carter, Emmett, Jessica",,,,
Natzuhini Bay,NATZ,A,20210723,16,2,3,7,Cockle,Clinocardium nutallii,CLAMCK,53.9,"Carter, Emmett, Jessica",,,,
Natzuhini Bay,NATZ,A,20210723,27,3,3,6,Butter clam,Saxidomus gigantea,CLAMBU,73.5,"Carter, Emmett, Jessica",,,,
Natzuhini Bay,NATZ,A,20210723,27,3,3,6,Butter clam,Saxidomus gigantea,CLAMBU,54.6,"Carter, Emmett, Jessica",,,,
Natzuhini Bay,NATZ,A,20210723,27,3,3,6,Steamer clam,Protothaca staminea,CLAMST,47.6,"Carter, Emmett, Jessica",,,,
Natzuhini Bay,NATZ,A,20210723,27,3,3,6,Steamer clam,Protothaca staminea,CLAMST,60.1,"Carter, Emmett, Jessica",,,,
Natzuhini Bay,NATZ,A,20210723,27,3,3,6,Cockle,Clinocardium nutallii,CLAMCK,69.8,"Carter, Emmett, Jessica",,,,
Natzuhini Bay,NATZ,A,20210723,27,3,3,6,Cockle,Clinocardium nutallii,CLAMCK,51.9,"Carter, Emmett, Jessica",,,,
Natzuhini Bay,NATZ,A,20210723,27,3,3,6,Cockle,Clinocardium nutallii,CLAMCK,21.7,"Carter, Emmett, Jessica",,,,
Natzuhini Bay,NATZ,A,20210723,27,3,3,6,Cockle,Clinocardium nutallii,CLAMCK,19,"Carter, Emmett, Jessica",,,,
Natzuhini Bay,NATZ,A,20210723,27,3,3,6,Pointed macoma,Macoma inquinata,CLAMMP,23.7,"Carter, Emmett, Jessica",,,,
Natzuhini Bay,NATZ,A,20210723,27,3,3,6,Pointed macoma,Macoma inquinata,CLAMMP,22.6,"Carter, Emmett, Jessica",,,,
Natzuhini Bay,NATZ,A,20210723,27,3,3,6,Pointed macoma,Macoma inquinata,CLAMMP,25.3,"Carter, Emmett, Jessica",,,,
Natzuhini Bay,NATZ,A,20210723,34,4,3,7,Butter clam,Saxidomus gigantea,CLAMBU,64,"Carter, Emmett, Jessica",,,,
Natzuhini Bay,NATZ,A,20210723,34,4,3,7,Steamer clam,Protothaca staminea,CLAMST,54.2,"Carter, Emmett, Jessica",,,,
Natzuhini Bay,NATZ,A,20210723,34,4,3,7,Steamer clam,Protothaca staminea,CLAMST,38.5,"Carter, Emmett, Jessica",,,,
Natzuhini Bay,NATZ,A,20210723,50,5,3,7,Butter clam,Saxidomus gigantea,CLAMBU,70.9,"Carter, Emmett, Jessica",,,,
Natzuhini Bay,NATZ,A,20210723,50,5,3,7,Steamer clam,Protothaca staminea,CLAMST,60.5,"Carter, Emmett, Jessica",,,,
Natzuhini Bay,NATZ,A,20210723,50,5,3,7,Bentnose macoma,Macoma nasuta,CLAMMB,25.6,"Carter, Emmett, Jessica",,,,
Natzuhini Bay,NATZ,A,20210723,50,5,3,7,Bentnose macoma,Macoma nasuta,CLAMMB,20.6,"Carter, Emmett, Jessica",,,,
Natzuhini Bay,NATZ,A,20210723,60,6,3,7,na,na,na,na,"Carter, Emmett, Jessica",no clams,,,
Natzuhini Bay,NATZ,A,20210723,67,7,3,7,Butter clam,Saxidomus gigantea,CLAMBU,74.6,"Carter, Emmett, Jessica",,,,
Natzuhini Bay,NATZ,A,20210723,67,7,3,7,Pointed macoma,Macoma inquinata,CLAMMP,34.8,"Carter, Emmett, Jessica",,,,
Natzuhini Bay,NATZ,A,20210723,76,8,3,7,Butter clam,Saxidomus gigantea,CLAMBU,70.3,"Carter, Emmett, Jessica",,,,
Natzuhini Bay,NATZ,A,20210723,76,8,3,7,Steamer clam,Protothaca staminea,CLAMST,59.9,"Carter, Emmett, Jessica",,,,
Natzuhini Bay,NATZ,A,20210723,76,8,3,7,Steamer clam,Protothaca staminea,CLAMST,57.1,"Carter, Emmett, Jessica",,,,
Natzuhini Bay,NATZ,A,20210723,76,8,3,7,Steamer clam,Protothaca staminea,CLAMST,56.9,"Carter, Emmett, Jessica",,,,
Natzuhini Bay,NATZ,A,20210723,80,9,3,7,Steamer clam,Protothaca staminea,CLAMST,51.2,"Carter, Emmett, Jessica",,,,
Natzuhini Bay,NATZ,A,20210723,80,9,3,7,Steamer clam,Protothaca staminea,CLAMST,57.7,"Carter, Emmett, Jessica",,,,
Natzuhini Bay,NATZ,A,20210723,80,9,3,7,Steamer clam,Protothaca staminea,CLAMST,45.4,"Carter, Emmett, Jessica",,,,
Natzuhini Bay,NATZ,A,20210723,80,9,3,7,Steamer clam,Protothaca staminea,CLAMST,49.1,"Carter, Emmett, Jessica",,,,
Natzuhini Bay,NATZ,A,20210723,80,9,3,7,Steamer clam,Protothaca staminea,CLAMST,57.2,"Carter, Emmett, Jessica",,,,
Natzuhini Bay,NATZ,A,20210723,96,10,3,7,Butter clam,Saxidomus gigantea,CLAMBU,77.1,"Carter, Emmett, Jessica",,,,
Natzuhini Bay,NATZ,A,20210723,96,10,3,7,Butter clam,Saxidomus gigantea,CLAMBU,58.7,"Carter, Emmett, Jessica",,,,
Natzuhini Bay,NATZ,A,20210723,96,10,3,7,Steamer clam,Protothaca staminea,CLAMST,54.9,"Carter, Emmett, Jessica",,,,
Natzuhini Bay,NATZ,A,20210723,96,10,3,7,Steamer clam,Protothaca staminea,CLAMST,33.5,"Carter, Emmett, Jessica",,,,
Natzuhini Bay,NATZ,A,20210723,96,10,3,7,Bentnose macoma,Macoma nasuta,CLAMMB,38.8,"Carter, Emmett, Jessica",,,,
Natzuhini Bay,NATZ,A,20210723,96,10,3,7,Bentnose macoma,Macoma nasuta,CLAMMB,31.3,"Carter, Emmett, Jessica",,,,
Natzuhini Bay,NATZ,A,20210723,96,10,3,7,Bentnose macoma,Macoma nasuta,CLAMMB,20.1,"Carter, Emmett, Jessica",,,,
Natzuhini Bay,NATZ,A,20210723,96,10,3,7,Bentnose macoma,Macoma nasuta,CLAMMB,16,"Carter, Emmett, Jessica",,,,
Natzuhini Bay,NATZ,A,20210723,96,10,3,7,Bentnose macoma,Macoma nasuta,CLAMMB,21.8,"Carter, Emmett, Jessica",,,,
Natzuhini Bay,NATZ,A,20210723,96,10,3,7,Pointed macoma,Macoma inquinata,CLAMMP,25,"Carter, Emmett, Jessica",,,,
Nossuk Bay,NOSK,A,20210726,2,1,1,1,na,na,na,na,"Carter, Emma",no clams,,,
Nossuk Bay,NOSK,A,20210726,16,2,1,2,na,na,na,na,"Carter, Emma",no clams,,,
Nossuk Bay,NOSK,A,20210726,27,3,1,2,Steamer clam,Protothaca staminea,CLAMST,37.2,"Carter, Emma",,,,
Nossuk Bay,NOSK,A,20210726,34,4,2,2,Steamer clam,Protothaca staminea,CLAMST,37.7,"Carter, Emma",estimate,,,
Nossuk Bay,NOSK,A,20210726,50,5,1,2,Butter clam,Saxidomus gigantea,CLAMBU,41.4,"Carter, Emma",,,,
Nossuk Bay,NOSK,A,20210726,50,5,1,2,Steamer clam,Protothaca staminea,CLAMST,34.2,"Carter, Emma",,,,
Nossuk Bay,NOSK,A,20210726,50,5,1,2,Steamer clam,Protothaca staminea,CLAMST,42.9,"Carter, Emma",,,,
Nossuk Bay,NOSK,A,20210726,50,5,1,2,Steamer clam,Protothaca staminea,CLAMST,36,"Carter, Emma",,,,
Nossuk Bay,NOSK,A,20210726,50,5,1,2,Bentnose macoma,Macoma nasuta,CLAMMB,25.9,"Carter, Emma",,,,
Nossuk Bay,NOSK,A,20210726,50,5,1,2,Pointed macoma,Macoma inquinata,CLAMMP,18.6,"Carter, Emma",,,,
Nossuk Bay,NOSK,A,20210726,50,5,1,2,Pointed macoma,Macoma inquinata,CLAMMP,20.4,"Carter, Emma",,,,
Nossuk Bay,NOSK,A,20210726,50,5,1,2,Pointed macoma,Macoma inquinata,CLAMMP,17.7,"Carter, Emma",,,,
Nossuk Bay,NOSK,A,20210726,50,5,1,2,Pointed macoma,Macoma inquinata,CLAMMP,19.3,"Carter, Emma",mussel 26.5,,,
Nossuk Bay,NOSK,A,20210726,60,6,3,4,Cockle,Clinocardium nutallii,CLAMCK,29.6,"Carter, Emma",,,,
Nossuk Bay,NOSK,A,20210726,60,6,3,4,Pointed macoma,Macoma inquinata,CLAMMP,19.2,"Carter, Emma",,,,
Nossuk Bay,NOSK,A,20210726,60,6,3,4,Pointed macoma,Macoma inquinata,CLAMMP,30.9,"Carter, Emma",,,,
Nossuk Bay,NOSK,A,20210726,67,7,3,4,Steamer clam,Protothaca staminea,CLAMST,42.3,"Carter, Emma",,,,
Nossuk Bay,NOSK,A,20210726,67,7,3,4,Steamer clam,Protothaca staminea,CLAMST,34.4,"Carter, Emma",,,,
Nossuk Bay,NOSK,A,20210726,67,7,3,4,Steamer clam,Protothaca staminea,CLAMST,23.9,"Carter, Emma",,,,
Nossuk Bay,NOSK,A,20210726,76,8,3,4,Butter clam,Saxidomus gigantea,CLAMBU,56,"Carter, Emma",,,,
Nossuk Bay,NOSK,A,20210726,76,8,3,4,Butter clam,Saxidomus gigantea,CLAMBU,29.9,"Carter, Emma",,,,
Nossuk Bay,NOSK,A,20210726,76,8,3,4,Steamer clam,Protothaca staminea,CLAMST,36.2,"Carter, Emma",,,,
Nossuk Bay,NOSK,A,20210726,76,8,3,4,Steamer clam,Protothaca staminea,CLAMST,36.2,"Carter, Emma",,,,
Nossuk Bay,NOSK,A,20210726,80,9,2,2,Steamer clam,Protothaca staminea,CLAMST,37.7,"Carter, Emma",,,,
Nossuk Bay,NOSK,A,20210726,80,9,2,2,Steamer clam,Protothaca staminea,CLAMST,34.5,"Carter, Emma",,,,
Nossuk Bay,NOSK,A,20210726,80,9,2,2,Steamer clam,Protothaca staminea,CLAMST,40,"Carter, Emma",,,,
Nossuk Bay,NOSK,A,20210726,80,9,2,2,Steamer clam,Protothaca staminea,CLAMST,39.6,"Carter, Emma",,,,
Nossuk Bay,NOSK,A,20210726,80,9,2,2,Steamer clam,Protothaca staminea,CLAMST,27.8,"Carter, Emma",estimate,,,
Nossuk Bay,NOSK,A,20210726,80,9,2,2,Cockle,Clinocardium nutallii,CLAMCK,33.1,"Carter, Emma",,,,
Nossuk Bay,NOSK,A,20210726,96,10,3,2,na,na,na,na,"Carter, Emma",no clams,,,
Port Refugio,REFU,A,20210724,2,1,1,1,Bentnose macoma,Macoma nasuta,CLAMMB,49.2,,,,,
Port Refugio,REFU,A,20210724,2,1,1,1,Bentnose macoma,Macoma nasuta,CLAMMB,45.5,,,,,
Port Refugio,REFU,A,20210724,2,1,1,1,Bentnose macoma,Macoma nasuta,CLAMMB,48,,,,,
Port Refugio,REFU,A,20210724,2,1,1,1,Bentnose macoma,Macoma nasuta,CLAMMB,54.3,,estimate,,,
Port Refugio,REFU,A,20210724,2,1,1,1,Bentnose macoma,Macoma nasuta,CLAMMB,34.1,,,,,
Port Refugio,REFU,A,20210724,2,1,1,1,Bentnose macoma,Macoma nasuta,CLAMMB,41.7,,,,,
Port Refugio,REFU,A,20210724,2,1,1,1,Bentnose macoma,Macoma nasuta,CLAMMB,46.3,,,,,
Port Refugio,REFU,A,20210724,2,1,1,1,Bentnose macoma,Macoma nasuta,CLAMMB,40.3,,,,,
Port Refugio,REFU,A,20210724,2,1,1,1,Pointed macoma,Macoma inquinata,CLAMMP,44.4,,,,,
Port Refugio,REFU,A,20210724,2,1,1,1,Pointed macoma,Macoma inquinata,CLAMMP,36.6,,,,,
Port Refugio,REFU,A,20210724,2,1,1,1,Pointed macoma,Macoma inquinata,CLAMMP,42,,,,,
Port Refugio,REFU,A,20210724,2,1,1,1,Macoma sp.,Macoma sp.,CLMMAC,42,,estimate,,,
Port Refugio,REFU,A,20210724,16,2,1,1,Butter clam,Saxidomus gigantea,CLAMBU,80.8,,,,,
Port Refugio,REFU,A,20210724,16,2,1,1,Butter clam,Saxidomus gigantea,CLAMBU,72.7,,,,,
Port Refugio,REFU,A,20210724,16,2,1,1,Butter clam,Saxidomus gigantea,CLAMBU,85.7,,,,,
Port Refugio,REFU,A,20210724,16,2,1,1,Steamer clam,Protothaca staminea,CLAMST,48.3,,,,,
Port Refugio,REFU,A,20210724,16,2,1,1,Steamer clam,Protothaca staminea,CLAMST,43.3,,,,,
Port Refugio,REFU,A,20210724,16,2,1,1,Cockle,Clinocardium nutallii,CLAMCK,25.8,,,,,
Port Refugio,REFU,A,20210724,16,2,1,1,Bentnose macoma,Macoma nasuta,CLAMMB,47.3,,,,,
Port Refugio,REFU,A,20210724,16,2,1,1,Bentnose macoma,Macoma nasuta,CLAMMB,46.6,,,,,
Port Refugio,REFU,A,20210724,16,2,1,1,Bentnose macoma,Macoma nasuta,CLAMMB,51.9,,,,,
Port Refugio,REFU,A,20210724,16,2,1,1,Pointed macoma,Macoma inquinata,CLAMMP,30.1,,,,,
Port Refugio,REFU,A,20210724,16,2,1,1,Pointed macoma,Macoma inquinata,CLAMMP,43.8,,,,,
Port Refugio,REFU,A,20210724,16,2,1,1,Pointed macoma,Macoma inquinata,CLAMMP,22.8,,,,,
Port Refugio,REFU,A,20210724,16,2,1,1,Pointed macoma,Macoma inquinata,CLAMMP,24.5,,,,,
Port Refugio,REFU,A,20210724,27,3,1,1,Pointed macoma,Macoma inquinata,CLAMMP,22.7,,,,,
Port Refugio,REFU,A,20210724,27,3,1,1,Pointed macoma,Macoma inquinata,CLAMMP,42.9,,,,,
Port Refugio,REFU,A,20210724,27,3,1,1,Pointed macoma,Macoma inquinata,CLAMMP,36.9,,,,,
Port Refugio,REFU,A,20210724,34,4,1,1,Steamer clam,Protothaca staminea,CLAMST,36,,,,,
Port Refugio,REFU,A,20210724,34,4,1,1,Bentnose macoma,Macoma nasuta,CLAMMB,61.6,,,,,
Port Refugio,REFU,A,20210724,34,4,1,1,Bentnose macoma,Macoma nasuta,CLAMMB,36.1,,,,,
Port Refugio,REFU,A,20210724,34,4,1,1,Bentnose macoma,Macoma nasuta,CLAMMB,51,,,,,
Port Refugio,REFU,A,20210724,34,4,1,1,Bentnose macoma,Macoma nasuta,CLAMMB,33.1,,,,,
Port Refugio,REFU,A,20210724,50,5,1,2,Steamer clam,Protothaca staminea,CLAMST,56.9,,,,,
Port Refugio,REFU,A,20210724,50,5,1,2,Bentnose macoma,Macoma nasuta,CLAMMB,57.4,,,,,
Port Refugio,REFU,A,20210724,50,5,1,2,Pointed macoma,Macoma inquinata,CLAMMP,33.2,,,,,
Port Refugio,REFU,A,20210724,60,6,1,2,Steamer clam,Protothaca staminea,CLAMST,38.2,,,,,
Port Refugio,REFU,A,20210724,60,6,1,2,Cockle,Clinocardium nutallii,CLAMCK,31.8,,,,,
Port Refugio,REFU,A,20210724,60,6,1,2,Bentnose macoma,Macoma nasuta,CLAMMB,49.7,,,,,
Port Refugio,REFU,A,20210724,60,6,1,2,Bentnose macoma,Macoma nasuta,CLAMMB,30.7,,,,,
Port Refugio,REFU,A,20210724,60,6,1,2,Bentnose macoma,Macoma nasuta,CLAMMB,25.7,,,,,
Port Refugio,REFU,A,20210724,60,6,1,2,Pointed macoma,Macoma inquinata,CLAMMP,35,,,,,
Port Refugio,REFU,A,20210724,67,7,2,3,Steamer clam,Protothaca staminea,CLAMST,56.8,,,,,
Port Refugio,REFU,A,20210724,67,7,2,3,Steamer clam,Protothaca staminea,CLAMST,23.7,,,,,
Port Refugio,REFU,A,20210724,67,7,2,3,Bentnose macoma,Macoma nasuta,CLAMMB,35.7,,,,,
Port Refugio,REFU,A,20210724,67,7,2,3,Bentnose macoma,Macoma nasuta,CLAMMB,25.6,,,,,
Port Refugio,REFU,A,20210724,67,7,2,3,Pointed macoma,Macoma inquinata,CLAMMP,33.5,,,,,
Port Refugio,REFU,A,20210724,76,8,2,3,Bentnose macoma,Macoma nasuta,CLAMMB,31.5,,,,,
Port Refugio,REFU,A,20210724,76,8,2,3,Pointed macoma,Macoma inquinata,CLAMMP,42.9,,,,,
Port Refugio,REFU,A,20210724,76,8,2,3,Pointed macoma,Macoma inquinata,CLAMMP,34.9,,,,,
Port Refugio,REFU,A,20210724,80,9,2,3,Steamer clam,Protothaca staminea,CLAMST,43.5,,,,,
Port Refugio,REFU,A,20210724,80,9,2,3,Bentnose macoma,Macoma nasuta,CLAMMB,32.1,,,,,
Port Refugio,REFU,A,20210724,80,9,2,3,Bentnose macoma,Macoma nasuta,CLAMMB,49.2,,,,,
Port Refugio,REFU,A,20210724,80,9,2,3,Pointed macoma,Macoma inquinata,CLAMMP,26.4,,,,,
Port Refugio,REFU,A,20210724,96,10,2,3,Butter clam,Saxidomus gigantea,CLAMBU,77.1,,,,,
Port Refugio,REFU,A,20210724,96,10,2,3,Butter clam,Saxidomus gigantea,CLAMBU,77.5,,,,,
Port Refugio,REFU,A,20210724,96,10,2,3,Butter clam,Saxidomus gigantea,CLAMBU,25.4,,,,,
Port Refugio,REFU,A,20210724,96,10,2,3,Bentnose macoma,Macoma nasuta,CLAMMB,27.6,,,,,
Port Refugio,REFU,A,20210724,96,10,2,3,Bentnose macoma,Macoma nasuta,CLAMMB,28.9,,,,,