Sample_ID,Sample_date,Process_date,Processed_by,Total_mass_g,Total_mass_post_g,Prey_no,Taxa,Taxa_mass_g,Digestion_code,ID_notes
2017_M01_Q3,4/28/17,1/23/19,MB,0.0438,0.03073,1,caprellid amphipod,0.01756,4,"long body, two long antennae on head, four bulby legs, segmented legs in back "
2017_M01_Q3,4/28/17,1/23/19,MB,0.0438,0.03073,2,caprellid amphipod,,4,
2017_M01_Q3,4/28/17,1/23/19,MB,0.0438,0.03073,3,caprellid amphipod,,4,
2017_M01_Q3,4/28/17,1/23/19,MB,0.0438,0.03073,4,unidentified syllidae,0.00229,4,"2 pairs of eyes , 16 pairs of fuzzy legs, segmented body"
2017_M01_Q3,4/28/17,1/23/19,MB,0.0438,0.03073,5,lottia pelta,0.00544,4,"stripes on edge, large spot in middle"
2017_M01_Q3,4/28/17,1/23/19,MB,0.0438,0.03073,6,gammarid amphipod,0.00156,3,"segmented body, antenna, tail, gnathopods!"
CYAG_1,6/30/2018,12/13/2018,WR,0.459,0.4906,1,pleocyemata,0.1722,3,definitely not mysids can't distinguish between families
CYAG_1,6/30/2018,12/13/2018,WR,0.459,0.4906,2,pleocyemata,,3,
CYAG_1,6/30/2018,12/13/2018,WR,0.459,0.4906,3,pleocyemata,,3,
CYAG_1,6/30/2018,12/13/2018,WR,0.459,0.4906,4,pleocyemata,,3,
CYAG_1,6/30/2018,12/13/2018,WR,0.459,0.4906,5,pleocyemata,,3,
CYAG_1,6/30/2018,12/13/2018,WR,0.459,0.4906,6,pleocyemata,,3,
CYAG_1,6/30/2018,12/13/2018,WR,0.459,0.4906,7,pleocyemata,,3,
CYAG_1,6/30/2018,12/13/2018,WR,0.459,0.4906,8,pleocyemata,,3,
CYAG_1,6/30/2018,12/13/2018,WR,0.459,0.4906,9,pleocyemata,,3,
CYAG_1,6/30/2018,12/13/2018,WR,0.459,0.4906,10,pleocyemata,,3,
CYAG_1,6/30/2018,12/13/2018,WR,0.459,0.4906,11,pleocyemata,,3,
CYAG_1,6/30/2018,12/13/2018,WR,0.459,0.4906,12,pleocyemata,,3,
CYAG_1,6/30/2018,12/13/2018,WR,0.459,0.4906,13,pleocyemata,,3,
CYAG_1,6/30/2018,12/13/2018,WR,0.459,0.4906,14,pleocyemata,,3,
CYAG_1,6/30/2018,12/13/2018,WR,0.459,0.4906,15,pleocyemata,,3,
CYAG_1,6/30/2018,12/13/2018,WR,0.459,0.4906,16,pleocyemata,,3,
CYAG_1,6/30/2018,12/13/2018,WR,0.459,0.4906,17,pleocyemata,,3,
CYAG_1,6/30/2018,12/13/2018,WR,0.459,0.4906,18,pleocyemata,,3,
CYAG_1,6/30/2018,12/13/2018,WR,0.459,0.4906,19,pleocyemata,,3,
CYAG_1,6/30/2018,12/13/2018,WR,0.459,0.4906,20,pleocyemata,,3,
CYAG_1,6/30/2018,12/13/2018,WR,0.459,0.4906,21,pleocyemata parts,0.315,2-3,
CYAG_1,6/30/2018,12/13/2018,WR,0.459,0.4906,22,crab megalopae,0.0034,3,too digested to id further
CYAG_1,6/30/2018,12/13/2018,WR,0.459,0.4906,23,crab megalopae,,2,
CYAG_10,7/26/18,1/23/19,MB,0.09491,0.07882,1,unidentified crustacean,0.01012,2,looks like tentacles with suckers
CYAG_10,7/26/18,1/23/19,MB,0.09491,0.07882,2,unidentified,0.06659,2,
CYAG_10,7/26/18,1/23/19,MB,0.09491,0.07882,3,unidentified zoea,0.00211,2,"no head, segmented body, segmented appendages, legs thicker in the front and thinner in the back"
CYAG_10,7/26/18,1/23/19,MB,0.09491,0.07882,4,unidentified zoea,,2,
CYAG_11,7/26/18,1/22/19,MB,0.07344,0.06667,1,unidentified,0.06667,2,
CYAG_12,7/26/18,1/23/19,MB,0.14612,0.12601,1,unidentified,0.12601,2,
CYAG_13,7/26/18,1/23/19,MB,0.0925,0.06205,1,unidentified,0.06205,2,
CYAG_14,7/26/18,2/5/19,MB,0.13606,0.12283,1,unidentified invertebrates,0.00183,2,rostrum present
CYAG_14,7/26/18,2/5/19,MB,0.13606,0.12283,2,unidentified invertebrates,,2,segmented body
CYAG_14,7/26/18,2/5/19,MB,0.13606,0.12283,3,unidentified invertebrates,,2,crustacean claw
CYAG_14,7/26/18,2/5/19,MB,0.13606,0.12283,4,unidentified invertebrates,,2,tail of possible shrimp
CYAG_14,7/26/18,2/5/19,MB,0.13606,0.12283,5,unidentified invertebrates,,2,thin long segmented body and appendages
CYAG_14,7/26/18,2/5/19,MB,0.13606,0.12283,6,unidentified,0.121,2,
CYAG_15,7/27/18,1/22/19,MB,0.02315,0.01458,1,decapod megalopa,0.00004,3,"long pointed rostrum, segmented appendages"
CYAG_15,7/27/18,1/22/19,MB,0.02315,0.01458,2,unidentified decapod,0.00017,2,"biramous appendages, segmented legs"
CYAG_15,7/27/18,1/22/19,MB,0.02315,0.01458,3,unidentified crustacean,0.01437,2,"possible crab, pointed rostrum, large claw"
CYAG_19,7/27/18,2/5/19,MB,0.31115,0.12575,1,unidentified crustacean,0.0023,2,claw attached
CYAG_19,7/27/18,2/5/19,MB,0.31115,0.12575,2,unidentified crustacean,,2,
CYAG_19,7/27/18,2/5/19,MB,0.31115,0.12575,3,unidentified invertebrates,0.0179,2,"separated by two pairs of eyes, rostrum"
CYAG_19,7/27/18,2/5/19,MB,0.31115,0.12575,4,unidentified invertebrates,,2,
CYAG_19,7/27/18,2/5/19,MB,0.31115,0.12575,5,unidentified invertebrates,,2,
CYAG_19,7/27/18,2/5/19,MB,0.31115,0.12575,6,unidentified invertebrates,,2,
CYAG_19,7/27/18,2/5/19,MB,0.31115,0.12575,7,unidentified invertebrates,,2,
CYAG_19,7/27/18,2/5/19,MB,0.31115,0.12575,8,unidentified invertebrates,,2,
CYAG_19,7/27/18,2/5/19,MB,0.31115,0.12575,9,unidentified invertebrates,,2,
CYAG_19,7/27/18,2/5/19,MB,0.31115,0.12575,10,unidentified invertebrates,,2,
CYAG_19,7/27/18,2/5/19,MB,0.31115,0.12575,11,unidentified invertebrates,,2,
CYAG_19,7/27/18,2/5/19,MB,0.31115,0.12575,12,unidentified invertebrates,,2,
CYAG_19,7/27/18,2/5/19,MB,0.31115,0.12575,13,unidentified invertebrates,,2,
CYAG_19,7/27/18,2/5/19,MB,0.31115,0.12575,14,unidentified invertebrates,,2,
CYAG_19,7/27/18,2/5/19,MB,0.31115,0.12575,15,unidentified invertebrates,,2,
CYAG_19,7/27/18,2/5/19,MB,0.31115,0.12575,16,unidentified invertebrates,,2,
CYAG_19,7/27/18,2/5/19,MB,0.31115,0.12575,17,unidentified invertebrates,,2,
CYAG_19,7/27/18,2/5/19,MB,0.31115,0.12575,18,unidentified invertebrates,,2,
CYAG_19,7/27/18,2/5/19,MB,0.31115,0.12575,19,unidentified invertebrates,,2,
CYAG_19,7/27/18,2/5/19,MB,0.31115,0.12575,20,unidentified invertebrates,,2,
CYAG_19,7/27/18,2/5/19,MB,0.31115,0.12575,21,unidentified invertebrates,,2,
CYAG_19,7/27/18,2/5/19,MB,0.31115,0.12575,22,unidentified invertebrates,,2,
CYAG_19,7/27/18,2/5/19,MB,0.31115,0.12575,23,unidentified invertebrates,,2,
CYAG_19,7/27/18,2/5/19,MB,0.31115,0.12575,24,unidentified invertebrates,,2,
CYAG_19,7/27/18,2/5/19,MB,0.31115,0.12575,25,unidentified invertebrates,,2,
CYAG_19,7/27/18,2/5/19,MB,0.31115,0.12575,26,unidentified invertebrates,,2,
CYAG_19,7/27/18,2/5/19,MB,0.31115,0.12575,27,unidentified invertebrates,,2,
CYAG_19,7/27/18,2/5/19,MB,0.31115,0.12575,28,unidentified invertebrates,,2,
CYAG_19,7/27/18,2/5/19,MB,0.31115,0.12575,29,unidentified invertebrates,,2,
CYAG_19,7/27/18,2/5/19,MB,0.31115,0.12575,30,unidentified invertebrates,,2,
CYAG_19,7/27/18,2/5/19,MB,0.31115,0.12575,31,unidentified invertebrates,,2,
CYAG_19,7/27/18,2/5/19,MB,0.31115,0.12575,32,unidentified invertebrates,,2,
CYAG_19,7/27/18,2/5/19,MB,0.31115,0.12575,33,unidentified invertebrates,,2,
CYAG_19,7/27/18,2/5/19,MB,0.31115,0.12575,34,unidentified invertebrates,,2,
CYAG_19,7/27/18,2/5/19,MB,0.31115,0.12575,35,unidentified invertebrates,,2,
CYAG_19,7/27/18,2/5/19,MB,0.31115,0.12575,36,unidentified invertebrates,,2,
CYAG_19,7/27/18,2/5/19,MB,0.31115,0.12575,37,unidentified invertebrates,,2,
CYAG_19,7/27/18,2/5/19,MB,0.31115,0.12575,38,unidentified invertebrates,,2,
CYAG_19,7/27/18,2/5/19,MB,0.31115,0.12575,39,unidentified invertebrates,,2,
CYAG_19,7/27/18,2/5/19,MB,0.31115,0.12575,40,unidentified invertebrates,,2,
CYAG_19,7/27/18,2/5/19,MB,0.31115,0.12575,41,unidentified invertebrates,,2,
CYAG_19,7/27/18,2/5/19,MB,0.31115,0.12575,42,unidentified invertebrates,,2,
CYAG_19,7/27/18,2/5/19,MB,0.31115,0.12575,43,unidentified invertebrates,,2,
CYAG_19,7/27/18,2/5/19,MB,0.31115,0.12575,44,unidentified invertebrates,,2,
CYAG_19,7/27/18,2/5/19,MB,0.31115,0.12575,45,unidentified invertebrates,,2,
CYAG_19,7/27/18,2/5/19,MB,0.31115,0.12575,46,unidentified invertebrates,,2,
CYAG_19,7/27/18,2/5/19,MB,0.31115,0.12575,47,unidentified invertebrates,,2,
CYAG_19,7/27/18,2/5/19,MB,0.31115,0.12575,48,unidentified invertebrates,,2,
CYAG_19,7/27/18,2/5/19,MB,0.31115,0.12575,49,unidentified invertebrates,,2,
CYAG_19,7/27/18,2/5/19,MB,0.31115,0.12575,50,unidentified invertebrates,,2,
CYAG_19,7/27/18,2/5/19,MB,0.31115,0.12575,51,unidentified invertebrates,,2,
CYAG_19,7/27/18,2/5/19,MB,0.31115,0.12575,52,unidentified invertebrates,,2,
CYAG_19,7/27/18,2/5/19,MB,0.31115,0.12575,53,unidentified invertebrates,0.10555,2,"unattached eyes and appendages, some segmented bodies"
CYAG_2,6/30/2018,12/13/2018,WR,1.012,0.78756,1,gammarid amphipod,0.0769,3,
CYAG_2,6/30/2018,12/13/2018,WR,1.012,0.78756,2,gammarid amphipod,,3,
CYAG_2,6/30/2018,12/13/2018,WR,1.012,0.78756,3,gammarid amphipod,,3,
CYAG_2,6/30/2018,12/13/2018,WR,1.012,0.78756,4,gammarid amphipod,,3,
CYAG_2,6/30/2018,12/13/2018,WR,1.012,0.78756,5,gammarid amphipod,,3,
CYAG_2,6/30/2018,12/13/2018,WR,1.012,0.78756,6,gammarid amphipod,,3,
CYAG_2,6/30/2018,12/13/2018,WR,1.012,0.78756,7,gammarid amphipod,,3,
CYAG_2,6/30/2018,12/13/2018,WR,1.012,0.78756,8,gammarid amphipod,,3,
CYAG_2,6/30/2018,12/13/2018,WR,1.012,0.78756,9,gammarid amphipod,,3,
CYAG_2,6/30/2018,12/13/2018,WR,1.012,0.78756,10,gammarid amphipod,,3,
CYAG_2,6/30/2018,12/13/2018,WR,1.012,0.78756,11,gammarid amphipod,,3,
CYAG_2,6/30/2018,12/13/2018,WR,1.012,0.78756,12,gammarid amphipod,,3,
CYAG_2,6/30/2018,12/13/2018,WR,1.012,0.78756,13,gammarid amphipod,,3,
CYAG_2,6/30/2018,12/13/2018,WR,1.012,0.78756,14,gammarid amphipod,,3,
CYAG_2,6/30/2018,12/13/2018,WR,1.012,0.78756,15,gammarid amphipod,,3,
CYAG_2,6/30/2018,12/13/2018,WR,1.012,0.78756,16,gammarid amphipod,,3,
CYAG_2,6/30/2018,12/13/2018,WR,1.012,0.78756,17,gammarid amphipod,,3,
CYAG_2,6/30/2018,12/13/2018,WR,1.012,0.78756,18,gammarid amphipod,,3,
CYAG_2,6/30/2018,12/13/2018,WR,1.012,0.78756,19,gammarid amphipod,,3,
CYAG_2,6/30/2018,12/13/2018,WR,1.012,0.78756,20,gammarid amphipod,,3,
CYAG_2,6/30/2018,12/13/2018,WR,1.012,0.78756,21,gammarid amphipod,,3,
CYAG_2,6/30/2018,12/13/2018,WR,1.012,0.78756,22,gammarid amphipod,,3,
CYAG_2,6/30/2018,12/13/2018,WR,1.012,0.78756,23,gammarid amphipod,,3,
CYAG_2,6/30/2018,12/13/2018,WR,1.012,0.78756,24,gammarid amphipod,,3,
CYAG_2,6/30/2018,12/13/2018,WR,1.012,0.78756,25,gammarid amphipod,,3,
CYAG_2,6/30/2018,12/13/2018,WR,1.012,0.78756,26,gammarid amphipod,,3,
CYAG_2,6/30/2018,12/13/2018,WR,1.012,0.78756,27,gammarid amphipod,,3,
CYAG_2,6/30/2018,12/13/2018,WR,1.012,0.78756,28,gammarid amphipod,,3,
CYAG_2,6/30/2018,12/13/2018,WR,1.012,0.78756,29,gammarid amphipod,,3,
CYAG_2,6/30/2018,12/13/2018,WR,1.012,0.78756,30,gammarid amphipod,,3,
CYAG_2,6/30/2018,12/13/2018,WR,1.012,0.78756,31,gammarid amphipod,,3,
CYAG_2,6/30/2018,12/13/2018,WR,1.012,0.78756,32,gammarid amphipod,,3,
CYAG_2,6/30/2018,12/13/2018,WR,1.012,0.78756,33,gammarid amphipod,,3,
CYAG_2,6/30/2018,12/13/2018,WR,1.012,0.78756,34,gammarid amphipod,,3,
CYAG_2,6/30/2018,12/13/2018,WR,1.012,0.78756,35,gammarid amphipod,,3,
CYAG_2,6/30/2018,12/13/2018,WR,1.012,0.78756,36,gammarid amphipod,,3,
CYAG_2,6/30/2018,12/13/2018,WR,1.012,0.78756,37,gammarid amphipod,,3,
CYAG_2,6/30/2018,12/13/2018,WR,1.012,0.78756,38,gammarid amphipod,,3,
CYAG_2,6/30/2018,12/13/2018,WR,1.012,0.78756,39,gammarid amphipod,,3,
CYAG_2,6/30/2018,12/13/2018,WR,1.012,0.78756,40,gammarid amphipod,,3,
CYAG_2,6/30/2018,12/13/2018,WR,1.012,0.78756,41,gammarid amphipod,,3,
CYAG_2,6/30/2018,12/13/2018,WR,1.012,0.78756,42,gammarid amphipod,,3,
CYAG_2,6/30/2018,12/13/2018,WR,1.012,0.78756,43,gammarid amphipod,,3,
CYAG_2,6/30/2018,12/13/2018,WR,1.012,0.78756,44,gammarid amphipod,,3,
CYAG_2,6/30/2018,12/13/2018,WR,1.012,0.78756,45,gammarid amphipod,,3,
CYAG_2,6/30/2018,12/13/2018,WR,1.012,0.78756,46,gammarid amphipod,,3,
CYAG_2,6/30/2018,12/13/2018,WR,1.012,0.78756,47,gammarid amphipod,,3,
CYAG_2,6/30/2018,12/13/2018,WR,1.012,0.78756,48,gammarid amphipod,,3,
CYAG_2,6/30/2018,12/13/2018,WR,1.012,0.78756,49,gammarid amphipod,,3,
CYAG_2,6/30/2018,12/13/2018,WR,1.012,0.78756,50,gammarid amphipod,,3,
CYAG_2,6/30/2018,12/13/2018,WR,1.012,0.78756,51,gammarid amphipod,,3,
CYAG_2,6/30/2018,12/13/2018,WR,1.012,0.78756,52,gammarid amphipod,,3,
CYAG_2,6/30/2018,12/13/2018,WR,1.012,0.78756,53,gammarid amphipod,,3,
CYAG_2,6/30/2018,12/13/2018,WR,1.012,0.78756,54,gammarid amphipod,,3,
CYAG_2,6/30/2018,12/13/2018,WR,1.012,0.78756,55,gammarid amphipod,,3,
CYAG_2,6/30/2018,12/13/2018,WR,1.012,0.78756,56,gammarid amphipod,,3,
CYAG_2,6/30/2018,12/13/2018,WR,1.012,0.78756,57,gammarid amphipod,,3,
CYAG_2,6/30/2018,12/13/2018,WR,1.012,0.78756,58,gammarid amphipod,,3,
CYAG_2,6/30/2018,12/13/2018,WR,1.012,0.78756,59,gammarid amphipod,,3,
CYAG_2,6/30/2018,12/13/2018,WR,1.012,0.78756,60,gammarid amphipod,,3,
CYAG_2,6/30/2018,12/13/2018,WR,1.012,0.78756,61,gammarid amphipod,,3,
CYAG_2,6/30/2018,12/13/2018,WR,1.012,0.78756,62,gammarid amphipod,,3,
CYAG_2,6/30/2018,12/13/2018,WR,1.012,0.78756,63,gammarid amphipod,,3,
CYAG_2,6/30/2018,12/13/2018,WR,1.012,0.78756,64,gammarid amphipod,,3,
CYAG_2,6/30/2018,12/13/2018,WR,1.012,0.78756,65,gammarid amphipod,,3,
CYAG_2,6/30/2018,12/13/2018,WR,1.012,0.78756,66,gammarid amphipod,,3,
CYAG_2,6/30/2018,12/13/2018,WR,1.012,0.78756,67,gammarid amphipod,,3,
CYAG_2,6/30/2018,12/13/2018,WR,1.012,0.78756,68,gammarid amphipod,,3,
CYAG_2,6/30/2018,12/13/2018,WR,1.012,0.78756,69,gammarid amphipod,,3,
CYAG_2,6/30/2018,12/13/2018,WR,1.012,0.78756,70,gammarid amphipod,,3,
CYAG_2,6/30/2018,12/13/2018,WR,1.012,0.78756,71,gammarid amphipod,,3,
CYAG_2,6/30/2018,12/13/2018,WR,1.012,0.78756,72,gammarid amphipod,,3,
CYAG_2,6/30/2018,12/13/2018,WR,1.012,0.78756,73,gammarid amphipod,,3,
CYAG_2,6/30/2018,12/13/2018,WR,1.012,0.78756,74,gammarid amphipod,,3,
CYAG_2,6/30/2018,12/13/2018,WR,1.012,0.78756,75,gammarid amphipod,,3,
CYAG_2,6/30/2018,12/13/2018,WR,1.012,0.78756,76,gammarid amphipod,,3,
CYAG_2,6/30/2018,12/13/2018,WR,1.012,0.78756,77,gammarid amphipod,,3,
CYAG_2,6/30/2018,12/13/2018,WR,1.012,0.78756,78,gammarid amphipod,,3,
CYAG_2,6/30/2018,12/13/2018,WR,1.012,0.78756,79,gammarid amphipod,,3,
CYAG_2,6/30/2018,12/13/2018,WR,1.012,0.78756,80,gammarid amphipod,,3,
CYAG_2,6/30/2018,12/13/2018,WR,1.012,0.78756,81,gammarid amphipod,,3,
CYAG_2,6/30/2018,12/13/2018,WR,1.012,0.78756,82,gammarid amphipod,,3,
CYAG_2,6/30/2018,12/13/2018,WR,1.012,0.78756,83,gammarid amphipod,,3,
CYAG_2,6/30/2018,12/13/2018,WR,1.012,0.78756,84,gammarid amphipod,,3,
CYAG_2,6/30/2018,12/13/2018,WR,1.012,0.78756,85,gammarid amphipod,,3,
CYAG_2,6/30/2018,12/13/2018,WR,1.012,0.78756,86,gammarid amphipod,,3,
CYAG_2,6/30/2018,12/13/2018,WR,1.012,0.78756,87,gammarid amphipod,,3,
CYAG_2,6/30/2018,12/13/2018,WR,1.012,0.78756,88,gammarid amphipod,,3,
CYAG_2,6/30/2018,12/13/2018,WR,1.012,0.78756,89,gammarid amphipod,,3,
CYAG_2,6/30/2018,12/13/2018,WR,1.012,0.78756,90,gammarid amphipod,,3,
CYAG_2,6/30/2018,12/13/2018,WR,1.012,0.78756,91,gammarid amphipod,,3,
CYAG_2,6/30/2018,12/13/2018,WR,1.012,0.78756,92,gammarid amphipod,,3,
CYAG_2,6/30/2018,12/13/2018,WR,1.012,0.78756,93,gammarid amphipod,,3,
CYAG_2,6/30/2018,12/13/2018,WR,1.012,0.78756,94,gammarid amphipod,,3,
CYAG_2,6/30/2018,12/13/2018,WR,1.012,0.78756,95,gammarid amphipod,,3,
CYAG_2,6/30/2018,12/13/2018,WR,1.012,0.78756,96,gammarid amphipod,,3,
CYAG_2,6/30/2018,12/13/2018,WR,1.012,0.78756,97,gammarid amphipod,,3,
CYAG_2,6/30/2018,12/13/2018,WR,1.012,0.78756,98,gammarid amphipod,,3,
CYAG_2,6/30/2018,12/13/2018,WR,1.012,0.78756,99,gammarid amphipod,,3,
CYAG_2,6/30/2018,12/13/2018,WR,1.012,0.78756,100,gammarid amphipod,,3,
CYAG_2,6/30/2018,12/13/2018,WR,1.012,0.78756,101,gammarid amphipod,,3,
CYAG_2,6/30/2018,12/13/2018,WR,1.012,0.78756,102,gammarid amphipod,,3,
CYAG_2,6/30/2018,12/13/2018,WR,1.012,0.78756,103,gammarid amphipod,,3,
CYAG_2,6/30/2018,12/13/2018,WR,1.012,0.78756,104,gammarid amphipod,,3,
CYAG_2,6/30/2018,12/13/2018,WR,1.012,0.78756,105,gammarid amphipod,,3,
CYAG_2,6/30/2018,12/13/2018,WR,1.012,0.78756,106,gammarid amphipod,,3,
CYAG_2,6/30/2018,12/13/2018,WR,1.012,0.78756,107,gammarid amphipod,,3,
CYAG_2,6/30/2018,12/13/2018,WR,1.012,0.78756,108,gammarid amphipod,,3,
CYAG_2,6/30/2018,12/13/2018,WR,1.012,0.78756,109,gammarid amphipod,,3,
CYAG_2,6/30/2018,12/13/2018,WR,1.012,0.78756,110,gammarid amphipod,,3,
CYAG_2,6/30/2018,12/13/2018,WR,1.012,0.78756,111,gammarid amphipod,,3,
CYAG_2,6/30/2018,12/13/2018,WR,1.012,0.78756,112,gammarid amphipod,,3,
CYAG_2,6/30/2018,12/13/2018,WR,1.012,0.78756,113,gammarid amphipod,,3,
CYAG_2,6/30/2018,12/13/2018,WR,1.012,0.78756,114,gammarid amphipod,,3,
CYAG_2,6/30/2018,12/13/2018,WR,1.012,0.78756,115,gammarid amphipod,,3,
CYAG_2,6/30/2018,12/13/2018,WR,1.012,0.78756,116,gammarid amphipod,,3,
CYAG_2,6/30/2018,12/13/2018,WR,1.012,0.78756,117,gammarid parts,0.008,2,
CYAG_2,6/30/2018,12/13/2018,WR,1.012,0.78756,118,flaberifera iso,0.0179,2,
CYAG_2,6/30/2018,12/13/2018,WR,1.012,0.78756,119,flaberifera iso,,2,
CYAG_2,6/30/2018,12/13/2018,WR,1.012,0.78756,120,flaberifera iso,,2,
CYAG_2,6/30/2018,12/13/2018,WR,1.012,0.78756,121,flaberifera iso,,2,
CYAG_2,6/30/2018,12/13/2018,WR,1.012,0.78756,122,flaberifera iso,,2,
CYAG_2,6/30/2018,12/13/2018,WR,1.012,0.78756,123,flaberifera iso,,2,
CYAG_2,6/30/2018,12/13/2018,WR,1.012,0.78756,124,flaberifera iso,,2,
CYAG_2,6/30/2018,12/13/2018,WR,1.012,0.78756,125,oligochaeta,0.0045,4,
CYAG_2,6/30/2018,12/13/2018,WR,1.012,0.78756,126,oligochaeta,,4,
CYAG_2,6/30/2018,12/13/2018,WR,1.012,0.78756,127,oligochaeta,,4,
CYAG_2,6/30/2018,12/13/2018,WR,1.012,0.78756,128,oligochaeta,,4,
CYAG_2,6/30/2018,12/13/2018,WR,1.012,0.78756,129,oligochaeta,,4,
CYAG_2,6/30/2018,12/13/2018,WR,1.012,0.78756,130,oligochaeta,,4,
CYAG_2,6/30/2018,12/13/2018,WR,1.012,0.78756,131,oligochaeta,,4,
CYAG_2,6/30/2018,12/13/2018,WR,1.012,0.78756,132,oligochaeta,,4,
CYAG_2,6/30/2018,12/13/2018,WR,1.012,0.78756,133,oligochaeta,,4,
CYAG_2,6/30/2018,12/13/2018,WR,1.012,0.78756,134,oligochaeta,,4,
CYAG_2,6/30/2018,12/13/2018,WR,1.012,0.78756,135,oligochaeta,,4,
CYAG_2,6/30/2018,12/13/2018,WR,1.012,0.78756,136,oligochaeta,,4,
CYAG_2,6/30/2018,12/13/2018,WR,1.012,0.78756,137,oligochaeta,,4,
CYAG_2,6/30/2018,12/13/2018,WR,1.012,0.78756,138,oligochaeta,,4,
CYAG_2,6/30/2018,12/13/2018,WR,1.012,0.78756,139,oligochaeta,,4,
CYAG_2,6/30/2018,12/13/2018,WR,1.012,0.78756,140,oligochaeta,,4,
CYAG_2,6/30/2018,12/13/2018,WR,1.012,0.78756,141,oligochaeta,,4,
CYAG_2,6/30/2018,12/13/2018,WR,1.012,0.78756,142,oligochaeta,,4,
CYAG_2,6/30/2018,12/13/2018,WR,1.012,0.78756,143,oligochaeta,,4,
CYAG_2,6/30/2018,12/13/2018,WR,1.012,0.78756,144,oligochaeta,,4,
CYAG_2,6/30/2018,12/13/2018,WR,1.012,0.78756,145,oligochaeta,,4,
CYAG_2,6/30/2018,12/13/2018,WR,1.012,0.78756,146,oligochaeta,,4,
CYAG_2,6/30/2018,12/13/2018,WR,1.012,0.78756,147,oligochaeta,,4,
CYAG_2,6/30/2018,12/13/2018,WR,1.012,0.78756,148,oligochaeta,,4,
CYAG_2,6/30/2018,12/13/2018,WR,1.012,0.78756,149,oligochaeta,,4,
CYAG_2,6/30/2018,12/13/2018,WR,1.012,0.78756,150,oligochaeta,,4,
CYAG_2,6/30/2018,12/13/2018,WR,1.012,0.78756,151,oligochaeta,,4,
CYAG_2,6/30/2018,12/13/2018,WR,1.012,0.78756,152,oligochaeta,,4,
CYAG_2,6/30/2018,12/13/2018,WR,1.012,0.78756,153,oligochaeta,,4,
CYAG_2,6/30/2018,12/13/2018,WR,1.012,0.78756,154,oligochaeta,,4,
CYAG_2,6/30/2018,12/13/2018,WR,1.012,0.78756,155,oligochaeta,,4,
CYAG_2,6/30/2018,12/13/2018,WR,1.012,0.78756,156,oligochaeta,,4,
CYAG_2,6/30/2018,12/13/2018,WR,1.012,0.78756,157,oligochaeta,,4,
CYAG_2,6/30/2018,12/13/2018,WR,1.012,0.78756,158,oligochaeta,,4,
CYAG_2,6/30/2018,12/13/2018,WR,1.012,0.78756,159,oligochaeta,,4,
CYAG_2,6/30/2018,12/13/2018,WR,1.012,0.78756,160,oligochaeta,,4,
CYAG_2,6/30/2018,12/13/2018,WR,1.012,0.78756,161,oligochaeta,,4,
CYAG_2,6/30/2018,12/13/2018,WR,1.012,0.78756,162,oligochaeta,,4,
CYAG_2,6/30/2018,12/13/2018,WR,1.012,0.78756,163,oligochaeta,,4,
CYAG_2,6/30/2018,12/13/2018,WR,1.012,0.78756,164,oligochaeta,,4,
CYAG_2,6/30/2018,12/13/2018,WR,1.012,0.78756,165,oligochaeta,,4,
CYAG_2,6/30/2018,12/13/2018,WR,1.012,0.78756,166,oligochaeta,,4,
CYAG_2,6/30/2018,12/13/2018,WR,1.012,0.78756,167,oligochaeta,,4,
CYAG_2,6/30/2018,12/13/2018,WR,1.012,0.78756,168,oligochaeta,,4,
CYAG_2,6/30/2018,12/13/2018,WR,1.012,0.78756,169,oligochaeta,,4,
CYAG_2,6/30/2018,12/13/2018,WR,1.012,0.78756,170,oligochaeta,,4,
CYAG_2,6/30/2018,12/13/2018,WR,1.012,0.78756,171,oligochaeta,,4,
CYAG_2,6/30/2018,12/13/2018,WR,1.012,0.78756,172,oligochaeta,,4,
CYAG_2,6/30/2018,12/13/2018,WR,1.012,0.78756,173,oligochaeta,,4,
CYAG_2,6/30/2018,12/13/2018,WR,1.012,0.78756,174,oligochaeta,,4,
CYAG_2,6/30/2018,12/13/2018,WR,1.012,0.78756,175,oligochaeta,,4,
CYAG_2,6/30/2018,12/13/2018,WR,1.012,0.78756,176,oligochaeta,,4,
CYAG_2,6/30/2018,12/13/2018,WR,1.012,0.78756,177,oligochaeta,,4,
CYAG_2,6/30/2018,12/13/2018,WR,1.012,0.78756,178,oligochaeta,,4,
CYAG_2,6/30/2018,12/13/2018,WR,1.012,0.78756,179,oligochaeta,,4,
CYAG_2,6/30/2018,12/13/2018,WR,1.012,0.78756,180,oligochaeta,,4,
CYAG_2,6/30/2018,12/13/2018,WR,1.012,0.78756,181,oligochaeta,,4,
CYAG_2,6/30/2018,12/13/2018,WR,1.012,0.78756,182,oligochaeta,,4,
CYAG_2,6/30/2018,12/13/2018,WR,1.012,0.78756,183,oligochaeta,,4,
CYAG_2,6/30/2018,12/13/2018,WR,1.012,0.78756,184,oligochaeta,,4,
CYAG_2,6/30/2018,12/13/2018,WR,1.012,0.78756,185,oligochaeta,,4,
CYAG_2,6/30/2018,12/13/2018,WR,1.012,0.78756,186,oligochaeta,,4,
CYAG_2,6/30/2018,12/13/2018,WR,1.012,0.78756,187,oligochaeta,,4,
CYAG_2,6/30/2018,12/13/2018,WR,1.012,0.78756,188,oligochaeta,,4,
CYAG_2,6/30/2018,12/13/2018,WR,1.012,0.78756,189,oligochaeta,,4,
CYAG_2,6/30/2018,12/13/2018,WR,1.012,0.78756,190,oligochaeta,,4,
CYAG_2,6/30/2018,12/13/2018,WR,1.012,0.78756,191,oligochaeta,,4,
CYAG_2,6/30/2018,12/13/2018,WR,1.012,0.78756,192,oligochaeta,,4,
CYAG_2,6/30/2018,12/13/2018,WR,1.012,0.78756,193,oligochaeta,,4,
CYAG_2,6/30/2018,12/13/2018,WR,1.012,0.78756,194,oligochaeta,,4,
CYAG_2,6/30/2018,12/13/2018,WR,1.012,0.78756,195,oligochaeta,,4,
CYAG_2,6/30/2018,12/13/2018,WR,1.012,0.78756,196,unidentified invertebrates,0.68026,2,
CYAG_21,7/27/18,2/6/19,MB,0.10152,0.09192,1,unidentified,0.07459,2,
CYAG_21,7/27/18,2/6/19,MB,0.10152,0.09192,2,unidentified crustacean,0.00463,2,"claw, carapace, rostrum"
CYAG_21,7/27/18,2/6/19,MB,0.10152,0.09192,3,unidentified invertebrates,0.00686,2,appendages
CYAG_21,7/27/18,2/6/19,MB,0.10152,0.09192,4,unidentified invertebrates,,2,rostrum head only
CYAG_21,7/27/18,2/6/19,MB,0.10152,0.09192,5,unidentified invertebrates,,2,"bits of legs, carapace"
CYAG_21,7/27/18,2/6/19,MB,0.10152,0.09192,6,gammarid amphipod,0.0025,2,"long rostrum, antennae, segmented body"
CYAG_21,7/27/18,2/6/19,MB,0.10152,0.09192,7,limpet,0.00334,2,"oval shape, segmented sides"
CYAG_22,7/27/18,2/6/19,MB,0.0866,0.0862,1,unidentified cephalopod,0.03592,2,"stringy arms, looks like a funnel, 2 eyes on head"
CYAG_22,7/27/18,2/6/19,MB,0.0866,0.0862,2,unidentified,0.04768,2,
CYAG_22,7/27/18,2/6/19,MB,0.0866,0.0862,3,unidentified invertebrates,0.0026,2,carapace
CYAG_22,7/27/18,2/6/19,MB,0.0866,0.0862,4,unidentified invertebrates,,2,"bottom part of invert, tail and legs"
CYAG_5,7/26/18,1/16/19,MB,0.12873,0.10727,1,decapod megalopa,0.0645,3,"can see appendages, long pointed rostrum, claws"
CYAG_5,7/26/18,1/16/19,MB,0.12873,0.10727,2,decapod megalopa,,3,
CYAG_5,7/26/18,1/16/19,MB,0.12873,0.10727,3,decapod megalopa,,3,
CYAG_5,7/26/18,1/16/19,MB,0.12873,0.10727,4,decapod megalopa,,3,
CYAG_5,7/26/18,1/16/19,MB,0.12873,0.10727,5,decapod megalopa,,3,
CYAG_5,7/26/18,1/16/19,MB,0.12873,0.10727,6,decapod megalopa,,3,
CYAG_5,7/26/18,1/16/19,MB,0.12873,0.10727,7,decapod megalopa,,3,
CYAG_5,7/26/18,1/16/19,MB,0.12873,0.10727,8,decapod megalopa,,3,
CYAG_5,7/26/18,1/16/19,MB,0.12873,0.10727,9,decapod megalopa,,3,
CYAG_5,7/26/18,1/16/19,MB,0.12873,0.10727,10,unidentified crustacean,0.03818,2,unattached claws
CYAG_5,7/26/18,1/16/19,MB,0.12873,0.10727,11,unidentified invertebrates,0.00459,2,looks like sea urchin spines
CYAG_6,7/26/18,1/16/19,MB,0.11132,0.10979,1,decapod megalopa,0.01818,3,"long pointed rostrum, claw"
CYAG_6,7/26/18,1/16/19,MB,0.11132,0.10979,2,unidentified,0.09161,1,"very degraded, white/thick and fleshy"
CYAG_6,7/26/18,1/16/19,MB,0.11132,0.10979,3,unidentified isopod,,3,too small to weigh
CYAG_7,7/26/18,1/16/19,MB,0.04356,0.02316,1,unidentified,0.02316,1,"possible invert, no appendages or claws, two unattached eyeballs"
CYAG_8,7/26/18,1/22/19,MB,0.1833,0.1822,1,unidentified decapod,0.00864,3,"segmented body, biramous appendages, antenna"
CYAG_8,7/26/18,1/22/19,MB,0.1833,0.1822,2,unidentified decapod,,2,"exoskeleton of decapod, segmented body, no head, biramous appendages"
CYAG_8,7/26/18,1/22/19,MB,0.1833,0.1822,3,unidentified decapod,0.00235,3,"segmented body, biramous appendages, antenna"
CYAG_8,7/26/18,1/22/19,MB,0.1833,0.1822,4,rock,0.00235,5,
CYAG_8,7/26/18,1/22/19,MB,0.1833,0.1822,5,rock,,5,
CYAG_8,7/26/18,1/22/19,MB,0.1833,0.1822,6,rock,,5,
CYAG_8,7/26/18,1/22/19,MB,0.1833,0.1822,7,unidentified crustacean,0.05059,2,"unattached appendages, half segmented bodies"
CYAG_8,7/26/18,1/22/19,MB,0.1833,0.1822,8,unidentified isopod,0.00277,4,bean shaped body
CYAG_8,7/26/18,1/22/19,MB,0.1833,0.1822,9,cephalopod eye,0.00333,3,looks like cephalopod eye socket
CYAG_8,7/26/18,1/22/19,MB,0.1833,0.1822,10,unidentified,0.11452,2,
CYAG_9,7/26/18,1/16/19,MB,0.12525,0.11016,1,unidentified,0.11016,1,
LEAR_1,6/27/2018,11/30/2018,"WR,MS,MB",0.6565,0.5965,1,hermit crab,0.4862,4,abdomen separate but pooled with main body
LEAR_1,6/27/2018,11/30/2018,"WR,MS,MB",0.6565,0.5965,2,winged ant,0.0005,5,
LEAR_1,6/27/2018,11/30/2018,"WR,MS,MB",0.6565,0.5965,3,crab gateric mill,0.0521,3,
LEAR_1,6/27/2018,11/30/2018,"WR,MS,MB",0.6565,0.5965,4,crab gateric mill,,3,
LEAR_1,6/27/2018,11/30/2018,"WR,MS,MB",0.6565,0.5965,5,gammarid amphipod,0.01392,5,
LEAR_1,6/27/2018,11/30/2018,"WR,MS,MB",0.6565,0.5965,6,gammarid amphipod,,3,
LEAR_1,6/27/2018,11/30/2018,"WR,MS,MB",0.6565,0.5965,7,gammarid amphipod,,3,
LEAR_1,6/27/2018,11/30/2018,"WR,MS,MB",0.6565,0.5965,8,gammarid amphipod,,3,
LEAR_1,6/27/2018,11/30/2018,"WR,MS,MB",0.6565,0.5965,9,gammarid amphipod,,2,
LEAR_1,6/27/2018,11/30/2018,"WR,MS,MB",0.6565,0.5965,10,pill bug,0.02327,3,
LEAR_1,6/27/2018,11/30/2018,"WR,MS,MB",0.6565,0.5965,11,pill bug,,3,
LEAR_1,6/27/2018,11/30/2018,"WR,MS,MB",0.6565,0.5965,12,unidentified invertebrates,0.001,2,
LEAR_1,6/27/2018,11/30/2018,"WR,MS,MB",0.6565,0.5965,13,unidentified,0.01957,2,
LEAR_10,7/22/2018,12/13/2018,MS,0.5436,0.53868,1,cancer crab,0.1033,4,carapace looks like a cancer crab but legs and claws are missing
LEAR_10,7/22/2018,12/13/2018,MS,0.5436,0.53868,2,unidentified crab,0.15134,3,looks similar to first crab but it is more digested
LEAR_10,7/22/2018,12/13/2018,MS,0.5436,0.53868,3,unidentified invertebrates,0.28404,2,mainly crab pieces 
LEAR_11,7/26/2018,12/13/2018,MS,1.4176,1.41187,1,unidentified shrimp,0.38885,3,either pandalus or crangon its head and legs are mangled
LEAR_11,7/26/2018,12/13/2018,MS,1.4176,1.41187,2,crangon,0.07815,5,
LEAR_11,7/26/2018,12/13/2018,MS,1.4176,1.41187,3,unidentified crab,0.93803,5,only hind legs present likely belong to a red rock or dungeness
LEAR_11,7/26/2018,12/13/2018,MS,1.4176,1.41187,4,stick,0.00579,5,small twig
LEAR_11,7/26/2018,12/13/2018,MS,1.4176,1.41187,5,unidentified shrimp,0.00105,2,only small eyes remain
LEAR_12,7/26/2018,12/17/2018,MS,0.6342,0.61051,1,pill bug,0.03511,3,
LEAR_12,7/26/2018,12/17/2018,MS,0.6342,0.61051,2,unidentified,0.5754,2,It looks like it possibly ate a crab or a shrimp
LEAR_13,7/26/2018,12/17/2018,MS,0.3886,0.36877,1,gammarid amphipod,0.07495,4,
LEAR_13,7/26/2018,12/17/2018,MS,0.3886,0.36877,2,gammarid amphipod,,4,
LEAR_13,7/26/2018,12/17/2018,MS,0.3886,0.36877,3,gammarid amphipod,,3,
LEAR_13,7/26/2018,12/17/2018,MS,0.3886,0.36877,4,unidentified crab,0.08806,2,wendel decided it was a crab body
LEAR_13,7/26/2018,12/17/2018,MS,0.3886,0.36877,5,unidentified,0.20576,2,
LEAR_14,7/27/2018,12/17/2018,MS,4.3087,3.96644,1,unidentified fish,0.07287,2,only a spine
LEAR_14,7/27/2018,12/17/2018,MS,4.3087,3.96644,2,unidentified fish,0.12758,2,only a spine
LEAR_14,7/27/2018,12/17/2018,MS,4.3087,3.96644,3,unidentified fish,2.48725,4,only a spine
LEAR_14,7/27/2018,12/17/2018,MS,4.3087,3.96644,4,unidentified,0.92456,2,
LEAR_14,7/27/2018,12/17/2018,MS,4.3087,3.96644,5,pandalus shrimp,0.0776,3,
LEAR_14,7/27/2018,12/17/2018,MS,4.3087,3.96644,6,unidentified fish,0.27658,2,shiny mush
LEAR_15,7/27/2018,12/17/2018,MS,8.03333,7.63943,1,telmessus,0.34938,5,
LEAR_15,7/27/2018,12/17/2018,MS,8.03333,7.63943,2,pandalus shrimp,3.5545,5,
LEAR_15,7/27/2018,12/17/2018,MS,8.03333,7.63943,3,crangon,0.18375,4,
LEAR_15,7/27/2018,12/17/2018,MS,8.03333,7.63943,4,crangon,,4,
LEAR_15,7/27/2018,12/17/2018,MS,8.03333,7.63943,5,unidentified shrimp,0.1423,2,likely the bodies from the 2 crangon heads
LEAR_15,7/27/2018,12/17/2018,MS,8.03333,7.63943,6,idotea ,1.35672,4,
LEAR_15,7/27/2018,12/17/2018,MS,8.03333,7.63943,7,idotea ,,4,
LEAR_15,7/27/2018,12/17/2018,MS,8.03333,7.63943,8,idotea ,,4,
LEAR_15,7/27/2018,12/17/2018,MS,8.03333,7.63943,9,idotea ,,4,
LEAR_15,7/27/2018,12/17/2018,MS,8.03333,7.63943,10,idotea ,0.44282,3,
LEAR_15,7/27/2018,12/17/2018,MS,8.03333,7.63943,11,idotea ,,3,
LEAR_15,7/27/2018,12/17/2018,MS,8.03333,7.63943,12,idotea ,,3,
LEAR_15,7/27/2018,12/17/2018,MS,8.03333,7.63943,13,three spine stickleback,0.77753,4,
LEAR_15,7/27/2018,12/17/2018,MS,8.03333,7.63943,14,three spine stickleback,,4,
LEAR_15,7/27/2018,12/17/2018,MS,8.03333,7.63943,15,three spine stickleback,,4,
LEAR_15,7/27/2018,12/17/2018,MS,8.03333,7.63943,16,three spine stickleback,,4,
LEAR_15,7/27/2018,12/17/2018,MS,8.03333,7.63943,17,three spine stickleback,,4,
LEAR_15,7/27/2018,12/17/2018,MS,8.03333,7.63943,18,three spine stickleback,,4,
LEAR_15,7/27/2018,12/17/2018,MS,8.03333,7.63943,19,three spine stickleback,,4,
LEAR_15,7/27/2018,12/17/2018,MS,8.03333,7.63943,20,three spine stickleback,,4,
LEAR_15,7/27/2018,12/17/2018,MS,8.03333,7.63943,21,three spine stickleback,,4,
LEAR_15,7/27/2018,12/17/2018,MS,8.03333,7.63943,22,three spine stickleback,,4,
LEAR_15,7/27/2018,12/17/2018,MS,8.03333,7.63943,23,three spine stickleback,,4,
LEAR_15,7/27/2018,12/17/2018,MS,8.03333,7.63943,24,three spine stickleback,,4,
LEAR_15,7/27/2018,12/17/2018,MS,8.03333,7.63943,25,three spine stickleback,,4,
LEAR_15,7/27/2018,12/17/2018,MS,8.03333,7.63943,26,three spine stickleback,,4,
LEAR_15,7/27/2018,12/17/2018,MS,8.03333,7.63943,27,three spine stickleback,,4,
LEAR_15,7/27/2018,12/17/2018,MS,8.03333,7.63943,28,three spine stickleback,,4,
LEAR_15,7/27/2018,12/17/2018,MS,8.03333,7.63943,29,three spine stickleback,,4,
LEAR_15,7/27/2018,12/17/2018,MS,8.03333,7.63943,30,three spine stickleback,,4,
LEAR_15,7/27/2018,12/17/2018,MS,8.03333,7.63943,31,three spine stickleback,,4,
LEAR_15,7/27/2018,12/17/2018,MS,8.03333,7.63943,32,unidentified fish,0.05468,2,longer than all the three spine sticklebacks
LEAR_15,7/27/2018,12/17/2018,MS,8.03333,7.63943,33,three spine stickleback,0.125339,3,
LEAR_15,7/27/2018,12/17/2018,MS,8.03333,7.63943,34,three spine stickleback,,3,
LEAR_15,7/27/2018,12/17/2018,MS,8.03333,7.63943,35,three spine stickleback,,3,
LEAR_15,7/27/2018,12/17/2018,MS,8.03333,7.63943,36,three spine stickleback,,3,
LEAR_15,7/27/2018,12/17/2018,MS,8.03333,7.63943,37,unidentified fish,0.59558,2,
LEAR_15,7/27/2018,12/17/2018,MS,8.03333,7.63943,38,pandalus shrimp,0.05678,5,
LEAR_16,7/27/2018,12/17/2018,MS,7.75147,7.53004,1,seagrass,0.14282,4,
LEAR_16,7/27/2018,12/17/2018,MS,7.75147,7.53004,2,three spine stickleback,1.99217,5,
LEAR_16,7/27/2018,12/17/2018,MS,7.75147,7.53004,3,unidentified fish,0.42337,2,
LEAR_16,7/27/2018,12/17/2018,MS,7.75147,7.53004,4,unidentified invertebrates,0.36609,2,
LEAR_16,7/27/2018,12/17/2018,MS,7.75147,7.53004,5,idotea ,0.18084,2,
LEAR_16,7/27/2018,12/17/2018,MS,7.75147,7.53004,6,unidentified fish,0.16513,3,
LEAR_16,7/27/2018,12/17/2018,MS,7.75147,7.53004,7,algae,0.10823,5,
LEAR_16,7/27/2018,12/17/2018,MS,7.75147,7.53004,8,crangon,0.68049,4,
LEAR_16,7/27/2018,12/17/2018,MS,7.75147,7.53004,9,pandalus shrimp,0.31809,3,
LEAR_16,7/27/2018,12/17/2018,MS,7.75147,7.53004,10,unidentified shrimp,1.76451,2,
LEAR_16,7/27/2018,12/17/2018,MS,7.75147,7.53004,11,unidentified,1.3883,2,
LEAR_17,7/27/2018,12/17/2018,MS,5.91423,5.35845,1,unidentified fish,0.55202,2,
LEAR_17,7/27/2018,12/17/2018,MS,5.91423,5.35845,2,unidentified shrimp,0.30214,2,
LEAR_17,7/27/2018,12/17/2018,MS,5.91423,5.35845,3,unidentified ,2.77625,2,
LEAR_17,7/27/2018,12/17/2018,MS,5.91423,5.35845,4,crangon,0.08429,4,
LEAR_17,7/27/2018,12/17/2018,MS,5.91423,5.35845,5,pandalus shrimp,0.40362,4,
LEAR_17,7/27/2018,12/17/2018,MS,5.91423,5.35845,6,three spine stickleback,0.34678,4,
LEAR_17,7/27/2018,12/17/2018,MS,5.91423,5.35845,7,three spine stickleback,,4,
LEAR_17,7/27/2018,12/17/2018,MS,5.91423,5.35845,8,three spine stickleback,,4,
LEAR_17,7/27/2018,12/17/2018,MS,5.91423,5.35845,9,three spine stickleback,,4,
LEAR_17,7/27/2018,12/17/2018,MS,5.91423,5.35845,10,three spine stickleback,,4,
LEAR_17,7/27/2018,12/17/2018,MS,5.91423,5.35845,11,three spine stickleback,,4,
LEAR_17,7/27/2018,12/17/2018,MS,5.91423,5.35845,12,three spine stickleback,,4,
LEAR_17,7/27/2018,12/17/2018,MS,5.91423,5.35845,13,snake prickleback,0.87958,5,
LEAR_17,7/27/2018,12/17/2018,MS,5.91423,5.35845,14,mysidacea,0.01377,5,
LEAR_18,7/27/2018,12/17/2018,MS,0.38501,0.32228,1,idotea ,0.18159,3,
LEAR_18,7/27/2018,12/17/2018,MS,0.38501,0.32228,2,unidentified fish,0.02044,2,only a fleshy spine left 
LEAR_18,7/27/2018,12/17/2018,MS,0.38501,0.32228,3,unidentified,0.12025,2,
LEAR_19,7/27/2018,12/17/2018,MS,0.31922,0.26765,1,gammarid amphipod,0.01944,3,
LEAR_19,7/27/2018,12/17/2018,MS,0.31922,0.26765,2,unidentified,0.13635,2,
LEAR_19,7/27/2018,12/17/2018,MS,0.31922,0.26765,3,bivalve,0.11186,5,siphon
LEAR_2,6/27/2018,12/6/2018,MS,2.15934,1.91501,1,pill bug,0.8089,5,
LEAR_2,6/27/2018,12/6/2018,MS,2.15934,1.91501,2,pill bug,,5,
LEAR_2,6/27/2018,12/6/2018,MS,2.15934,1.91501,3,pill bug,,4,
LEAR_2,6/27/2018,12/6/2018,MS,2.15934,1.91501,4,pill bug,,3,
LEAR_2,6/27/2018,12/6/2018,MS,2.15934,1.91501,5,pill bug,,5,
LEAR_2,6/27/2018,12/6/2018,MS,2.15934,1.91501,6,pill bug,,4,
LEAR_2,6/27/2018,12/6/2018,MS,2.15934,1.91501,7,pill bug,,4,
LEAR_2,6/27/2018,12/6/2018,MS,2.15934,1.91501,8,pill bug,,4,
LEAR_2,6/27/2018,12/6/2018,MS,2.15934,1.91501,9,pill bug,,3,
LEAR_2,6/27/2018,12/6/2018,MS,2.15934,1.91501,10,pill bug,,4,
LEAR_2,6/27/2018,12/6/2018,MS,2.15934,1.91501,11,pill bug,,3,
LEAR_2,6/27/2018,12/6/2018,MS,2.15934,1.91501,12,pill bug,,4,
LEAR_2,6/27/2018,12/6/2018,MS,2.15934,1.91501,13,pill bug,,3,
LEAR_2,6/27/2018,12/6/2018,MS,2.15934,1.91501,14,pill bug,,3,
LEAR_2,6/27/2018,12/6/2018,MS,2.15934,1.91501,15,pill bug,,4,
LEAR_2,6/27/2018,12/6/2018,MS,2.15934,1.91501,16,pill bug,,4,
LEAR_2,6/27/2018,12/6/2018,MS,2.15934,1.91501,17,pill bug,,4,
LEAR_2,6/27/2018,12/6/2018,MS,2.15934,1.91501,18,pill bug,,3,
LEAR_2,6/27/2018,12/6/2018,MS,2.15934,1.91501,19,pill bug,,4,
LEAR_2,6/27/2018,12/6/2018,MS,2.15934,1.91501,20,algae,0.02685,4,likely ulva
LEAR_2,6/27/2018,12/6/2018,MS,2.15934,1.91501,21,crab gateric mill,0.02035,3,
LEAR_2,6/27/2018,12/6/2018,MS,2.15934,1.91501,22,dungeness crab,0.5789,5,
LEAR_2,6/27/2018,12/6/2018,MS,2.15934,1.91501,23,dungeness crab,,5,
LEAR_2,6/27/2018,12/6/2018,MS,2.15934,1.91501,24,dungeness crab,,4,
LEAR_2,6/27/2018,12/6/2018,MS,2.15934,1.91501,25,dungeness crab,,4,
LEAR_2,6/27/2018,12/6/2018,MS,2.15934,1.91501,26,pandalus shrimp,0.24351,5,
LEAR_2,6/27/2018,12/6/2018,MS,2.15934,1.91501,27,bivalve,0.15638,5,siphon
LEAR_2,6/27/2018,12/6/2018,MS,2.15934,1.91501,28,gammarid amphipod,0.00389,3,
LEAR_2,6/27/2018,12/6/2018,MS,2.15934,1.91501,29,unidentified,0.06998,2,
LEAR_2,6/27/2018,12/6/2018,MS,2.15934,1.91501,30,rocks,0.00625,6,
LEAR_20,7/28/2018,12/17/2018,MS,0.71682,0.70972,1,unidentified fish,0.70972,2,
LEAR_21,7/28/2018,12/17/2018,MS,0.20603,0.16788,1,gammarid amphipod,0.00153,3,only a head
LEAR_21,7/28/2018,12/17/2018,MS,0.20603,0.16788,2,gammarid amphipod,,3,only a head
LEAR_21,7/28/2018,12/17/2018,MS,0.20603,0.16788,3,gammarid amphipod,,3,only a head
LEAR_21,7/28/2018,12/17/2018,MS,0.20603,0.16788,4,gammarid amphipod,,4,whole body
LEAR_21,7/28/2018,12/17/2018,MS,0.20603,0.16788,5,snake prickleback,0.05705,3,
LEAR_21,7/28/2018,12/17/2018,MS,0.20603,0.16788,6,staghorn sculpin,0.02824,4,
LEAR_21,7/28/2018,12/17/2018,MS,0.20603,0.16788,7,unidentified,0.08106,2,
LEAR_22,7/28/2018,12/17/2018,MS,0.0884,0.07871,1,pill bug,0.01311,3,
LEAR_22,7/28/2018,12/17/2018,MS,0.0884,0.07871,2,unidentified invertebrates,0.0656,2,contains shrimp legs
LEAR_23,7/28/2018,12/18/2018,MS,2.43078,2.37882,1,pandalus shrimp,2.29162,5,
LEAR_23,7/28/2018,12/18/2018,MS,2.43078,2.37882,2,unidentified,0.0872,2,
LEAR_24,7/28/2018,12/18/2018,MS,1.70538,1.26126,1,hermit crab,0.11855,4,
LEAR_24,7/28/2018,12/18/2018,MS,1.70538,1.26126,2,hermit crab,0.17226,3,
LEAR_24,7/28/2018,12/18/2018,MS,1.70538,1.26126,3,unidentified crab,0.31729,2,likely another hemigrapsus
LEAR_24,7/28/2018,12/18/2018,MS,1.70538,1.26126,4,hemigrapsus oregonensis,0.09571,4,
LEAR_24,7/28/2018,12/18/2018,MS,1.70538,1.26126,5,staghorn sculpin,0.33445,5,
LEAR_24,7/28/2018,12/18/2018,MS,1.70538,1.26126,6,hippolyte,0.0414,4,
LEAR_24,7/28/2018,12/18/2018,MS,1.70538,1.26126,7,unidentified invertebrates,0.1816,2,
LEAR_25,7/28/2018,12/21/2018,MS,0.03347,0.02794,1,gammarid amphipod,0.00314,3,
LEAR_25,7/28/2018,12/21/2018,MS,0.03347,0.02794,2,gammarid amphipod,,3,
LEAR_25,7/28/2018,12/21/2018,MS,0.03347,0.02794,3,gammarid amphipod,,3,
LEAR_25,7/28/2018,12/21/2018,MS,0.03347,0.02794,4,gammarid amphipod,,3,
LEAR_25,7/28/2018,12/21/2018,MS,0.03347,0.02794,5,rocks,0.00174,6,
LEAR_25,7/28/2018,12/21/2018,MS,0.03347,0.02794,6,unidentified invertebrates,0.02306,2,
LEAR_26,7/28/2018,12/21/2018,MS,0.62582,0.45338,1,rocks,0.03148,6,
LEAR_26,7/28/2018,12/21/2018,MS,0.62582,0.45338,2,three spine stickleback,0.12235,4,
LEAR_26,7/28/2018,12/21/2018,MS,0.62582,0.45338,3,three spine stickleback,,4,
LEAR_26,7/28/2018,12/21/2018,MS,0.62582,0.45338,4,three spine stickleback,,4,
LEAR_26,7/28/2018,12/21/2018,MS,0.62582,0.45338,5,tubesnout,0.14983,5,
LEAR_26,7/28/2018,12/21/2018,MS,0.62582,0.45338,6,hippolyte,0.01811,4,
LEAR_26,7/28/2018,12/21/2018,MS,0.62582,0.45338,7,hippolyte,,4,
LEAR_26,7/28/2018,12/21/2018,MS,0.62582,0.45338,8,unidentified fish,0.0209,2,likely another three spine stickleback
LEAR_26,7/28/2018,12/21/2018,MS,0.62582,0.45338,9,unidentified,0.11071,2,
LEAR_27,7/28/2018,12/21/2018,MS,0.02928,0.02922,1,pill bug,0.00334,4,
LEAR_27,7/28/2018,12/21/2018,MS,0.02928,0.02922,2,unidentified invertebrates,0.01802,2,
LEAR_27,7/28/2018,12/21/2018,MS,0.02928,0.02922,3,rocks,0.00763,6,
LEAR_27,7/28/2018,12/21/2018,MS,0.02928,0.02922,4,oligochaeta,0.00023,5,
LEAR_28,7/29/2018,12/21/2018,MS,5.1011,4.58899,1,sand lance,1.86585,4,
LEAR_28,7/29/2018,12/21/2018,MS,5.1011,4.58899,2,unidentified fish,2.56089,3,these are likely sand lance because they look the same as the other fish but they had no face making it difficult to id
LEAR_28,7/29/2018,12/21/2018,MS,5.1011,4.58899,3,unidentified vertebrates,0.16225,2,
LEAR_29,7/29/2018,12/21/2018,MS,5.75765,5.39821,1,unidentified fish,5.39821,3,"seriously digested! no tails remain or jaw, eyes look large and scales are iridescent, could be a sand lance. looks like they might have been 4 individuals eaten"
LEAR_3,6/27/2018,12/6/2018,MS,0.9289,0.90392,1,annelid worm,0.04483,5,
LEAR_3,6/27/2018,12/6/2018,MS,0.9289,0.90392,2,gammarid amphipod,0.0394,5,
LEAR_3,6/27/2018,12/6/2018,MS,0.9289,0.90392,3,gammarid amphipod,,4,
LEAR_3,6/27/2018,12/6/2018,MS,0.9289,0.90392,4,gammarid amphipod,,4,
LEAR_3,6/27/2018,12/6/2018,MS,0.9289,0.90392,5,gammarid amphipod,,3,
LEAR_3,6/27/2018,12/6/2018,MS,0.9289,0.90392,6,gammarid amphipod,,3,
LEAR_3,6/27/2018,12/6/2018,MS,0.9289,0.90392,7,gammarid amphipod,,3,
LEAR_3,6/27/2018,12/6/2018,MS,0.9289,0.90392,8,pill bug,0.19906,4,
LEAR_3,6/27/2018,12/6/2018,MS,0.9289,0.90392,9,pill bug,,4,
LEAR_3,6/27/2018,12/6/2018,MS,0.9289,0.90392,10,pill bug,,3,
LEAR_3,6/27/2018,12/6/2018,MS,0.9289,0.90392,11,pill bug,,3,
LEAR_3,6/27/2018,12/6/2018,MS,0.9289,0.90392,12,pill bug,,3,
LEAR_3,6/27/2018,12/6/2018,MS,0.9289,0.90392,13,unidentified invertebrates,0.62063,2,It looks like most of this came from the pill bugs
LEAR_30,7/29/2018,12/21/2018,MS,1.28151,1.07208,1,unidentified fish,0.2269,3,"no tail or head, long skinny body fleshy spine"
LEAR_30,7/29/2018,12/21/2018,MS,1.28151,1.07208,2,unidentified fish,0.5169,3,"no tail or head, long skinny body fleshy spine"
LEAR_30,7/29/2018,12/21/2018,MS,1.28151,1.07208,3,pandalus shrimp,0.32828,5,
LEAR_31,7/29/2018,12/31/2018,MS,0.2884,0.28729,1,unidentified fish,0.15483,2,no head iridescent scales present
LEAR_31,7/29/2018,12/31/2018,MS,0.2884,0.28729,2,unidentified,0.12507,2,
LEAR_31,7/29/2018,12/31/2018,MS,0.2884,0.28729,3,polychaete,0.00549,3,professor confirmed it was a polychaete
LEAR_31,7/29/2018,12/31/2018,MS,0.2884,0.28729,4,rocks,0.0019,6,
LEAR_32,7/29/2018,12/31/2018,MS,2.88647,2.70284,1,sand lance,2.70284,4,
LEAR_32,7/29/2018,12/31/2018,MS,2.88647,2.70284,2,sand lance,,4,
LEAR_32,7/29/2018,12/31/2018,MS,2.88647,2.70284,3,sand lance,,4,
LEAR_32,7/29/2018,12/31/2018,MS,2.88647,2.70284,4,sand lance,,4,
LEAR_33,7/29/2018,12/31/2018,MS,0.0247,0.0247,1,unidentified,0.0247,2,some scales present no bones just mushy meat
LEAR_34,7/29/2018,12/31/2018,MS,3.28506,2.71133,1,rocks,0.62339,6,a lot of rocks present
LEAR_34,7/29/2018,12/31/2018,MS,3.28506,2.71133,2,pandalus shrimp,0.13143,3,
LEAR_34,7/29/2018,12/31/2018,MS,3.28506,2.71133,3,crangon,0.60923,4,
LEAR_34,7/29/2018,12/31/2018,MS,3.28506,2.71133,4,unidentified fish,0.10272,3,"3 otoliths present, only fleshy bones left no head tail or fins"
LEAR_34,7/29/2018,12/31/2018,MS,3.28506,2.71133,5,unidentified invertebrates,0.05447,2,
LEAR_34,7/29/2018,12/31/2018,MS,3.28506,2.71133,6,unidentified,0.79744,2,
LEAR_34,7/29/2018,12/31/2018,MS,3.28506,2.71133,7,shell fragments,0.02854,5,one piece looks like a blue mussel shell
LEAR_34,7/29/2018,12/31/2018,MS,3.28506,2.71133,8,unidentified shrimp,0.04068,3,"3 faces, 2 bodies non are identifiable"
LEAR_34,7/29/2018,12/31/2018,MS,3.28506,2.71133,9,unidentified shrimp,,3,
LEAR_34,7/29/2018,12/31/2018,MS,3.28506,2.71133,10,unidentified shrimp,,3,
LEAR_34,7/29/2018,12/31/2018,MS,3.28506,2.71133,11,gastropod shell,0.32343,5,was full of fish pieces
LEAR_35,7/30/2018,1/2/2019,MS,0.07432,0.07409,1,pill bug,0.0336,5,
LEAR_35,7/30/2018,1/2/2019,MS,0.07432,0.07409,2,unidentified invertebrates,0.038,2,
LEAR_35,7/30/2018,1/2/2019,MS,0.07432,0.07409,3,algae,0.00249,5,
LEAR_36,7/30/2018,1/2/2019,MS,0.13617,0.10019,1,nereid ,0.02564,5,
LEAR_36,7/30/2018,1/2/2019,MS,0.13617,0.10019,2,telmessus,0.03299,3,
LEAR_36,7/30/2018,1/2/2019,MS,0.13617,0.10019,3,unidentified,0.03935,2,
LEAR_36,7/30/2018,1/2/2019,MS,0.13617,0.10019,4,rocks,0.0012,6,
LEAR_36,7/30/2018,1/2/2019,MS,0.13617,0.10019,5,stick,0.00101,6,
LEAR_37,7/30/2018,1/2/2019,MS,0.00112,0.00109,1,rocks,0.00106,6,3 rocks
LEAR_37,7/30/2018,1/2/2019,MS,0.00112,0.00109,2,unidentified,0.00003,2,small piece of something fleshy
LEAR_38,7/30/2018,1/2/2019,MS,0.15449,0.1466,1,unidentified invertebrates,0.00908,2,
LEAR_38,7/30/2018,1/2/2019,MS,0.15449,0.1466,2,unidentified fish,0.13752,3,"no head or tail, fleshy spine with long slender body"
LEAR_39,7/30/2018,1/2/2019,MS,0.10132,0.09787,1,pill bug,0.05052,4,
LEAR_39,7/30/2018,1/2/2019,MS,0.10132,0.09787,2,pill bug,,3,
LEAR_39,7/30/2018,1/2/2019,MS,0.10132,0.09787,3,pill bug,,3,
LEAR_39,7/30/2018,1/2/2019,MS,0.10132,0.09787,4,unidentified invertebrates,0.0392,2,
LEAR_39,7/30/2018,1/2/2019,MS,0.10132,0.09787,5,algae,0.00028,5,
LEAR_39,7/30/2018,1/2/2019,MS,0.10132,0.09787,6,rocks,0.00787,6,
LEAR_4,6/27/2018,12/6/2018,MS,2.7028,2.6929,1,unidentified shrimp,0.01021,3,small missing its head
LEAR_4,6/27/2018,12/6/2018,MS,2.7028,2.6929,2,pandalus shrimp,1.5184,5,
LEAR_4,6/27/2018,12/6/2018,MS,2.7028,2.6929,3,pandalus shrimp,,4,
LEAR_4,6/27/2018,12/6/2018,MS,2.7028,2.6929,4,pandalus shrimp,,3,
LEAR_4,6/27/2018,12/6/2018,MS,2.7028,2.6929,5,pandalus shrimp,,2,
LEAR_4,6/27/2018,12/6/2018,MS,2.7028,2.6929,6,hermit crab,0.5634,3,
LEAR_4,6/27/2018,12/6/2018,MS,2.7028,2.6929,7,unidentified crab,0.08417,3,not enough left for identification
LEAR_4,6/27/2018,12/6/2018,MS,2.7028,2.6929,8,pill bug,0.01165,4,
LEAR_4,6/27/2018,12/6/2018,MS,2.7028,2.6929,9,gammarid amphipod,0.0243,3,
LEAR_4,6/27/2018,12/6/2018,MS,2.7028,2.6929,10,gammarid amphipod,,3,
LEAR_4,6/27/2018,12/6/2018,MS,2.7028,2.6929,11,gammarid amphipod,,5,
LEAR_4,6/27/2018,12/6/2018,MS,2.7028,2.6929,12,unidentified,0.47609,2,
LEAR_40,7/30/2018,1/3/2019,MS,0.60364,0.52824,1,pandalus shrimp,0.26084,5,
LEAR_40,7/30/2018,1/3/2019,MS,0.60364,0.52824,2,pandalus shrimp,,5,
LEAR_40,7/30/2018,1/3/2019,MS,0.60364,0.52824,3,pandalus shrimp,,4,
LEAR_40,7/30/2018,1/3/2019,MS,0.60364,0.52824,4,gammarid amphipod,0.00919,5,
LEAR_40,7/30/2018,1/3/2019,MS,0.60364,0.52824,5,gammarid amphipod,,5,
LEAR_40,7/30/2018,1/3/2019,MS,0.60364,0.52824,6,gammarid amphipod,,3,
LEAR_40,7/30/2018,1/3/2019,MS,0.60364,0.52824,7,algae,0.01379,5,
LEAR_40,7/30/2018,1/3/2019,MS,0.60364,0.52824,8,unidentified,0.24442,2,
LEAR_41,7/30/2018,1/3/2019,MS,0.55504,0.49074,1,pandalus shrimp,0.09896,4,
LEAR_41,7/30/2018,1/3/2019,MS,0.55504,0.49074,2,rocks,0.00577,6,
LEAR_41,7/30/2018,1/3/2019,MS,0.55504,0.49074,3,unidentified invertebrates,0.06898,2,
LEAR_41,7/30/2018,1/3/2019,MS,0.55504,0.49074,4,unidentified,0.29562,2,
LEAR_41,7/30/2018,1/3/2019,MS,0.55504,0.49074,5,stick,0.00766,6,looks like pieces of bark and sticks 
LEAR_41,7/30/2018,1/3/2019,MS,0.55504,0.49074,6,pill bug,0.01952,3,
LEAR_42,7/30/2018,1/3/2019,MS,0.15466,0.12571,1,isopod,0.00152,3,
LEAR_42,7/30/2018,1/3/2019,MS,0.15466,0.12571,2,crescent gunnel,0.08886,4,
LEAR_42,7/30/2018,1/3/2019,MS,0.15466,0.12571,3,polychaete,0.03416,3,
LEAR_42,7/30/2018,1/3/2019,MS,0.15466,0.12571,4,rocks,0.00117,6,
LEAR_43,7/30/2018,1/3/2019,MS,0.38666,0.32738,1,unidentified crab,0.05112,2,all that is left are legs and one claw that looks like it might be from a tellemessus
LEAR_43,7/30/2018,1/3/2019,MS,0.38666,0.32738,2,pill bug,0.0394,4,
LEAR_43,7/30/2018,1/3/2019,MS,0.38666,0.32738,3,pill bug,,4,
LEAR_43,7/30/2018,1/3/2019,MS,0.38666,0.32738,4,unidentified,0.17486,2,
LEAR_43,7/30/2018,1/3/2019,MS,0.38666,0.32738,5,unidentified invertebrates,0.02413,2,
LEAR_43,7/30/2018,1/3/2019,MS,0.38666,0.32738,6,oligochaeta,0.00034,4,
LEAR_43,7/30/2018,1/3/2019,MS,0.38666,0.32738,7,leptochelia,0.00126,5,
LEAR_43,7/30/2018,1/3/2019,MS,0.38666,0.32738,8,leptochelia,,3,
LEAR_43,7/30/2018,1/3/2019,MS,0.38666,0.32738,9,gammarid amphipod,0.03627,4,
LEAR_43,7/30/2018,1/3/2019,MS,0.38666,0.32738,10,gammarid amphipod,,4,
LEAR_43,7/30/2018,1/3/2019,MS,0.38666,0.32738,11,gammarid amphipod,,3,
LEAR_43,7/30/2018,1/3/2019,MS,0.38666,0.32738,12,gammarid amphipod,,3,
LEAR_43,7/30/2018,1/3/2019,MS,0.38666,0.32738,13,gammarid amphipod,,3,
LEAR_44,7/30/2018,1/3/2019,MS,0.13606,0.11718,1,pandalus shrimp,0.00635,3,only a head remaining
LEAR_44,7/30/2018,1/3/2019,MS,0.13606,0.11718,2,idotea ,0.04739,4,only back half present
LEAR_44,7/30/2018,1/3/2019,MS,0.13606,0.11718,3,unidentified crab,0.06344,3,"looks like a tellemesus but it is very digested, no claws left"
LEAR_45,7/30/2018,1/3/2019,MS,0.42128,0.37967,1,pill bug,0.12128,4,
LEAR_45,7/30/2018,1/3/2019,MS,0.42128,0.37967,2,pill bug,,4,
LEAR_45,7/30/2018,1/3/2019,MS,0.42128,0.37967,3,pill bug,,4,
LEAR_45,7/30/2018,1/3/2019,MS,0.42128,0.37967,4,pill bug,,3,
LEAR_45,7/30/2018,1/3/2019,MS,0.42128,0.37967,5,leptochelia,0.00185,5,
LEAR_45,7/30/2018,1/3/2019,MS,0.42128,0.37967,6,leptochelia,,4,
LEAR_45,7/30/2018,1/3/2019,MS,0.42128,0.37967,7,unidentified,0.11639,2,
LEAR_45,7/30/2018,1/3/2019,MS,0.42128,0.37967,8,rocks,0.08375,6,
LEAR_45,7/30/2018,1/3/2019,MS,0.42128,0.37967,9,gastropod shell,0.00217,6,
LEAR_45,7/30/2018,1/3/2019,MS,0.42128,0.37967,10,algae,0.0013,6,
LEAR_45,7/30/2018,1/3/2019,MS,0.42128,0.37967,11,polychaete ,0.00248,4,short mid body fragment
LEAR_45,7/30/2018,1/3/2019,MS,0.42128,0.37967,12,staghorn sculpin,0.05045,4,
LEAR_46,7/30/2018,1/4/2019,MS,0.19261,0.16587,1,unidentified fish,0.00287,2,only a spine
LEAR_46,7/30/2018,1/4/2019,MS,0.19261,0.16587,2,unidentified crab,0.01557,2,only legs left
LEAR_46,7/30/2018,1/4/2019,MS,0.19261,0.16587,3,unidentified,0.09306,2,
LEAR_46,7/30/2018,1/4/2019,MS,0.19261,0.16587,4,polychaete,0.05148,4,only a mid segment
LEAR_46,7/30/2018,1/4/2019,MS,0.19261,0.16587,5,rocks,0.00245,6,
LEAR_46,7/30/2018,1/4/2019,MS,0.19261,0.16587,6,algae,0.00044,6,
LEAR_47,7/30/2018,1/4/2019,MS,0.45009,0.39886,1,pill bug,0.02077,3,
LEAR_47,7/30/2018,1/4/2019,MS,0.45009,0.39886,2,unidentified invertebrates,0.01767,2,
LEAR_47,7/30/2018,1/4/2019,MS,0.45009,0.39886,3,unidentified,0.25784,2,
LEAR_47,7/30/2018,1/4/2019,MS,0.45009,0.39886,4,pandalus shrimp,0.10076,4,
LEAR_47,7/30/2018,1/4/2019,MS,0.45009,0.39886,5,algae,0.00091,6,
LEAR_48,7/30/2018,1/4/2019,MS,0.28603,0.28603,1,dungeness crab,0.028603,3,
LEAR_49,7/30/2018,1/4/2019,MS,3.98338,3.43629,1,snake prickleback,1.06852,5,
LEAR_49,7/30/2018,1/4/2019,MS,3.98338,3.43629,2,shiner perch,1.51878,5,
LEAR_49,7/30/2018,1/4/2019,MS,3.98338,3.43629,3,shiner perch,,3,
LEAR_49,7/30/2018,1/4/2019,MS,3.98338,3.43629,4,hippolyte,0.05258,4,
LEAR_49,7/30/2018,1/4/2019,MS,3.98338,3.43629,5,algae,0.012,6,
LEAR_49,7/30/2018,1/4/2019,MS,3.98338,3.43629,6,unidentified crab,0.245,2,Tiff and wendel both looked at this crab
LEAR_49,7/30/2018,1/4/2019,MS,3.98338,3.43629,7,unidentified,0.32592,2,
LEAR_49,7/30/2018,1/4/2019,MS,3.98338,3.43629,8,cancer crab,0.19665,3,Tiff and wendel both looked at this crab
LEAR_49,7/30/2018,1/4/2019,MS,3.98338,3.43629,9,hexagrammidae,0.01684,4,
LEAR_5,6/27/2018,12/7/2018,MS,2.1586,2.0936,1,gammarid amphipod,,3,only a head too small to weigh
LEAR_5,6/27/2018,12/7/2018,MS,2.1586,2.0936,2,pandalus shrimp,1.34757,5,
LEAR_5,6/27/2018,12/7/2018,MS,2.1586,2.0936,3,unidentified shrimp,0.0322,3,only eyes and part of first body segment left likely pandalus
LEAR_5,6/27/2018,12/7/2018,MS,2.1586,2.0936,4,crab gateric mill,0.0007,4,"gastric mill from 2 crabs weighed together, 4 total pieces"
LEAR_5,6/27/2018,12/7/2018,MS,2.1586,2.0936,5,hermit crab,0.1866,3,only claw remaining
LEAR_5,6/27/2018,12/7/2018,MS,2.1586,2.0936,6,cancer crab,0.20214,3,only claw remaining
LEAR_5,6/27/2018,12/7/2018,MS,2.1586,2.0936,7,unidentified invertebrates,0.32445,2,
LEAR_50,7/31/2018,1/4/2019,MS,0.75461,0.62678,1,unidentified fish,0.16978,3,fleshy spine no head or tail
LEAR_50,7/31/2018,1/4/2019,MS,0.75461,0.62678,2,idotea ,0.2623,5,
LEAR_50,7/31/2018,1/4/2019,MS,0.75461,0.62678,3,unidentified,0.18169,2,
LEAR_50,7/31/2018,1/4/2019,MS,0.75461,0.62678,4,nemertea,0.01301,4,wendel and I agreed this worm was nemertea
LEAR_50,7/31/2018,1/4/2019,MS,0.75461,0.62678,5,unidentified,0.00704,2,"odd bristle type structures, large hard curved at the end and are golden in color. they were all different sizes. "
LEAR_51,7/31/2018,1/4/2019,MS,1.35638,1.33748,1,snake prickleback,1.33748,5,
LEAR_52,7/31/2018,1/7/2019,MS,3.43815,2.94254,1,hippolyte,0.08649,4,
LEAR_52,7/31/2018,1/7/2019,MS,3.43815,2.94254,2,snake prickleback,1.00608,5,
LEAR_52,7/31/2018,1/7/2019,MS,3.43815,2.94254,3,perciformes,1.25333,4,all of these fish are missing heads they are long and slender wendel thinks they could be more snakes
LEAR_52,7/31/2018,1/7/2019,MS,3.43815,2.94254,4,perciformes,,3,
LEAR_52,7/31/2018,1/7/2019,MS,3.43815,2.94254,5,perciformes,,3,
LEAR_52,7/31/2018,1/7/2019,MS,3.43815,2.94254,6,perciformes,,3,
LEAR_52,7/31/2018,1/7/2019,MS,3.43815,2.94254,7,perciformes,,3,
LEAR_52,7/31/2018,1/7/2019,MS,3.43815,2.94254,8,unidentified vertebrates,0.59664,2,fish pieces
LEAR_53,7/31/2018,1/7/2019,MS,1.07233,0.92292,1,snake prickleback,0.57047,3,
LEAR_53,7/31/2018,1/7/2019,MS,1.07233,0.92292,2,perciformes,0.26818,3,no head either a snake or a gunnel
LEAR_53,7/31/2018,1/7/2019,MS,1.07233,0.92292,3,unidentified fish,0.08427,2,
LEAR_54,7/31/2018,1/7/2019,MS,0.82031,0.72881,1,perciformes,0.60868,3,looks like a snake prickleback 
LEAR_54,7/31/2018,1/7/2019,MS,0.82031,0.72881,2,unidentified vertebrates,0.12013,2,fish pieces
LEAR_55,7/31/2018,1/7/2019,MS,1.01627,0.85308,1,pill bug,0.06157,5,
LEAR_55,7/31/2018,1/7/2019,MS,1.01627,0.85308,2,leptochelia ,0.00243,5,
LEAR_55,7/31/2018,1/7/2019,MS,1.01627,0.85308,3,leptochelia ,,5,
LEAR_55,7/31/2018,1/7/2019,MS,1.01627,0.85308,4,leptochelia ,,3,
LEAR_55,7/31/2018,1/7/2019,MS,1.01627,0.85308,5,perciformes,0.61983,4,
LEAR_55,7/31/2018,1/7/2019,MS,1.01627,0.85308,6,perciformes,,4,
LEAR_55,7/31/2018,1/7/2019,MS,1.01627,0.85308,7,unidentified fish,0.10838,3,fleshy spine with a partial head
LEAR_55,7/31/2018,1/7/2019,MS,1.01627,0.85308,8,unidentified vertebrates,0.06087,2,fish pieces
LEAR_56,7/31/2018,1/7/2019,MS,1.24696,1.0176,1,gammarid amphipod,0.04746,5,large gammarid
LEAR_56,7/31/2018,1/7/2019,MS,1.24696,1.0176,2,unidentified fish,0.78393,3,All four fish are very dissolved what remains looks long and skinny probably perciformes
LEAR_56,7/31/2018,1/7/2019,MS,1.24696,1.0176,3,unidentified fish,,3,
LEAR_56,7/31/2018,1/7/2019,MS,1.24696,1.0176,4,unidentified fish,,3,
LEAR_56,7/31/2018,1/7/2019,MS,1.24696,1.0176,5,unidentified fish,,3,
LEAR_56,7/31/2018,1/7/2019,MS,1.24696,1.0176,6,unidentified invertebrates,0.16452,2,fish pieces
LEAR_57,7/31/2018,1/7/2019,MS,2.19644,2.04877,1,snake prickleback,1.37247,5,
LEAR_57,7/31/2018,1/7/2019,MS,2.19644,2.04877,2,seagrass,0.01562,5,
LEAR_57,7/31/2018,1/7/2019,MS,2.19644,2.04877,3,unidentified fish,0.53758,3,These look long and skinny but they are heavily dissolved and are not distinct
LEAR_57,7/31/2018,1/7/2019,MS,2.19644,2.04877,4,unidentified fish,,3,
LEAR_57,7/31/2018,1/7/2019,MS,2.19644,2.04877,5,unidentified invertebrates,0.1231,2,
LEAR_58,7/31/2018,1/8/2019,MS,1.59144,1.48241,1,idotea ,0.20022,3,
LEAR_58,7/31/2018,1/8/2019,MS,1.59144,1.48241,2,snake prickleback,1.02902,4,
LEAR_58,7/31/2018,1/8/2019,MS,1.59144,1.48241,3,unidentified fish,0.17545,3,fleshy spine
LEAR_58,7/31/2018,1/8/2019,MS,1.59144,1.48241,4,unidentified,0.07772,2,
LEAR_59,7/31/2018,1/8/2019,MS,0,0,0,,,,Completely empty stomach
LEAR_6,6/27/2018,12/13/2018,MS,0.55391,0.5154,1,hermit crab,0.4229,3,
LEAR_6,6/27/2018,12/13/2018,MS,0.55391,0.5154,2,gammarid amphipod,0.01635,5,
LEAR_6,6/27/2018,12/13/2018,MS,0.55391,0.5154,3,gammarid amphipod,,3,
LEAR_6,6/27/2018,12/13/2018,MS,0.55391,0.5154,4,gammarid amphipod,,3,
LEAR_6,6/27/2018,12/13/2018,MS,0.55391,0.5154,5,algae,0.00109,5,
LEAR_6,6/27/2018,12/13/2018,MS,0.55391,0.5154,6,gammarid amphipod,,3,
LEAR_6,6/27/2018,12/13/2018,MS,0.55391,0.5154,7,unidentified,0.07506,2,
LEAR_60,7/31/2018,1/8/2019,MS,0.60521,0.48121,1,Unidentified Fish,0.18443,3,Long and skinny nothing much left besides a fleshy spine. Likely perciformes but I can't say for sure
LEAR_60,7/31/2018,1/8/2019,MS,0.60521,0.48121,2,Unidentified Fish,0.21203,3,Long and skinny nothing much left besides a fleshy spine. Likely perciformes but I can't say for sure
LEAR_60,7/31/2018,1/8/2019,MS,0.60521,0.48121,3,Unidentified vertebrates,0.08475,2,fish pieces
LEAR_61,7/31/2018,1/8/19,MS,0.65665,0.65521,1,Crangon,0.65521,5,
LEAR_62,7/31/2018,1/8/2019,MS,3.92504,3.50786,1,Crangon,2.27625,4,
LEAR_62,7/31/2018,1/9/2019,MS,3.92504,3.50786,2,Crangon,,4,
LEAR_62,7/31/2018,1/10/2019,MS,3.92504,3.50786,3,Crangon,,4,
LEAR_62,7/31/2018,1/11/2019,MS,3.92504,3.50786,4,Crangon,,3,
LEAR_62,7/31/2018,1/12/2019,MS,3.92504,3.50786,5,Crangon pieces,,3,various shrimp parts
LEAR_62,7/31/2018,1/13/2019,MS,3.92504,3.50786,6,Unidentified,1.19757,2,
LEAR_62,7/31/2018,1/14/2019,MS,3.92504,3.50786,7,tree bark,0.01392,6,large piece of bark
LEAR_62,7/31/2018,1/15/2019,MS,3.92504,3.50786,8,Pinnotheridae,0.02012,4,JW confirmed
LEAR_63,7/31/2018,1/16/2019,MS,0,0,1,Unidentified,0,2,two pieces of invert that were too small to obtain a mass
LEAR_7,7/22/2018,12/13/2018,MS,0.90175,0.86973,1,plant matter,0.00511,5,looks like a little leaf
LEAR_7,7/22/2018,12/13/2018,MS,0.90175,0.86973,2,unidentified crab,0.03783,2,only legs remaining
LEAR_7,7/22/2018,12/13/2018,MS,0.90175,0.86973,3,unidentified,0.10311,2,
LEAR_7,7/22/2018,12/13/2018,MS,0.90175,0.86973,4,crangon,0.72368,5,
LEAR_8,7/22/2018,12/13/2018,MS,0.41056,0.40023,1,pandalus shrimp,0.40023,2,
LEAR_9,7/22/2018,12/13/2018,MS,1.14414,1.07036,1,pill bug,0.03524,3,
LEAR_9,7/22/2018,12/13/2018,MS,1.14414,1.07036,2,seagrass,0.0272,5,
LEAR_9,7/22/2018,12/13/2018,MS,1.14414,1.07036,3,crangon,0.5863,4,
LEAR_9,7/22/2018,12/13/2018,MS,1.14414,1.07036,4,unidentified crab,0.28125,4,
LEAR_9,7/22/2018,12/13/2018,MS,1.14414,1.07036,5,unidentified,0.12345,2,
LEAR_9,7/22/2018,12/13/2018,MS,1.14414,1.07036,6,nereid worm,0.01692,3,
M01_Q4,4/28/17,1/29/19,MB,0.03088,0.03173,1,lottia pelta,0.00856,3,"hard shell, stripes on edge, spot in middle"
M01_Q4,4/28/17,1/29/19,MB,0.03088,0.03173,2,lottia pelta,,3,
M01_Q4,4/28/17,1/29/19,MB,0.03088,0.03173,3,gammarid amphipod,0.00269,3,"stripes on back, long front antennae, tail"
M01_Q4,4/28/17,1/29/19,MB,0.03088,0.03173,4,unidentified syllidae,0.02048,3,"elongated body, hairy legs, two short antenna, two eyes"
M01_Q4,4/28/17,1/29/19,MB,0.03088,0.03173,5,unidentified syllidae,,3,
M01_Q4,4/28/17,1/29/19,MB,0.03088,0.03173,6,unidentified syllidae,,3,"half a body of syllidae, elongated body, hairy legs"